Area,Actividad,Grupo Poblacional,Establecimiento,Tipo Documento,Sexo,Edad,Etnia,Nivel Estudio
Puntos Vive Digital,primaria,General,CENTRO CULUTRAL LUCY TEJADA,Cédula Ciudadanía,Femenino,80,NA,primaria
Puntos Vive Digital,Tecnico,General,SAN FERNANDO CUBA,Cédula Ciudadanía,Masculino,59,NA,Tecnico
Puntos Vive Digital,Secundaria,General,CENTRO CULUTRAL LUCY TEJADA,Tarjeta de Identidad,Masculino,13,NA,Secundaria
Puntos Vive Digital,Secundaria,General,CENTRO CULUTRAL LUCY TEJADA,Cédula Ciudadanía,Masculino,42,NA,Secundaria
Puntos Vive Digital,secundaria,General,CENTRO CULUTRAL LUCY TEJADA,Cédula Ciudadanía,Femenino,40,NA,secundaria
Puntos Vive Digital,secundaria,General,CENTRO CULUTRAL LUCY TEJADA,Cédula Ciudadanía,Femenino,64,NA,secundaria
Puntos Vive Digital,tecnologico,General,CENTRO CULUTRAL LUCY TEJADA,Cédula Ciudadanía,Masculino,71,NA,tecnologico
Puntos Vive Digital,secundaria,General,CENTRO CULUTRAL LUCY TEJADA,Cédula Ciudadanía,Femenino,31,NA,secundaria
Puntos Vive Digital,universitario,General,CENTRO CULUTRAL LUCY TEJADA,Cédula Ciudadanía,Femenino,62,NA,universitario
Puntos Vive Digital,secundaria,General,CENTRO CULUTRAL LUCY TEJADA,Cédula Ciudadanía,Femenino,54,NA,secundaria
Puntos Vive Digital,tecnico,General,CENTRO CULUTRAL LUCY TEJADA,Cédula Ciudadanía,Femenino,26,NA,tecnico
Puntos Vive Digital,primaria,General,Centro Administrativo La Bella,Tarjeta de Identidad,Femenino,11,NA,primaria
Puntos Vive Digital,Universitario,General,Cra 9 # 16-60 Centro Cultural Lucy Tejada Piso 4,Cédula Ciudadanía,Masculino,61,Afrocolombiano,Universitario
Puntos Vive Digital,Secundaria,General,Calle 70 # 20-63 MZ 6 - San Fernando,Tarjeta de Identidad,Masculino,17,Mestizo,Secundaria
Puntos Vive Digital,Secundaria,General,Calle 70 # 20-63 MZ 6 - San Fernando,Tarjeta de Identidad,Masculino,18,Mestizo,Secundaria
Puntos Vive Digital,tecnico,General,CENTRO CULUTRAL LUCY TEJADA,Cédula Ciudadanía,Masculino,53,NA,tecnico
Puntos Vive Digital,universitario,General,CENTRO CULUTRAL LUCY TEJADA,Cédula Ciudadanía,Femenino,64,NA,universitario
Puntos Vive Digital,primaria,General,Centro Administrativo La Bella,Tarjeta de Identidad,Femenino,11,NA,primaria
Puntos Vive Digital,tecnologico,General,CENTRO CULUTRAL LUCY TEJADA,Cédula Ciudadanía,Masculino,71,Afrocolombiano,tecnologico
Puntos Vive Digital,secundaria,General,CENTRO CULUTRAL LUCY TEJADA,Cédula Ciudadanía,Masculino,24,NA,secundaria
Puntos Vive Digital,universitario,General,CENTRO CULUTRAL LUCY TEJADA,Cédula Ciudadanía,Masculino,68,NA,universitario
Puntos Vive Digital,Primaria,General,Centro Administrativo La Bella,Tarjeta de Identidad,Masculino,11,NA,Primaria
Puntos Vive Digital,primaria,General,Centro Administrativo La Bella,Tarjeta de Identidad,Femenino,10,NA,primaria
Puntos Vive Digital,primaria,General,Centro Administrativo La Bella,Tarjeta de Identidad,Femenino,11,NA,primaria
Puntos Vive Digital,Primaria,General,Centro Administrativo La Bella,Tarjeta de Identidad,Masculino,12,NA,Primaria
Puntos Vive Digital,Primaria,General,CENTRO CULUTRAL LUCY TEJADA,Cédula Ciudadanía,Masculino,53,NA,Primaria
Puntos Vive Digital,Secundaria,General,CENTRO CULUTRAL LUCY TEJADA,Permiso por Protección Temporal,Masculino,23,NA,Secundaria
Puntos Vive Digital,Secundaria,General,CENTRO CULUTRAL LUCY TEJADA,Permiso por Protección Temporal,Masculino,23,NA,Secundaria
Puntos Vive Digital,tecnico,General,CENTRO CULUTRAL LUCY TEJADA,Cédula Ciudadanía,Femenino,31,NA,tecnico
Puntos Vive Digital,Primaria,General,El remanso,Tarjeta de Identidad,Masculino,9,mestizo,Primaria
Puntos Vive Digital,Secundaria,General,El remanso,Cédula Ciudadanía,Masculino,50,mestizo,Secundaria
Puntos Vive Digital,tecnico,General,CENTRO CULUTRAL LUCY TEJADA,Cédula Ciudadanía,Femenino,45,NA,tecnico
Puntos Vive Digital,Secundaria,General,CENTRO CULUTRAL LUCY TEJADA,Cédula Ciudadanía,Masculino,43,NA,Secundaria
Puntos Vive Digital,Primaria,General,El remanso,Tarjeta de Identidad,Masculino,12,NA,Primaria
Puntos Vive Digital,Primaria,General,El remanso,Tarjeta de Identidad,Masculino,10,mestizo,Primaria
Puntos Vive Digital,universitario,General,El remanso,Cédula Ciudadanía,Masculino,35,Afrocolombiano,universitario
Puntos Vive Digital,Primaria,General,Centro de Desarrollo Vecinal Villa Consota,Tarjeta de Identidad,Masculino,1,mestizo,Primaria
Puntos Vive Digital,Secundaria,General,Centro de Desarrollo Vecinal Villa Consota,Tarjeta de Identidad,Masculino,14,Afrocolombiano,Secundaria
Puntos Vive Digital,Secundaria,General,Centro de Desarrollo Vecinal Villa Consota,Tarjeta de Identidad,Masculino,17,Afrocolombiano,Secundaria
Puntos Vive Digital,Secundaria,General,CENTRO CULUTRAL LUCY TEJADA,Cédula Ciudadanía,Masculino,33,NA,Secundaria
Puntos Vive Digital,Tecnico,General,CENTRO CULUTRAL LUCY TEJADA,Cédula Ciudadanía,Masculino,59,NA,Tecnico
Puntos Vive Digital,secundaria,General,CENTRO CULUTRAL LUCY TEJADA,Cédula Ciudadanía,Femenino,53,NA,secundaria
Puntos Vive Digital,Tecnico,General,CENTRO CULUTRAL LUCY TEJADA,Cédula Ciudadanía,Masculino,23,NA,Tecnico
Puntos Vive Digital,secundaria,General,CENTRO CULUTRAL LUCY TEJADA,Cédula Ciudadanía,Femenino,53,NA,secundaria
Puntos Vive Digital,secundaria,General,CENTRO CULUTRAL LUCY TEJADA,Cédula Ciudadanía,Femenino,52,NA,secundaria
Puntos Vive Digital,secundaria,General,CENTRO CULUTRAL LUCY TEJADA,Cédula Ciudadanía,Femenino,54,NA,secundaria
Puntos Vive Digital,Secundaria,General,CENTRO CULUTRAL LUCY TEJADA,Cédula Ciudadanía,Masculino,72,NA,Secundaria
Puntos Vive Digital,secundaria,General,CENTRO CULUTRAL LUCY TEJADA,Cédula Ciudadanía,Femenino,62,NA,secundaria
Puntos Vive Digital,secundaria,General,CENTRO CULUTRAL LUCY TEJADA,Tarjeta de Identidad,Femenino,17,NA,secundaria
Puntos Vive Digital,postgrado,General,CENTRO CULUTRAL LUCY TEJADA,Cédula Ciudadanía,Femenino,38,NA,postgrado
Puntos Vive Digital,Secundaria,General,CENTRO CULUTRAL LUCY TEJADA,Cédula Ciudadanía,Masculino,23,NA,Secundaria
Puntos Vive Digital,Secundaria,General,CENTRO CULUTRAL LUCY TEJADA,Cédula Ciudadanía,Masculino,23,NA,Secundaria
Puntos Vive Digital,tecnico,General,CENTRO CULUTRAL LUCY TEJADA,Cédula Ciudadanía,Femenino,54,NA,tecnico
Puntos Vive Digital,Secundaria,General,CENTRO CULUTRAL LUCY TEJADA,Cédula Ciudadanía,Masculino,41,NA,Secundaria
Puntos Vive Digital,tecnico,General,CENTRO CULUTRAL LUCY TEJADA,Cédula Ciudadanía,Femenino,54,NA,tecnico
Puntos Vive Digital,Primaria,General,Centro de Desarrollo Vecinal Villa Consota,Tarjeta de Identidad,Masculino,8,mestizo,Primaria
Puntos Vive Digital,Primaria,General,Centro de Desarrollo Vecinal Villa Consota,Registro Civil,Masculino,7,Afrocolombiano,Primaria
Puntos Vive Digital,Primaria,General,Centro de Desarrollo Vecinal Villa Consota,Registro Civil,Masculino,7,Afrocolombiano,Primaria
Puntos Vive Digital,universitario,General,CENTRO CULUTRAL LUCY TEJADA,Cédula Ciudadanía,Femenino,55,NA,universitario
Puntos Vive Digital,secundaria,General,CENTRO CULUTRAL LUCY TEJADA,Cédula Ciudadanía,Femenino,62,NA,secundaria
Puntos Vive Digital,tecnico,General,CENTRO CULUTRAL LUCY TEJADA,Cédula Ciudadanía,Femenino,32,NA,tecnico
Puntos Vive Digital,tecnologico,General,CENTRO CULUTRAL LUCY TEJADA,Cédula Ciudadanía,Femenino,46,NA,tecnologico
Puntos Vive Digital,tecnologico,General,SAN FERNANDO CUBA,Cédula Ciudadanía,Femenino,34,NA,tecnologico
Puntos Vive Digital,secundaria,General,SAN FERNANDO CUBA,Cédula Ciudadanía,Femenino,27,NA,secundaria
Puntos Vive Digital,Secundaria,General,SAN FERNANDO CUBA,Cédula Ciudadanía,Masculino,19,NA,Secundaria
Puntos Vive Digital,Secundaria,General,SAN FERNANDO CUBA,Cédula Ciudadanía,Masculino,21,NA,Secundaria
Puntos Vive Digital,secundaria,General,SAN FERNANDO CUBA,Cédula Ciudadanía,Femenino,20,NA,secundaria
Puntos Vive Digital,tecnico,General,SAN FERNANDO CUBA,Cédula Ciudadanía,Femenino,18,NA,tecnico
Puntos Vive Digital,secundaria,General,SAN FERNANDO CUBA,Cédula Ciudadanía,Femenino,18,NA,secundaria
Puntos Vive Digital,universitario,General,SAN FERNANDO CUBA,Cédula Ciudadanía,Femenino,30,NA,universitario
Puntos Vive Digital,secundaria,General,CENTRO CULUTRAL LUCY TEJADA,Cédula Ciudadanía,Femenino,28,NA,secundaria
Puntos Vive Digital,secundaria,General,CENTRO CULUTRAL LUCY TEJADA,Cédula Ciudadanía,Femenino,28,NA,secundaria
Puntos Vive Digital,secundaria,General,SAN FERNANDO CUBA,Cédula Ciudadanía,Femenino,20,NA,secundaria
Puntos Vive Digital,secundaria,General,SAN FERNANDO CUBA,Cédula Ciudadanía,Femenino,18,NA,secundaria
Puntos Vive Digital,secundaria,General,SAN FERNANDO CUBA,Cédula Ciudadanía,Femenino,27,NA,secundaria
Puntos Vive Digital,tecnico,General,SAN FERNANDO CUBA,Tarjeta de Identidad,Femenino,17,NA,tecnico
Puntos Vive Digital,Tecnico,General,SAN FERNANDO CUBA,Cédula Ciudadanía,Masculino,20,NA,Tecnico
Puntos Vive Digital,Tecnico,General,SAN FERNANDO CUBA,Cédula Ciudadanía,Masculino,20,NA,Tecnico
Puntos Vive Digital,primaria,General,CENTRO CULUTRAL LUCY TEJADA,Registro Civil,Femenino,16,NA,primaria
Puntos Vive Digital,secundaria,General,SAN FERNANDO CUBA,Cédula Ciudadanía,Femenino,25,NA,secundaria
Puntos Vive Digital,Secundaria,General,SAN FERNANDO CUBA,Cédula Ciudadanía,Masculino,18,NA,Secundaria
Puntos Vive Digital,secundaria,General,SAN FERNANDO CUBA,Cédula Ciudadanía,Femenino,19,NA,secundaria
Puntos Vive Digital,tecnico,General,SAN FERNANDO CUBA,Cédula Ciudadanía,Femenino,22,NA,tecnico
Puntos Vive Digital,secundaria,General,SAN FERNANDO CUBA,Cédula Ciudadanía,Femenino,34,NA,secundaria
Puntos Vive Digital,secundaria,General,SAN FERNANDO CUBA,Cédula Ciudadanía,Femenino,18,NA,secundaria
Puntos Vive Digital,secundaria,General,SAN FERNANDO CUBA,Cédula Ciudadanía,Femenino,20,NA,secundaria
Puntos Vive Digital,secundaria,General,SAN FERNANDO CUBA,Cédula Ciudadanía,Femenino,27,NA,secundaria
Puntos Vive Digital,Tecnico,General,SAN FERNANDO CUBA,Cédula Ciudadanía,Masculino,18,NA,Tecnico
Puntos Vive Digital,Secundaria,General,SAN FERNANDO CUBA,Cédula Ciudadanía,Masculino,29,NA,Secundaria
Puntos Vive Digital,secundaria,General,CENTRO CULUTRAL LUCY TEJADA,Cédula Ciudadanía,Femenino,35,NA,secundaria
Puntos Vive Digital,secundaria,General,SAN FERNANDO CUBA,Cédula Ciudadanía,Femenino,35,mestizo,secundaria
Puntos Vive Digital,tecnico,General,SAN FERNANDO CUBA,Cédula Ciudadanía,Femenino,18,NA,tecnico
Puntos Vive Digital,secundaria,General,CENTRO CULUTRAL LUCY TEJADA,Cédula Extranjería,Femenino,24,NA,secundaria
Puntos Vive Digital,secundaria,General,SAN FERNANDO CUBA,Cédula Ciudadanía,Femenino,27,NA,secundaria
Puntos Vive Digital,tecnico,General,SAN FERNANDO CUBA,Cédula Ciudadanía,Femenino,21,NA,tecnico
Puntos Vive Digital,postgrado,General,SAN FERNANDO CUBA,Cédula Ciudadanía,Femenino,39,NA,postgrado
Puntos Vive Digital,Tecnico,General,SAN FERNANDO CUBA,Tarjeta de Identidad,Masculino,17,NA,Tecnico
Puntos Vive Digital,secundaria,General,SAN FERNANDO CUBA,Cédula Ciudadanía,Femenino,18,NA,secundaria
Puntos Vive Digital,tecnico,General,SAN FERNANDO CUBA,Cédula Ciudadanía,Femenino,19,NA,tecnico
Puntos Vive Digital,Secundaria,General,SAN FERNANDO CUBA,Cédula Ciudadanía,Masculino,18,NA,Secundaria
Puntos Vive Digital,secundaria,General,SAN FERNANDO CUBA,Cédula Ciudadanía,Femenino,19,NA,secundaria
Puntos Vive Digital,tecnico,General,SAN FERNANDO CUBA,Cédula Ciudadanía,Femenino,18,NA,tecnico
Puntos Vive Digital,tecnico,General,SAN FERNANDO CUBA,Cédula Ciudadanía,Femenino,33,NA,tecnico
Puntos Vive Digital,secundaria,General,SAN FERNANDO CUBA,Cédula Ciudadanía,Femenino,24,NA,secundaria
Puntos Vive Digital,Secundaria,General,CENTRO CULUTRAL LUCY TEJADA,Tarjeta de Identidad,Masculino,17,mestizo,Secundaria
Puntos Vive Digital,secundaria,General,CENTRO CULUTRAL LUCY TEJADA,Cédula Ciudadanía,Femenino,72,mestizo,secundaria
Puntos Vive Digital,secundaria,General,CENTRO CULUTRAL LUCY TEJADA,Cédula Ciudadanía,Femenino,72,mestizo,secundaria
Puntos Vive Digital,secundaria,General,CENTRO CULUTRAL LUCY TEJADA,Cédula Ciudadanía,Femenino,72,mestizo,secundaria
Puntos Vive Digital,secundaria,General,CENTRO CULUTRAL LUCY TEJADA,Cédula Extranjería,Femenino,24,NA,secundaria
Puntos Vive Digital,universitario,General,CENTRO CULUTRAL LUCY TEJADA,Cédula Ciudadanía,Masculino,24,NA,universitario
Puntos Vive Digital,secundaria,General,CENTRO CULUTRAL LUCY TEJADA,Cédula Ciudadanía,Femenino,60,NA,secundaria
Puntos Vive Digital,secundaria,General,CENTRO CULUTRAL LUCY TEJADA,Cédula Ciudadanía,Femenino,58,NA,secundaria
Puntos Vive Digital,universitario,General,CENTRO CULUTRAL LUCY TEJADA,Cédula Ciudadanía,Femenino,63,NA,universitario
Puntos Vive Digital,Secundaria,General,CENTRO CULUTRAL LUCY TEJADA,Tarjeta de Identidad,Masculino,17,NA,Secundaria
Puntos Vive Digital,primaria,General,Centro Administrativo La Bella,Tarjeta de Identidad,Femenino,10,NA,primaria
Puntos Vive Digital,universitario,General,Centro Administrativo La Bella,Cédula Ciudadanía,Masculino,79,NA,universitario
Puntos Vive Digital,universitario,General,Centro Administrativo La Bella,Cédula Ciudadanía,Femenino,31,NA,universitario
Puntos Vive Digital,secundaria,General,Centro Administrativo La Bella,Cédula Ciudadanía,Femenino,57,NA,secundaria
Puntos Vive Digital,secundaria,General,Centro Administrativo La Bella,Cédula Ciudadanía,Femenino,72,NA,secundaria
Puntos Vive Digital,universitario,General,Centro Administrativo La Bella,Cédula Ciudadanía,Femenino,44,NA,universitario
Puntos Vive Digital,Secundaria,General,CENTRO CULUTRAL LUCY TEJADA,Cédula Ciudadanía,Masculino,43,NA,Secundaria
Puntos Vive Digital,universitario,General,CENTRO CULUTRAL LUCY TEJADA,Cédula Ciudadanía,Femenino,55,NA,universitario
Puntos Vive Digital,Secundaria,General,Centro de Desarrollo Vecinal Villa Consota,Tarjeta de Identidad,Masculino,15,Afrocolombiano,Secundaria
Puntos Vive Digital,Secundaria,General,Centro de Desarrollo Vecinal Villa Consota,Tarjeta de Identidad,Masculino,14,Afrocolombiano,Secundaria
Puntos Vive Digital,Secundaria,General,Centro de Desarrollo Vecinal Villa Consota,Tarjeta de Identidad,Masculino,13,Afrocolombiano,Secundaria
Puntos Vive Digital,Secundaria,General,Centro de Desarrollo Vecinal Villa Consota,Tarjeta de Identidad,Masculino,12,mestizo,Secundaria
Puntos Vive Digital,Secundaria,General,Centro de Desarrollo Vecinal Villa Consota,Tarjeta de Identidad,Masculino,16,Afrocolombiano,Secundaria
Puntos Vive Digital,Secundaria,General,Centro de Desarrollo Vecinal Villa Consota,Tarjeta de Identidad,Masculino,12,mestizo,Secundaria
Puntos Vive Digital,primaria,General,El remanso,Tarjeta de Identidad,Femenino,9,Afrocolombiano,primaria
Puntos Vive Digital,Secundaria,General,El remanso,Tarjeta de Identidad,Masculino,14,NA,Secundaria
Puntos Vive Digital,Secundaria,General,El remanso,Tarjeta de Identidad,Masculino,14,Afrocolombiano,Secundaria
Puntos Vive Digital,Secundaria,General,CENTRO CULUTRAL LUCY TEJADA,Tarjeta de Identidad,Masculino,13,NA,Secundaria
Puntos Vive Digital,secundaria,General,SAN FERNANDO CUBA,Cédula Ciudadanía,Femenino,37,NA,secundaria
Puntos Vive Digital,secundaria,General,SAN FERNANDO CUBA,Cédula Ciudadanía,Femenino,20,NA,secundaria
Puntos Vive Digital,secundaria,General,SAN FERNANDO CUBA,Cédula Ciudadanía,Femenino,20,NA,secundaria
Puntos Vive Digital,Secundaria,General,SAN FERNANDO CUBA,Cédula Ciudadanía,Masculino,29,NA,Secundaria
Puntos Vive Digital,secundaria,General,SAN FERNANDO CUBA,Tarjeta de Identidad,Femenino,17,NA,secundaria
Puntos Vive Digital,secundaria,General,SAN FERNANDO CUBA,Tarjeta de Identidad,Femenino,17,NA,secundaria
Puntos Vive Digital,secundaria,General,SAN FERNANDO CUBA,Tarjeta de Identidad,Femenino,17,NA,secundaria
Puntos Vive Digital,Tecnico,General,SAN FERNANDO CUBA,Cédula Ciudadanía,Masculino,18,NA,Tecnico
Puntos Vive Digital,Primaria,General,El remanso,Tarjeta de Identidad,Masculino,12,NA,Primaria
Puntos Vive Digital,Tecnico,General,SAN FERNANDO CUBA,Cédula Ciudadanía,Masculino,18,NA,Tecnico
Puntos Vive Digital,Primaria,General,El remanso,Tarjeta de Identidad,Masculino,10,mestizo,Primaria
Puntos Vive Digital,tecnico,General,CENTRO CULUTRAL LUCY TEJADA,Cédula Ciudadanía,Femenino,50,NA,tecnico
Puntos Vive Digital,tecnico,General,SAN FERNANDO CUBA,Tarjeta de Identidad,Femenino,17,NA,tecnico
Puntos Vive Digital,primaria,General,CENTRO CULUTRAL LUCY TEJADA,Cédula Ciudadanía,Femenino,80,NA,primaria
Puntos Vive Digital,secundaria,General,SAN FERNANDO CUBA,Cédula Ciudadanía,Femenino,25,NA,secundaria
Puntos Vive Digital,tecnologico,General,CENTRO CULUTRAL LUCY TEJADA,Cédula Ciudadanía,Masculino,58,NA,tecnologico
Puntos Vive Digital,Secundaria,General,SAN FERNANDO CUBA,Cédula Ciudadanía,Masculino,18,NA,Secundaria
Puntos Vive Digital,universitario,General,El remanso,Cédula Ciudadanía,Masculino,35,Afrocolombiano,universitario
Puntos Vive Digital,Secundaria,General,CENTRO CULUTRAL LUCY TEJADA,Cédula Ciudadanía,Masculino,63,NA,Secundaria
Puntos Vive Digital,secundaria,General,SAN FERNANDO CUBA,Cédula Ciudadanía,Femenino,27,NA,secundaria
Puntos Vive Digital,Secundaria,General,CENTRO CULUTRAL LUCY TEJADA,Cédula Ciudadanía,Masculino,63,NA,Secundaria
Puntos Vive Digital,tecnico,General,CENTRO CULUTRAL LUCY TEJADA,Cédula Ciudadanía,Femenino,71,NA,tecnico
Puntos Vive Digital,Primaria,General,El remanso,Tarjeta de Identidad,Masculino,9,Afrocolombiano,Primaria
Puntos Vive Digital,Secundaria,General,CENTRO CULUTRAL LUCY TEJADA,Cédula Ciudadanía,Masculino,42,NA,Secundaria
Puntos Vive Digital,secundaria,General,CENTRO CULUTRAL LUCY TEJADA,Cédula Ciudadanía,Femenino,74,NA,secundaria
Puntos Vive Digital,tecnologico,General,CENTRO CULUTRAL LUCY TEJADA,Cédula Ciudadanía,Femenino,55,mestizo,tecnologico
Puntos Vive Digital,secundaria,General,CENTRO CULUTRAL LUCY TEJADA,Cédula Ciudadanía,Femenino,74,NA,secundaria
Puntos Vive Digital,secundaria,General,CENTRO CULUTRAL LUCY TEJADA,Cédula Ciudadanía,Femenino,73,NA,secundaria
Puntos Vive Digital,secundaria,General,CENTRO CULUTRAL LUCY TEJADA,Cédula Ciudadanía,Femenino,62,NA,secundaria
Puntos Vive Digital,secundaria,General,CENTRO CULUTRAL LUCY TEJADA,Cédula Ciudadanía,Femenino,76,NA,secundaria
Puntos Vive Digital,universitario,General,CENTRO CULUTRAL LUCY TEJADA,Cédula Ciudadanía,Masculino,76,NA,universitario
Puntos Vive Digital,tecnico,General,CENTRO CULUTRAL LUCY TEJADA,Cédula Ciudadanía,Femenino,32,NA,tecnico
Puntos Vive Digital,tecnico,General,CENTRO CULUTRAL LUCY TEJADA,Cédula Ciudadanía,Femenino,57,NA,tecnico
Puntos Vive Digital,secundaria,General,CENTRO CULUTRAL LUCY TEJADA,Cédula Ciudadanía,Femenino,74,NA,secundaria
Puntos Vive Digital,tecnico,General,CENTRO CULUTRAL LUCY TEJADA,Cédula Ciudadanía,Femenino,63,NA,tecnico
Puntos Vive Digital,tecnico,General,CENTRO CULUTRAL LUCY TEJADA,Cédula Ciudadanía,Femenino,65,mestizo,tecnico
Puntos Vive Digital,secundaria,General,CENTRO CULUTRAL LUCY TEJADA,Cédula Ciudadanía,Femenino,62,NA,secundaria
Puntos Vive Digital,secundaria,General,CENTRO CULUTRAL LUCY TEJADA,Cédula Ciudadanía,Femenino,75,NA,secundaria
Puntos Vive Digital,Secundaria,General,SAN FERNANDO CUBA,Cédula Ciudadanía,Masculino,19,NA,Secundaria
Puntos Vive Digital,secundaria,General,SAN FERNANDO CUBA,Cédula Ciudadanía,Femenino,25,NA,secundaria
Puntos Vive Digital,secundaria,General,SAN FERNANDO CUBA,Cédula Ciudadanía,Femenino,27,NA,secundaria
Puntos Vive Digital,secundaria,General,SAN FERNANDO CUBA,Cédula Ciudadanía,Femenino,18,NA,secundaria
Puntos Vive Digital,tecnico,General,SAN FERNANDO CUBA,Cédula Ciudadanía,Femenino,18,NA,tecnico
Puntos Vive Digital,postgrado,General,SAN FERNANDO CUBA,Cédula Ciudadanía,Femenino,39,NA,postgrado
Puntos Vive Digital,Primaria,General,Centro de Desarrollo Vecinal Villa Consota,Registro Civil,Masculino,7,Afrocolombiano,Primaria
Puntos Vive Digital,Secundaria,General,Centro de Desarrollo Vecinal Villa Consota,Tarjeta de Identidad,Masculino,17,Afrocolombiano,Secundaria
Puntos Vive Digital,Primaria,General,Centro de Desarrollo Vecinal Villa Consota,Tarjeta de Identidad,Masculino,9,NA,Primaria
Puntos Vive Digital,tecnologico,General,SAN FERNANDO CUBA,Cédula Ciudadanía,Femenino,34,NA,tecnologico
Puntos Vive Digital,Primaria,General,Centro de Desarrollo Vecinal Villa Consota,Registro Civil,Masculino,7,mestizo,Primaria
Puntos Vive Digital,Secundaria,General,Centro de Desarrollo Vecinal Villa Consota,Tarjeta de Identidad,Masculino,14,Afrocolombiano,Secundaria
Puntos Vive Digital,universitario,General,CENTRO CULUTRAL LUCY TEJADA,Cédula Ciudadanía,Femenino,63,NA,universitario
Puntos Vive Digital,secundaria,General,CENTRO CULUTRAL LUCY TEJADA,Cédula Ciudadanía,Femenino,58,NA,secundaria
Puntos Vive Digital,tecnico,General,CENTRO CULUTRAL LUCY TEJADA,Cédula Ciudadanía,Femenino,20,NA,tecnico
Puntos Vive Digital,postgrado,General,CENTRO CULUTRAL LUCY TEJADA,Cédula Ciudadanía,Femenino,56,NA,postgrado
Puntos Vive Digital,Secundaria,General,CENTRO CULUTRAL LUCY TEJADA,Cédula Ciudadanía,Masculino,38,NA,Secundaria
Puntos Vive Digital,Secundaria,General,CENTRO CULUTRAL LUCY TEJADA,Tarjeta de Identidad,Masculino,15,mestizo,Secundaria
Puntos Vive Digital,tecnologico,General,CENTRO CULUTRAL LUCY TEJADA,Cédula Ciudadanía,Femenino,26,NA,tecnologico
Puntos Vive Digital,secundaria,General,CENTRO CULUTRAL LUCY TEJADA,Cédula Ciudadanía,Femenino,60,NA,secundaria
Puntos Vive Digital,Secundaria,General,CENTRO CULUTRAL LUCY TEJADA,Tarjeta de Identidad,Masculino,17,NA,Secundaria
Puntos Vive Digital,tecnico,General,CENTRO CULUTRAL LUCY TEJADA,Cédula Ciudadanía,Femenino,45,NA,tecnico
Puntos Vive Digital,secundaria,General,CENTRO CULUTRAL LUCY TEJADA,Cédula Ciudadanía,Femenino,64,NA,secundaria
Puntos Vive Digital,secundaria,General,Centro Administrativo La Bella,Cédula Ciudadanía,Femenino,25,NA,secundaria
Puntos Vive Digital,NA,General,Centro Administrativo La Bella,Tarjeta de Identidad,Femenino,10,NA,NA
Puntos Vive Digital,primaria,General,Centro Administrativo La Bella,Tarjeta de Identidad,Femenino,8,NA,primaria
Puntos Vive Digital,NA,General,Centro Administrativo La Bella,Tarjeta de Identidad,Femenino,12,NA,NA
Puntos Vive Digital,secundaria,General,El remanso,Tarjeta de Identidad,Femenino,12,Afrocolombiano,secundaria
Puntos Vive Digital,primaria,General,El remanso,Tarjeta de Identidad,Femenino,9,Afrocolombiano,primaria
Puntos Vive Digital,primaria,General,El remanso,Tarjeta de Identidad,Femenino,12,Afrocolombiano,primaria
Puntos Vive Digital,primaria,General,El remanso,Tarjeta de Identidad,Femenino,8,mestizo,primaria
Puntos Vive Digital,primaria,General,El remanso,Tarjeta de Identidad,Femenino,8,mestizo,primaria
Puntos Vive Digital,primaria,General,El remanso,Tarjeta de Identidad,Femenino,10,Afrocolombiano,primaria
Puntos Vive Digital,Primaria,General,Centro de Desarrollo Vecinal Villa Consota,Tarjeta de Identidad,Masculino,1,mestizo,Primaria
Puntos Vive Digital,Primaria,General,Centro de Desarrollo Vecinal Villa Consota,Tarjeta de Identidad,Masculino,11,mestizo,Primaria
Puntos Vive Digital,Tecnico,General,SAN FERNANDO CUBA,Cédula Ciudadanía,Masculino,18,NA,Tecnico
Puntos Vive Digital,Secundaria,General,SAN FERNANDO CUBA,Cédula Ciudadanía,Masculino,19,NA,Secundaria
Puntos Vive Digital,secundaria,General,SAN FERNANDO CUBA,Cédula Ciudadanía,Femenino,27,NA,secundaria
Puntos Vive Digital,secundaria,General,SAN FERNANDO CUBA,Cédula Ciudadanía,Femenino,27,NA,secundaria
Puntos Vive Digital,Secundaria,General,SAN FERNANDO CUBA,Cédula Ciudadanía,Masculino,21,NA,Secundaria
Puntos Vive Digital,Secundaria,General,SAN FERNANDO CUBA,Cédula Ciudadanía,Masculino,18,NA,Secundaria
Puntos Vive Digital,Secundaria,General,SAN FERNANDO CUBA,Cédula Ciudadanía,Masculino,29,NA,Secundaria
Puntos Vive Digital,secundaria,General,SAN FERNANDO CUBA,Cédula Ciudadanía,Femenino,20,NA,secundaria
Puntos Vive Digital,secundaria,General,SAN FERNANDO CUBA,Cédula Ciudadanía,Femenino,20,NA,secundaria
Puntos Vive Digital,Secundaria,General,SAN FERNANDO CUBA,Tarjeta de Identidad,Masculino,17,NA,Secundaria
Puntos Vive Digital,secundaria,General,SAN FERNANDO CUBA,Tarjeta de Identidad,Femenino,17,NA,secundaria
Puntos Vive Digital,secundaria,General,SAN FERNANDO CUBA,Cédula Ciudadanía,Femenino,25,NA,secundaria
Puntos Vive Digital,postgrado,General,SAN FERNANDO CUBA,Cédula Ciudadanía,Femenino,39,NA,postgrado
Puntos Vive Digital,secundaria,General,SAN FERNANDO CUBA,Cédula Ciudadanía,Femenino,21,NA,secundaria
Puntos Vive Digital,Secundaria,General,SAN FERNANDO CUBA,Cédula Ciudadanía,Masculino,18,NA,Secundaria
Puntos Vive Digital,Secundaria,General,Centro de Desarrollo Vecinal Villa Consota,Tarjeta de Identidad,Masculino,14,Afrocolombiano,Secundaria
Puntos Vive Digital,secundaria,General,SAN FERNANDO CUBA,Cédula Ciudadanía,Femenino,20,NA,secundaria
Puntos Vive Digital,secundaria,General,SAN FERNANDO CUBA,Cédula Ciudadanía,Femenino,20,NA,secundaria
Puntos Vive Digital,secundaria,General,SAN FERNANDO CUBA,Cédula Ciudadanía,Femenino,18,NA,secundaria
Puntos Vive Digital,Tecnico,General,CENTRO CULUTRAL LUCY TEJADA,Cédula Ciudadanía,Masculino,20,NA,Tecnico
Puntos Vive Digital,Secundaria,General,Centro de Desarrollo Vecinal Villa Consota,Tarjeta de Identidad,Masculino,12,mestizo,Secundaria
Puntos Vive Digital,Secundaria,General,CENTRO CULUTRAL LUCY TEJADA,Cédula Ciudadanía,Masculino,33,NA,Secundaria
Puntos Vive Digital,Primaria,General,El remanso,Tarjeta de Identidad,Masculino,10,mestizo,Primaria
Puntos Vive Digital,tecnologico,General,CENTRO CULUTRAL LUCY TEJADA,Cédula Ciudadanía,Masculino,71,NA,tecnologico
Puntos Vive Digital,secundaria,General,SAN FERNANDO CUBA,Tarjeta de Identidad,Femenino,17,NA,secundaria
Puntos Vive Digital,Secundaria,General,El remanso,Tarjeta de Identidad,Masculino,15,Afrocolombiano,Secundaria
Puntos Vive Digital,secundaria,General,El remanso,Cédula Ciudadanía,Femenino,20,NA,secundaria
Puntos Vive Digital,Secundaria,General,El remanso,Tarjeta de Identidad,Masculino,12,mestizo,Secundaria
Puntos Vive Digital,secundaria,General,SAN FERNANDO CUBA,Cédula Ciudadanía,Femenino,35,mestizo,secundaria
Puntos Vive Digital,tecnico,General,SAN FERNANDO CUBA,Tarjeta de Identidad,Femenino,17,NA,tecnico
Puntos Vive Digital,tecnico,General,SAN FERNANDO CUBA,Cédula Ciudadanía,Femenino,18,NA,tecnico
Puntos Vive Digital,tecnico,General,SAN FERNANDO CUBA,Cédula Ciudadanía,Femenino,18,NA,tecnico
Puntos Vive Digital,postgrado,General,CENTRO CULUTRAL LUCY TEJADA,Cédula Ciudadanía,Femenino,38,mestizo,postgrado
Puntos Vive Digital,postgrado,General,CENTRO CULUTRAL LUCY TEJADA,Cédula Ciudadanía,Femenino,60,NA,postgrado
Puntos Vive Digital,secundaria,General,SAN FERNANDO CUBA,Cédula Ciudadanía,Femenino,27,NA,secundaria
Puntos Vive Digital,universitario,General,CENTRO CULUTRAL LUCY TEJADA,Cédula Ciudadanía,Femenino,64,NA,universitario
Puntos Vive Digital,secundaria,General,SAN FERNANDO CUBA,Cédula Ciudadanía,Femenino,27,NA,secundaria
Puntos Vive Digital,secundaria,General,SAN FERNANDO CUBA,Cédula Ciudadanía,Femenino,27,NA,secundaria
Puntos Vive Digital,secundaria,General,SAN FERNANDO CUBA,Cédula Ciudadanía,Femenino,24,NA,secundaria
Puntos Vive Digital,secundaria,General,SAN FERNANDO CUBA,Cédula Ciudadanía,Femenino,34,NA,secundaria
Puntos Vive Digital,tecnico,General,SAN FERNANDO CUBA,Cédula Ciudadanía,Femenino,22,NA,tecnico
Puntos Vive Digital,universitario,General,SAN FERNANDO CUBA,Cédula Ciudadanía,Femenino,46,NA,universitario
Puntos Vive Digital,Secundaria,General,CENTRO CULUTRAL LUCY TEJADA,Cédula Ciudadanía,Masculino,43,NA,Secundaria
Puntos Vive Digital,tecnico,General,SAN FERNANDO CUBA,Cédula Ciudadanía,Femenino,22,NA,tecnico
Puntos Vive Digital,secundaria,General,SAN FERNANDO CUBA,Cédula Ciudadanía,Femenino,19,NA,secundaria
Puntos Vive Digital,tecnico,General,SAN FERNANDO CUBA,Cédula Ciudadanía,Femenino,21,NA,tecnico
Puntos Vive Digital,tecnico,General,CENTRO CULUTRAL LUCY TEJADA,Cédula Ciudadanía,Femenino,31,NA,tecnico
Puntos Vive Digital,tecnico,General,SAN FERNANDO CUBA,Cédula Ciudadanía,Femenino,33,NA,tecnico
Puntos Vive Digital,secundaria,General,CENTRO CULUTRAL LUCY TEJADA,Cédula Ciudadanía,Femenino,31,NA,secundaria
Puntos Vive Digital,Tecnico,General,SAN FERNANDO CUBA,Tarjeta de Identidad,Masculino,17,NA,Tecnico
Puntos Vive Digital,secundaria,General,SAN FERNANDO CUBA,Cédula Ciudadanía,Femenino,18,NA,secundaria
Puntos Vive Digital,tecnico,General,SAN FERNANDO CUBA,Cédula Ciudadanía,Femenino,19,NA,tecnico
Puntos Vive Digital,tecnico,General,SAN FERNANDO CUBA,Cédula Ciudadanía,Femenino,18,NA,tecnico
Puntos Vive Digital,Primaria,General,Centro de Desarrollo Vecinal Villa Consota,Tarjeta de Identidad,Masculino,9,mestizo,Primaria
Puntos Vive Digital,secundaria,General,CENTRO CULUTRAL LUCY TEJADA,Cédula Ciudadanía,Femenino,53,NA,secundaria
Puntos Vive Digital,primaria,General,Centro Administrativo La Bella,Tarjeta de Identidad,Femenino,9,NA,primaria
Puntos Vive Digital,primaria,General,Centro Administrativo La Bella,Tarjeta de Identidad,Femenino,10,NA,primaria
Puntos Vive Digital,Tecnico,General,CENTRO CULUTRAL LUCY TEJADA,Cédula Ciudadanía,Masculino,59,NA,Tecnico
Puntos Vive Digital,Primaria,General,Centro de Desarrollo Vecinal Villa Consota,Registro Civil,Masculino,7,mestizo,Primaria
Puntos Vive Digital,primaria,General,Centro de Desarrollo Vecinal Villa Consota,Tarjeta de Identidad,Femenino,10,mestizo,primaria
Puntos Vive Digital,tecnologico,General,SAN FERNANDO CUBA,Cédula Ciudadanía,Femenino,34,NA,tecnologico
Puntos Vive Digital,Primaria,General,Centro de Desarrollo Vecinal Villa Consota,Registro Civil,Masculino,7,Afrocolombiano,Primaria
Puntos Vive Digital,Secundaria,General,Centro de Desarrollo Vecinal Villa Consota,Tarjeta de Identidad,Masculino,13,Afrocolombiano,Secundaria
Puntos Vive Digital,Primaria,General,Centro de Desarrollo Vecinal Villa Consota,Tarjeta de Identidad,Masculino,9,mestizo,Primaria
Puntos Vive Digital,Primaria,General,Centro de Desarrollo Vecinal Villa Consota,Registro Civil,Masculino,7,mestizo,Primaria
Puntos Vive Digital,Secundaria,General,Centro de Desarrollo Vecinal Villa Consota,Tarjeta de Identidad,Masculino,14,Afrocolombiano,Secundaria
Puntos Vive Digital,Secundaria,General,Centro de Desarrollo Vecinal Villa Consota,Tarjeta de Identidad,Masculino,17,Afrocolombiano,Secundaria
Puntos Vive Digital,Secundaria,General,CENTRO CULUTRAL LUCY TEJADA,Cédula Ciudadanía,Masculino,33,NA,Secundaria
Puntos Vive Digital,Tecnico,General,CENTRO CULUTRAL LUCY TEJADA,Cédula Ciudadanía,Masculino,23,NA,Tecnico
Puntos Vive Digital,Secundaria,General,CENTRO CULUTRAL LUCY TEJADA,Cédula Ciudadanía,Masculino,23,NA,Secundaria
Puntos Vive Digital,Secundaria,General,CENTRO CULUTRAL LUCY TEJADA,Cédula Ciudadanía,Masculino,72,mestizo,Secundaria
Puntos Vive Digital,secundaria,General,CENTRO CULUTRAL LUCY TEJADA,Cédula Ciudadanía,Femenino,52,NA,secundaria
Puntos Vive Digital,secundaria,General,CENTRO CULUTRAL LUCY TEJADA,Cédula Ciudadanía,Femenino,62,NA,secundaria
Puntos Vive Digital,tecnico,General,CENTRO CULUTRAL LUCY TEJADA,Cédula Ciudadanía,Femenino,26,NA,tecnico
Puntos Vive Digital,Secundaria,General,CENTRO CULUTRAL LUCY TEJADA,Cédula Ciudadanía,Masculino,33,NA,Secundaria
Puntos Vive Digital,tecnologico,General,CENTRO CULUTRAL LUCY TEJADA,Cédula Ciudadanía,Masculino,71,Afrocolombiano,tecnologico
Puntos Vive Digital,Secundaria,General,SAN FERNANDO CUBA,Tarjeta de Identidad,Masculino,16,NA,Secundaria
Puntos Vive Digital,Secundaria,General,SAN FERNANDO CUBA,Cédula Ciudadanía,Masculino,19,NA,Secundaria
Puntos Vive Digital,Secundaria,General,SAN FERNANDO CUBA,Cédula Ciudadanía,Masculino,18,NA,Secundaria
Puntos Vive Digital,Secundaria,General,SAN FERNANDO CUBA,Cédula Ciudadanía,Masculino,19,NA,Secundaria
Puntos Vive Digital,Secundaria,General,SAN FERNANDO CUBA,Permiso por Protección Temporal,Masculino,18,NA,Secundaria
Puntos Vive Digital,Secundaria,General,SAN FERNANDO CUBA,Permiso por Protección Temporal,Masculino,18,NA,Secundaria
Puntos Vive Digital,secundaria,General,SAN FERNANDO CUBA,Cédula Ciudadanía,Femenino,18,NA,secundaria
Puntos Vive Digital,Secundaria,General,SAN FERNANDO CUBA,Tarjeta de Identidad,Masculino,17,NA,Secundaria
Puntos Vive Digital,Secundaria,General,SAN FERNANDO CUBA,Tarjeta de Identidad,Masculino,17,NA,Secundaria
Puntos Vive Digital,secundaria,General,SAN FERNANDO CUBA,Tarjeta de Identidad,Femenino,15,NA,secundaria
Puntos Vive Digital,Secundaria,General,SAN FERNANDO CUBA,Tarjeta de Identidad,Masculino,15,NA,Secundaria
Puntos Vive Digital,secundaria,General,SAN FERNANDO CUBA,Permiso por Protección Temporal,Femenino,17,NA,secundaria
Puntos Vive Digital,secundaria,General,CENTRO CULUTRAL LUCY TEJADA,Cédula Ciudadanía,Femenino,72,mestizo,secundaria
Puntos Vive Digital,Secundaria,General,CENTRO CULUTRAL LUCY TEJADA,Cédula Ciudadanía,Masculino,23,NA,Secundaria
Puntos Vive Digital,primaria,General,CENTRO CULUTRAL LUCY TEJADA,Registro Civil,Femenino,-16,NA,primaria
Puntos Vive Digital,Secundaria,General,CENTRO CULUTRAL LUCY TEJADA,Cédula Ciudadanía,Masculino,34,NA,Secundaria
Puntos Vive Digital,Secundaria,General,El remanso,Tarjeta de Identidad,Masculino,12,Afrocolombiano,Secundaria
Puntos Vive Digital,secundaria,General,CENTRO CULUTRAL LUCY TEJADA,Cédula Ciudadanía,Femenino,27,NA,secundaria
Puntos Vive Digital,tecnologico,General,CENTRO CULUTRAL LUCY TEJADA,Cédula Ciudadanía,Femenino,29,NA,tecnologico
Puntos Vive Digital,Tecnico,General,CENTRO CULUTRAL LUCY TEJADA,Cédula Ciudadanía,Masculino,53,NA,Tecnico
Puntos Vive Digital,universitario,General,CENTRO CULUTRAL LUCY TEJADA,Cédula Ciudadanía,Femenino,25,NA,universitario
Puntos Vive Digital,universitario,General,CENTRO CULUTRAL LUCY TEJADA,Cédula Ciudadanía,Femenino,37,mestizo,universitario
Puntos Vive Digital,tecnologico,General,CENTRO CULUTRAL LUCY TEJADA,Cédula Ciudadanía,Femenino,46,NA,tecnologico
Puntos Vive Digital,tecnologico,General,CENTRO CULUTRAL LUCY TEJADA,Cédula Ciudadanía,Femenino,55,mestizo,tecnologico
Puntos Vive Digital,secundaria,General,CENTRO CULUTRAL LUCY TEJADA,Cédula Ciudadanía,Femenino,35,NA,secundaria
Puntos Vive Digital,secundaria,General,El remanso,Cédula Ciudadanía,Femenino,20,mestizo,secundaria
Puntos Vive Digital,Secundaria,General,El remanso,Cédula Ciudadanía,Masculino,22,Afrocolombiano,Secundaria
Puntos Vive Digital,Secundaria,General,El remanso,Tarjeta de Identidad,Masculino,15,Afrocolombiano,Secundaria
Puntos Vive Digital,Primaria,General,El remanso,Tarjeta de Identidad,Masculino,10,mestizo,Primaria
Puntos Vive Digital,Secundaria,General,El remanso,Tarjeta de Identidad,Masculino,12,mestizo,Secundaria
Puntos Vive Digital,Secundaria,General,El remanso,Tarjeta de Identidad,Masculino,13,mestizo,Secundaria
Puntos Vive Digital,Secundaria,General,SAN FERNANDO CUBA,Cédula Ciudadanía,Masculino,19,NA,Secundaria
Puntos Vive Digital,secundaria,General,SAN FERNANDO CUBA,Cédula Ciudadanía,Femenino,20,NA,secundaria
Puntos Vive Digital,secundaria,General,SAN FERNANDO CUBA,Cédula Ciudadanía,Femenino,25,NA,secundaria
Puntos Vive Digital,Secundaria,General,SAN FERNANDO CUBA,Cédula Ciudadanía,Masculino,29,NA,Secundaria
Puntos Vive Digital,secundaria,General,SAN FERNANDO CUBA,Cédula Ciudadanía,Femenino,27,NA,secundaria
Puntos Vive Digital,secundaria,General,SAN FERNANDO CUBA,Cédula Ciudadanía,Femenino,20,NA,secundaria
Puntos Vive Digital,tecnico,General,SAN FERNANDO CUBA,Cédula Ciudadanía,Femenino,18,NA,tecnico
Puntos Vive Digital,secundaria,General,SAN FERNANDO CUBA,Cédula Ciudadanía,Femenino,18,NA,secundaria
Puntos Vive Digital,secundaria,General,SAN FERNANDO CUBA,Cédula Ciudadanía,Femenino,20,NA,secundaria
Puntos Vive Digital,primaria,General,CENTRO CULUTRAL LUCY TEJADA,Cédula Ciudadanía,Femenino,60,NA,primaria
Puntos Vive Digital,Tecnico,General,SAN FERNANDO CUBA,Cédula Ciudadanía,Masculino,18,NA,Tecnico
Puntos Vive Digital,Secundaria,General,SAN FERNANDO CUBA,Cédula Ciudadanía,Masculino,18,NA,Secundaria
Puntos Vive Digital,secundaria,General,SAN FERNANDO CUBA,Cédula Ciudadanía,Femenino,19,NA,secundaria
Puntos Vive Digital,postgrado,General,SAN FERNANDO CUBA,Cédula Ciudadanía,Femenino,39,NA,postgrado
Puntos Vive Digital,secundaria,General,SAN FERNANDO CUBA,Tarjeta de Identidad,Femenino,17,NA,secundaria
Puntos Vive Digital,secundaria,General,SAN FERNANDO CUBA,Cédula Ciudadanía,Femenino,35,mestizo,secundaria
Puntos Vive Digital,universitario,General,CENTRO CULUTRAL LUCY TEJADA,Cédula Ciudadanía,Femenino,53,NA,universitario
Puntos Vive Digital,secundaria,General,CENTRO CULUTRAL LUCY TEJADA,Cédula Ciudadanía,Femenino,62,NA,secundaria
Puntos Vive Digital,tecnico,General,CENTRO CULUTRAL LUCY TEJADA,Cédula Ciudadanía,Femenino,57,NA,tecnico
Puntos Vive Digital,secundaria,General,CENTRO CULUTRAL LUCY TEJADA,Cédula Ciudadanía,Femenino,37,NA,secundaria
Puntos Vive Digital,secundaria,General,CENTRO CULUTRAL LUCY TEJADA,Cédula Ciudadanía,Femenino,76,NA,secundaria
Puntos Vive Digital,Secundaria,General,CENTRO CULUTRAL LUCY TEJADA,Cédula Ciudadanía,Masculino,42,NA,Secundaria
Puntos Vive Digital,tecnico,General,CENTRO CULUTRAL LUCY TEJADA,Cédula Ciudadanía,Femenino,61,NA,tecnico
Puntos Vive Digital,secundaria,General,CENTRO CULUTRAL LUCY TEJADA,Cédula Ciudadanía,Femenino,62,NA,secundaria
Puntos Vive Digital,secundaria,General,CENTRO CULUTRAL LUCY TEJADA,Cédula Ciudadanía,Femenino,73,NA,secundaria
Puntos Vive Digital,secundaria,General,CENTRO CULUTRAL LUCY TEJADA,Cédula Ciudadanía,Femenino,62,NA,secundaria
Puntos Vive Digital,secundaria,General,CENTRO CULUTRAL LUCY TEJADA,Cédula Extranjería,Femenino,24,NA,secundaria
Puntos Vive Digital,tecnico,General,CENTRO CULUTRAL LUCY TEJADA,Cédula Ciudadanía,Femenino,71,NA,tecnico
Puntos Vive Digital,secundaria,General,CENTRO CULUTRAL LUCY TEJADA,Cédula Ciudadanía,Femenino,74,NA,secundaria
Puntos Vive Digital,Primaria,General,CENTRO CULUTRAL LUCY TEJADA,Cédula Ciudadanía,Masculino,78,NA,Primaria
Puntos Vive Digital,tecnico,General,CENTRO CULUTRAL LUCY TEJADA,Cédula Ciudadanía,Femenino,63,NA,tecnico
Puntos Vive Digital,universitario,General,CENTRO CULUTRAL LUCY TEJADA,Cédula Ciudadanía,Masculino,68,NA,universitario
Puntos Vive Digital,tecnologico,General,CENTRO CULUTRAL LUCY TEJADA,Cédula Ciudadanía,Masculino,58,NA,tecnologico
Puntos Vive Digital,secundaria,General,CENTRO CULUTRAL LUCY TEJADA,Cédula Ciudadanía,Femenino,61,NA,secundaria
Puntos Vive Digital,secundaria,General,CENTRO CULUTRAL LUCY TEJADA,Cédula Ciudadanía,Femenino,75,NA,secundaria
Puntos Vive Digital,Secundaria,General,CENTRO CULUTRAL LUCY TEJADA,Tarjeta de Identidad,Masculino,17,mestizo,Secundaria
Puntos Vive Digital,tecnologico,General,SAN FERNANDO CUBA,Cédula Ciudadanía,Femenino,34,NA,tecnologico
Puntos Vive Digital,tecnologico,General,CENTRO CULUTRAL LUCY TEJADA,Cédula Ciudadanía,Femenino,35,NA,tecnologico
Puntos Vive Digital,Secundaria,General,El remanso,Cédula Ciudadanía,Masculino,39,indigena,Secundaria
Puntos Vive Digital,Secundaria,General,Centro de Desarrollo Vecinal Villa Consota,Tarjeta de Identidad,Masculino,14,mestizo,Secundaria
Puntos Vive Digital,Secundaria,General,Centro de Desarrollo Vecinal Villa Consota,Tarjeta de Identidad,Masculino,13,mestizo,Secundaria
Puntos Vive Digital,Primaria,General,Centro de Desarrollo Vecinal Villa Consota,Tarjeta de Identidad,Masculino,9,mestizo,Primaria
Puntos Vive Digital,Primaria,General,Centro de Desarrollo Vecinal Villa Consota,Registro Civil,Masculino,7,mestizo,Primaria
Puntos Vive Digital,Secundaria,General,Centro de Desarrollo Vecinal Villa Consota,Tarjeta de Identidad,Masculino,14,Afrocolombiano,Secundaria
Puntos Vive Digital,Secundaria,General,Centro de Desarrollo Vecinal Villa Consota,Tarjeta de Identidad,Masculino,17,Afrocolombiano,Secundaria
Puntos Vive Digital,Secundaria,General,CENTRO CULUTRAL LUCY TEJADA,Cédula Ciudadanía,Masculino,33,NA,Secundaria
Puntos Vive Digital,Secundaria,General,CENTRO CULUTRAL LUCY TEJADA,Cédula Ciudadanía,Masculino,33,NA,Secundaria
Puntos Vive Digital,universitario,General,SAN FERNANDO CUBA,Cédula Ciudadanía,Masculino,42,NA,universitario
Puntos Vive Digital,Primaria,General,El remanso,Tarjeta de Identidad,Masculino,10,mestizo,Primaria
Puntos Vive Digital,Secundaria,General,El remanso,Cédula Ciudadanía,Masculino,23,mestizo,Secundaria
Puntos Vive Digital,Secundaria,General,El remanso,Cédula Ciudadanía,Masculino,24,mestizo,Secundaria
Puntos Vive Digital,Tecnico,General,SAN FERNANDO CUBA,Tarjeta de Identidad,Masculino,17,NA,Tecnico
Puntos Vive Digital,secundaria,General,SAN FERNANDO CUBA,Cédula Ciudadanía,Femenino,24,NA,secundaria
Puntos Vive Digital,secundaria,General,SAN FERNANDO CUBA,Cédula Ciudadanía,Femenino,27,NA,secundaria
Puntos Vive Digital,Secundaria,General,SAN FERNANDO CUBA,Cédula Ciudadanía,Masculino,19,NA,Secundaria
Puntos Vive Digital,secundaria,General,SAN FERNANDO CUBA,Cédula Ciudadanía,Femenino,21,NA,secundaria
Puntos Vive Digital,secundaria,General,SAN FERNANDO CUBA,Cédula Ciudadanía,Femenino,24,NA,secundaria
Puntos Vive Digital,Tecnico,General,SAN FERNANDO CUBA,Cédula Ciudadanía,Masculino,20,NA,Tecnico
Puntos Vive Digital,Tecnico,General,SAN FERNANDO CUBA,Cédula Ciudadanía,Masculino,20,NA,Tecnico
Puntos Vive Digital,secundaria,General,SAN FERNANDO CUBA,Cédula Ciudadanía,Femenino,18,NA,secundaria
Puntos Vive Digital,secundaria,General,SAN FERNANDO CUBA,Cédula Ciudadanía,Femenino,20,NA,secundaria
Puntos Vive Digital,secundaria,General,SAN FERNANDO CUBA,Cédula Ciudadanía,Femenino,18,NA,secundaria
Puntos Vive Digital,Secundaria,General,Centro de Desarrollo Vecinal Villa Consota,Tarjeta de Identidad,Masculino,15,Afrocolombiano,Secundaria
Puntos Vive Digital,secundaria,General,SAN FERNANDO CUBA,Cédula Ciudadanía,Femenino,20,NA,secundaria
Puntos Vive Digital,secundaria,General,SAN FERNANDO CUBA,Cédula Ciudadanía,Femenino,20,NA,secundaria
Puntos Vive Digital,Secundaria,General,SAN FERNANDO CUBA,Cédula Ciudadanía,Masculino,29,NA,Secundaria
Puntos Vive Digital,secundaria,General,SAN FERNANDO CUBA,Tarjeta de Identidad,Femenino,17,NA,secundaria
Puntos Vive Digital,tecnico,General,SAN FERNANDO CUBA,Cédula Ciudadanía,Femenino,18,NA,tecnico
Puntos Vive Digital,Primaria,General,Centro de Desarrollo Vecinal Villa Consota,Tarjeta de Identidad,Masculino,9,mestizo,Primaria
Puntos Vive Digital,tecnico,General,SAN FERNANDO CUBA,Cédula Ciudadanía,Femenino,18,NA,tecnico
Puntos Vive Digital,secundaria,General,SAN FERNANDO CUBA,Tarjeta de Identidad,Femenino,17,NA,secundaria
Puntos Vive Digital,secundaria,General,SAN FERNANDO CUBA,Cédula Ciudadanía,Femenino,25,NA,secundaria
Puntos Vive Digital,Secundaria,General,SAN FERNANDO CUBA,Cédula Ciudadanía,Masculino,21,NA,Secundaria
Puntos Vive Digital,secundaria,General,SAN FERNANDO CUBA,Cédula Ciudadanía,Femenino,27,NA,secundaria
Puntos Vive Digital,Tecnico,General,SAN FERNANDO CUBA,Cédula Ciudadanía,Masculino,18,NA,Tecnico
Puntos Vive Digital,Tecnico,General,SAN FERNANDO CUBA,Cédula Ciudadanía,Masculino,18,NA,Tecnico
Puntos Vive Digital,Tecnico,General,SAN FERNANDO CUBA,Cédula Ciudadanía,Masculino,18,NA,Tecnico
Puntos Vive Digital,tecnico,General,SAN FERNANDO CUBA,Cédula Ciudadanía,Femenino,18,NA,tecnico
Puntos Vive Digital,secundaria,General,SAN FERNANDO CUBA,Cédula Ciudadanía,Femenino,20,NA,secundaria
Puntos Vive Digital,secundaria,General,SAN FERNANDO CUBA,Cédula Ciudadanía,Femenino,18,NA,secundaria
Puntos Vive Digital,secundaria,General,SAN FERNANDO CUBA,Cédula Ciudadanía,Femenino,27,NA,secundaria
Puntos Vive Digital,tecnico,General,SAN FERNANDO CUBA,Cédula Ciudadanía,Femenino,33,NA,tecnico
Puntos Vive Digital,secundaria,General,SAN FERNANDO CUBA,Cédula Ciudadanía,Femenino,27,NA,secundaria
Puntos Vive Digital,tecnico,General,SAN FERNANDO CUBA,Tarjeta de Identidad,Femenino,17,NA,tecnico
Puntos Vive Digital,secundaria,General,SAN FERNANDO CUBA,Cédula Ciudadanía,Femenino,19,NA,secundaria
Puntos Vive Digital,postgrado,General,SAN FERNANDO CUBA,Cédula Ciudadanía,Femenino,39,NA,postgrado
Puntos Vive Digital,tecnico,General,SAN FERNANDO CUBA,Cédula Ciudadanía,Femenino,21,NA,tecnico
Puntos Vive Digital,Secundaria,General,SAN FERNANDO CUBA,Cédula Ciudadanía,Masculino,18,NA,Secundaria
Puntos Vive Digital,secundaria,General,SAN FERNANDO CUBA,Cédula Ciudadanía,Femenino,18,NA,secundaria
Puntos Vive Digital,tecnico,General,SAN FERNANDO CUBA,Cédula Ciudadanía,Femenino,19,NA,tecnico
Puntos Vive Digital,tecnico,General,SAN FERNANDO CUBA,Cédula Ciudadanía,Femenino,22,NA,tecnico
Puntos Vive Digital,secundaria,General,SAN FERNANDO CUBA,Cédula Ciudadanía,Femenino,34,NA,secundaria
Puntos Vive Digital,secundaria,General,SAN FERNANDO CUBA,Cédula Ciudadanía,Femenino,18,NA,secundaria
Puntos Vive Digital,Secundaria,General,SAN FERNANDO CUBA,Tarjeta de Identidad,Masculino,17,NA,Secundaria
Puntos Vive Digital,Primaria,General,El remanso,Tarjeta de Identidad,Masculino,12,Afrocolombiano,Primaria
Puntos Vive Digital,Primaria,General,El remanso,Tarjeta de Identidad,Masculino,12,NA,Primaria
Puntos Vive Digital,Primaria,General,El remanso,Tarjeta de Identidad,Masculino,10,mestizo,Primaria
Puntos Vive Digital,primaria,General,El remanso,Tarjeta de Identidad,Femenino,8,mestizo,primaria
Puntos Vive Digital,primaria,General,El remanso,Tarjeta de Identidad,Femenino,10,Afrocolombiano,primaria
Puntos Vive Digital,universitario,General,CENTRO CULUTRAL LUCY TEJADA,Cédula Ciudadanía,Masculino,29,NA,universitario
Puntos Vive Digital,Primaria,General,Centro de Desarrollo Vecinal Villa Consota,Tarjeta de Identidad,Masculino,7,mestizo,Primaria
Puntos Vive Digital,secundaria,General,Centro de Desarrollo Vecinal Villa Consota,Tarjeta de Identidad,Femenino,12,mestizo,secundaria
Puntos Vive Digital,secundaria,General,CENTRO CULUTRAL LUCY TEJADA,Cédula Ciudadanía,Femenino,40,NA,secundaria
Puntos Vive Digital,secundaria,General,CENTRO CULUTRAL LUCY TEJADA,Cédula Ciudadanía,Femenino,53,NA,secundaria
Puntos Vive Digital,secundaria,General,CENTRO CULUTRAL LUCY TEJADA,Cédula Ciudadanía,Femenino,31,NA,secundaria
Puntos Vive Digital,postgrado,General,CENTRO CULUTRAL LUCY TEJADA,Cédula Ciudadanía,Femenino,38,mestizo,postgrado
Puntos Vive Digital,Secundaria,General,Centro de Desarrollo Vecinal Villa Consota,Tarjeta de Identidad,Masculino,14,mestizo,Secundaria
Puntos Vive Digital,Secundaria,General,CENTRO CULUTRAL LUCY TEJADA,Cédula Ciudadanía,Masculino,43,NA,Secundaria
Puntos Vive Digital,universitario,General,CENTRO CULUTRAL LUCY TEJADA,Cédula Ciudadanía,Femenino,55,NA,universitario
Puntos Vive Digital,postgrado,General,CENTRO CULUTRAL LUCY TEJADA,Cédula Ciudadanía,Femenino,-60,NA,postgrado
Puntos Vive Digital,Secundaria,General,Centro de Desarrollo Vecinal Villa Consota,Tarjeta de Identidad,Masculino,13,Afrocolombiano,Secundaria
Puntos Vive Digital,tecnologico,General,SAN FERNANDO CUBA,Cédula Ciudadanía,Femenino,34,NA,tecnologico
Puntos Vive Digital,primaria,General,Centro Administrativo La Bella,Tarjeta de Identidad,Femenino,9,NA,primaria
Puntos Vive Digital,Primaria,General,Centro Administrativo La Bella,Tarjeta de Identidad,Masculino,11,NA,Primaria
Puntos Vive Digital,Secundaria,General,CENTRO CULUTRAL LUCY TEJADA,Cédula Ciudadanía,Masculino,33,NA,Secundaria
Puntos Vive Digital,tecnico,General,CENTRO CULUTRAL LUCY TEJADA,Cédula Ciudadanía,Femenino,31,NA,tecnico
Puntos Vive Digital,Secundaria,General,CENTRO CULUTRAL LUCY TEJADA,Permiso por Protección Temporal,Masculino,23,NA,Secundaria
Puntos Vive Digital,Secundaria,General,CENTRO CULUTRAL LUCY TEJADA,Cédula Ciudadanía,Masculino,35,NA,Secundaria
Puntos Vive Digital,Secundaria,General,CENTRO CULUTRAL LUCY TEJADA,Cédula Ciudadanía,Masculino,23,NA,Secundaria
Puntos Vive Digital,Secundaria,General,Centro de Desarrollo Vecinal Villa Consota,Tarjeta de Identidad,Masculino,14,Afrocolombiano,Secundaria
Puntos Vive Digital,Secundaria,General,Centro de Desarrollo Vecinal Villa Consota,Tarjeta de Identidad,Masculino,17,Afrocolombiano,Secundaria
Puntos Vive Digital,Primaria,General,Centro de Desarrollo Vecinal Villa Consota,Tarjeta de Identidad,Masculino,12,mestizo,Primaria
Puntos Vive Digital,primaria,General,Centro de Desarrollo Vecinal Villa Consota,Tarjeta de Identidad,Femenino,10,mestizo,primaria
Puntos Vive Digital,Primaria,General,Centro de Desarrollo Vecinal Villa Consota,Tarjeta de Identidad,Masculino,9,mestizo,Primaria
Puntos Vive Digital,Primaria,General,Centro de Desarrollo Vecinal Villa Consota,Registro Civil,Masculino,7,mestizo,Primaria
Puntos Vive Digital,secundaria,General,CENTRO CULUTRAL LUCY TEJADA,Cédula Ciudadanía,Femenino,64,NA,secundaria
Puntos Vive Digital,secundaria,General,CENTRO CULUTRAL LUCY TEJADA,Cédula Ciudadanía,Femenino,52,NA,secundaria
Puntos Vive Digital,universitario,General,CENTRO CULUTRAL LUCY TEJADA,Cédula Ciudadanía,Masculino,48,NA,universitario
Puntos Vive Digital,tecnologico,General,CENTRO CULUTRAL LUCY TEJADA,Cédula Ciudadanía,Masculino,71,Afrocolombiano,tecnologico
Puntos Vive Digital,tecnico,General,CENTRO CULUTRAL LUCY TEJADA,Cédula Ciudadanía,Femenino,26,NA,tecnico
Puntos Vive Digital,tecnologico,General,CENTRO CULUTRAL LUCY TEJADA,Cédula Ciudadanía,Femenino,46,NA,tecnologico
Puntos Vive Digital,tecnologico,General,CENTRO CULUTRAL LUCY TEJADA,Cédula Ciudadanía,Masculino,71,Afrocolombiano,tecnologico
Puntos Vive Digital,Secundaria,General,CENTRO CULUTRAL LUCY TEJADA,Cédula Ciudadanía,Masculino,72,mestizo,Secundaria
Puntos Vive Digital,secundaria,General,CENTRO CULUTRAL LUCY TEJADA,Cédula Ciudadanía,Femenino,62,mestizo,secundaria
Puntos Vive Digital,secundaria,General,CENTRO CULUTRAL LUCY TEJADA,Cédula Ciudadanía,Femenino,62,NA,secundaria
Puntos Vive Digital,tecnico,General,CENTRO CULUTRAL LUCY TEJADA,Cédula Ciudadanía,Femenino,32,NA,tecnico
Puntos Vive Digital,universitario,General,CENTRO CULUTRAL LUCY TEJADA,Cédula Ciudadanía,Femenino,63,NA,universitario
Puntos Vive Digital,postgrado,General,CENTRO CULUTRAL LUCY TEJADA,Cédula Ciudadanía,Femenino,56,NA,postgrado
Puntos Vive Digital,tecnologico,General,CENTRO CULUTRAL LUCY TEJADA,Cédula Ciudadanía,Femenino,26,NA,tecnologico
Puntos Vive Digital,tecnico,General,CENTRO CULUTRAL LUCY TEJADA,Cédula Ciudadanía,Femenino,45,NA,tecnico
Puntos Vive Digital,secundaria,General,Centro de Desarrollo Vecinal Villa Consota,Cédula Ciudadanía,Femenino,47,mestizo,secundaria
Puntos Vive Digital,secundaria,General,Centro de Desarrollo Vecinal Villa Consota,Cédula Ciudadanía,Femenino,21,mestizo,secundaria
Puntos Vive Digital,secundaria,General,Centro de Desarrollo Vecinal Villa Consota,Cédula Ciudadanía,Femenino,18,mestizo,secundaria
Puntos Vive Digital,Primaria,General,Centro Administrativo La Bella,Tarjeta de Identidad,Masculino,12,NA,Primaria
Puntos Vive Digital,universitario,General,SAN FERNANDO CUBA,Cédula Ciudadanía,Masculino,42,NA,universitario
Puntos Vive Digital,secundaria,General,SAN FERNANDO CUBA,Cédula Ciudadanía,Femenino,18,NA,secundaria
Puntos Vive Digital,secundaria,General,SAN FERNANDO CUBA,Cédula Ciudadanía,Femenino,20,NA,secundaria
Puntos Vive Digital,Secundaria,General,CENTRO CULUTRAL LUCY TEJADA,Cédula Ciudadanía,Masculino,62,NA,Secundaria
Puntos Vive Digital,secundaria,General,Centro de Desarrollo Vecinal Villa Consota,Tarjeta de Identidad,Femenino,17,mestizo,secundaria
Puntos Vive Digital,secundaria,General,Centro de Desarrollo Vecinal Villa Consota,Tarjeta de Identidad,Femenino,16,mestizo,secundaria
Puntos Vive Digital,Secundaria,General,Centro de Desarrollo Vecinal Villa Consota,Tarjeta de Identidad,Masculino,16,Afrocolombiano,Secundaria
Puntos Vive Digital,Secundaria,General,El remanso,Tarjeta de Identidad,Masculino,12,mestizo,Secundaria
Puntos Vive Digital,secundaria,General,CENTRO CULUTRAL LUCY TEJADA,Cédula Extranjería,Femenino,24,NA,secundaria
Puntos Vive Digital,Primaria,General,El remanso,Tarjeta de Identidad,Masculino,9,mestizo,Primaria
Puntos Vive Digital,Primaria,General,El remanso,Tarjeta de Identidad,Masculino,14,Afrocolombiano,Primaria
Puntos Vive Digital,Secundaria,General,Centro de Desarrollo Vecinal Villa Consota,Tarjeta de Identidad,Masculino,13,Afrocolombiano,Secundaria
Puntos Vive Digital,Primaria,General,Centro de Desarrollo Vecinal Villa Consota,Registro Civil,Masculino,7,mestizo,Primaria
Puntos Vive Digital,Secundaria,General,Centro de Desarrollo Vecinal Villa Consota,Tarjeta de Identidad,Masculino,13,mestizo,Secundaria
Puntos Vive Digital,Secundaria,General,Centro de Desarrollo Vecinal Villa Consota,Tarjeta de Identidad,Masculino,14,Afrocolombiano,Secundaria
Puntos Vive Digital,Secundaria,General,Centro de Desarrollo Vecinal Villa Consota,Tarjeta de Identidad,Masculino,14,mestizo,Secundaria
Puntos Vive Digital,Secundaria,General,Centro de Desarrollo Vecinal Villa Consota,Tarjeta de Identidad,Masculino,13,mestizo,Secundaria
Puntos Vive Digital,Secundaria,General,Centro de Desarrollo Vecinal Villa Consota,Tarjeta de Identidad,Masculino,14,Afrocolombiano,Secundaria
Puntos Vive Digital,tecnico,General,SAN FERNANDO CUBA,Cédula Ciudadanía,Femenino,19,NA,tecnico
Puntos Vive Digital,secundaria,General,SAN FERNANDO CUBA,Cédula Ciudadanía,Femenino,18,NA,secundaria
Puntos Vive Digital,tecnico,General,SAN FERNANDO CUBA,Cédula Ciudadanía,Femenino,18,NA,tecnico
Puntos Vive Digital,Tecnico,General,SAN FERNANDO CUBA,Cédula Ciudadanía,Masculino,20,NA,Tecnico
Puntos Vive Digital,Tecnico,General,SAN FERNANDO CUBA,Cédula Ciudadanía,Masculino,20,NA,Tecnico
Puntos Vive Digital,secundaria,General,SAN FERNANDO CUBA,Cédula Ciudadanía,Femenino,18,NA,secundaria
Puntos Vive Digital,tecnico,General,SAN FERNANDO CUBA,Cédula Ciudadanía,Femenino,22,NA,tecnico
Puntos Vive Digital,tecnico,General,SAN FERNANDO CUBA,Cédula Ciudadanía,Femenino,18,NA,tecnico
Puntos Vive Digital,secundaria,General,SAN FERNANDO CUBA,Cédula Ciudadanía,Femenino,34,NA,secundaria
Puntos Vive Digital,Secundaria,General,CENTRO CULUTRAL LUCY TEJADA,Cédula Ciudadanía,Masculino,34,NA,Secundaria
Puntos Vive Digital,Secundaria,General,SAN FERNANDO CUBA,Tarjeta de Identidad,Masculino,12,Afrocolombiano,Secundaria
Puntos Vive Digital,secundaria,General,SAN FERNANDO CUBA,Cédula Ciudadanía,Femenino,34,NA,secundaria
Puntos Vive Digital,secundaria,General,SAN FERNANDO CUBA,Tarjeta de Identidad,Femenino,17,NA,secundaria
Puntos Vive Digital,postgrado,General,SAN FERNANDO CUBA,Cédula Ciudadanía,Femenino,39,NA,postgrado
Puntos Vive Digital,tecnico,General,SAN FERNANDO CUBA,Cédula Ciudadanía,Femenino,21,NA,tecnico
Puntos Vive Digital,secundaria,General,SAN FERNANDO CUBA,Cédula Ciudadanía,Femenino,18,NA,secundaria
Puntos Vive Digital,Secundaria,General,SAN FERNANDO CUBA,Tarjeta de Identidad,Masculino,17,NA,Secundaria
Puntos Vive Digital,secundaria,General,SAN FERNANDO CUBA,Cédula Ciudadanía,Femenino,19,NA,secundaria
Puntos Vive Digital,Secundaria,General,SAN FERNANDO CUBA,Cédula Ciudadanía,Masculino,18,NA,Secundaria
Puntos Vive Digital,Secundaria,General,SAN FERNANDO CUBA,Cédula Ciudadanía,Masculino,21,NA,Secundaria
Puntos Vive Digital,tecnico,General,SAN FERNANDO CUBA,Cédula Ciudadanía,Femenino,33,NA,tecnico
Puntos Vive Digital,secundaria,General,SAN FERNANDO CUBA,Cédula Ciudadanía,Femenino,24,NA,secundaria
Puntos Vive Digital,Tecnico,General,SAN FERNANDO CUBA,Cédula Ciudadanía,Masculino,18,NA,Tecnico
Puntos Vive Digital,Secundaria,General,SAN FERNANDO CUBA,Cédula Ciudadanía,Masculino,19,NA,Secundaria
Puntos Vive Digital,secundaria,General,SAN FERNANDO CUBA,Cédula Ciudadanía,Femenino,25,NA,secundaria
Puntos Vive Digital,Tecnico,General,SAN FERNANDO CUBA,Cédula Ciudadanía,Masculino,18,NA,Tecnico
Puntos Vive Digital,secundaria,General,SAN FERNANDO CUBA,Cédula Ciudadanía,Femenino,20,NA,secundaria
Puntos Vive Digital,secundaria,General,SAN FERNANDO CUBA,Cédula Ciudadanía,Femenino,27,NA,secundaria
Puntos Vive Digital,Secundaria,General,El remanso,Tarjeta de Identidad,Masculino,13,NA,Secundaria
Puntos Vive Digital,secundaria,General,SAN FERNANDO CUBA,Cédula Ciudadanía,Femenino,25,NA,secundaria
Puntos Vive Digital,Secundaria,General,SAN FERNANDO CUBA,Cédula Ciudadanía,Masculino,29,NA,Secundaria
Puntos Vive Digital,secundaria,General,SAN FERNANDO CUBA,Tarjeta de Identidad,Femenino,17,NA,secundaria
Puntos Vive Digital,tecnico,General,SAN FERNANDO CUBA,Cédula Ciudadanía,Femenino,18,NA,tecnico
Puntos Vive Digital,tecnico,General,SAN FERNANDO CUBA,Cédula Ciudadanía,Femenino,18,NA,tecnico
Puntos Vive Digital,secundaria,General,SAN FERNANDO CUBA,Cédula Ciudadanía,Femenino,18,NA,secundaria
Puntos Vive Digital,secundaria,General,SAN FERNANDO CUBA,Cédula Ciudadanía,Femenino,20,NA,secundaria
Puntos Vive Digital,secundaria,General,SAN FERNANDO CUBA,Cédula Ciudadanía,Femenino,20,NA,secundaria
Puntos Vive Digital,Secundaria,General,SAN FERNANDO CUBA,Cédula Ciudadanía,Masculino,18,NA,Secundaria
Puntos Vive Digital,secundaria,General,SAN FERNANDO CUBA,Cédula Ciudadanía,Femenino,27,NA,secundaria
Puntos Vive Digital,Primaria,General,El remanso,Tarjeta de Identidad,Masculino,10,mestizo,Primaria
Puntos Vive Digital,Primaria,General,El remanso,Tarjeta de Identidad,Masculino,12,NA,Primaria
Puntos Vive Digital,Secundaria,General,CENTRO CULUTRAL LUCY TEJADA,Cédula Ciudadanía,Masculino,33,NA,Secundaria
Puntos Vive Digital,universitario,General,El remanso,Cédula Ciudadanía,Masculino,35,Afrocolombiano,universitario
Puntos Vive Digital,primaria,General,El remanso,Tarjeta de Identidad,Femenino,8,mestizo,primaria
Puntos Vive Digital,Primaria,General,Centro de Desarrollo Vecinal Villa Consota,Tarjeta de Identidad,Masculino,9,mestizo,Primaria
Puntos Vive Digital,primaria,General,El remanso,Tarjeta de Identidad,Femenino,10,Afrocolombiano,primaria
Puntos Vive Digital,Secundaria,General,Centro de Desarrollo Vecinal Villa Consota,Tarjeta de Identidad,Masculino,16,mestizo,Secundaria
Puntos Vive Digital,primaria,General,Centro Administrativo La Bella,Tarjeta de Identidad,Femenino,10,NA,primaria
Puntos Vive Digital,secundaria,General,Centro Administrativo La Bella,Tarjeta de Identidad,Femenino,13,NA,secundaria
Puntos Vive Digital,Primaria,General,Centro Administrativo La Bella,Tarjeta de Identidad,Masculino,11,NA,Primaria
Puntos Vive Digital,Primaria,General,Centro Administrativo La Bella,Tarjeta de Identidad,Masculino,12,NA,Primaria
Puntos Vive Digital,primaria,General,CENTRO CULUTRAL LUCY TEJADA,Tarjeta de Identidad,Femenino,15,NA,primaria
Puntos Vive Digital,Primaria,General,CENTRO CULUTRAL LUCY TEJADA,Tarjeta de Identidad,Masculino,16,NA,Primaria
Puntos Vive Digital,secundaria,General,SAN FERNANDO CUBA,Cédula Ciudadanía,Femenino,27,NA,secundaria
Puntos Vive Digital,tecnico,General,SAN FERNANDO CUBA,Tarjeta de Identidad,Femenino,17,NA,tecnico
Puntos Vive Digital,Secundaria,General,SAN FERNANDO CUBA,Cédula Ciudadanía,Masculino,29,NA,Secundaria
Puntos Vive Digital,secundaria,General,CENTRO CULUTRAL LUCY TEJADA,Cédula Ciudadanía,Femenino,59,NA,secundaria
Puntos Vive Digital,secundaria,General,CENTRO CULUTRAL LUCY TEJADA,Cédula Ciudadanía,Femenino,65,NA,secundaria
Puntos Vive Digital,primaria,General,CENTRO CULUTRAL LUCY TEJADA,Cédula Ciudadanía,Femenino,56,NA,primaria
Puntos Vive Digital,universitario,General,CENTRO CULUTRAL LUCY TEJADA,Cédula Ciudadanía,Masculino,57,NA,universitario
Puntos Vive Digital,secundaria,General,SAN FERNANDO CUBA,Cédula Ciudadanía,Femenino,19,NA,secundaria
Puntos Vive Digital,postgrado,General,CENTRO CULUTRAL LUCY TEJADA,Cédula Ciudadanía,Femenino,74,NA,postgrado
Puntos Vive Digital,secundaria,General,SAN FERNANDO CUBA,Cédula Ciudadanía,Femenino,35,NA,secundaria
Puntos Vive Digital,secundaria,General,SAN FERNANDO CUBA,Cédula Ciudadanía,Femenino,27,NA,secundaria
Puntos Vive Digital,tecnologico,General,SAN FERNANDO CUBA,Cédula Ciudadanía,Femenino,34,NA,tecnologico
Puntos Vive Digital,universitario,General,CENTRO CULUTRAL LUCY TEJADA,Cédula Ciudadanía,Femenino,70,NA,universitario
Puntos Vive Digital,secundaria,General,CENTRO CULUTRAL LUCY TEJADA,Cédula Ciudadanía,Femenino,54,NA,secundaria
Puntos Vive Digital,Secundaria,General,CENTRO CULUTRAL LUCY TEJADA,Cédula Ciudadanía,Masculino,58,NA,Secundaria
Puntos Vive Digital,Secundaria,General,CENTRO CULUTRAL LUCY TEJADA,Cédula Ciudadanía,Masculino,61,NA,Secundaria
Puntos Vive Digital,Secundaria,General,CENTRO CULUTRAL LUCY TEJADA,Cédula Ciudadanía,Masculino,33,NA,Secundaria
Puntos Vive Digital,Secundaria,General,Centro de Desarrollo Vecinal Villa Consota,Tarjeta de Identidad,Masculino,17,Afrocolombiano,Secundaria
Puntos Vive Digital,Primaria,General,Centro de Desarrollo Vecinal Villa Consota,Registro Civil,Masculino,7,mestizo,Primaria
Puntos Vive Digital,primaria,General,Centro de Desarrollo Vecinal Villa Consota,Tarjeta de Identidad,Femenino,10,mestizo,primaria
Puntos Vive Digital,postgrado,General,CENTRO CULUTRAL LUCY TEJADA,Cédula Ciudadanía,Femenino,62,NA,postgrado
Puntos Vive Digital,NA,General,CENTRO CULUTRAL LUCY TEJADA,Cédula Ciudadanía,Femenino,62,NA,NA
Puntos Vive Digital,universitario,General,CENTRO CULUTRAL LUCY TEJADA,Otro,Masculino,70,NA,universitario
Puntos Vive Digital,secundaria,General,CENTRO CULUTRAL LUCY TEJADA,Cédula Ciudadanía,Femenino,59,NA,secundaria
Puntos Vive Digital,secundaria,General,CENTRO CULUTRAL LUCY TEJADA,Cédula Ciudadanía,Femenino,71,NA,secundaria
Puntos Vive Digital,Secundaria,General,CENTRO CULUTRAL LUCY TEJADA,Tarjeta de Identidad,Masculino,17,NA,Secundaria
Puntos Vive Digital,universitario,General,CENTRO CULUTRAL LUCY TEJADA,Cédula Ciudadanía,Femenino,63,NA,universitario
Puntos Vive Digital,postgrado,General,CENTRO CULUTRAL LUCY TEJADA,Cédula Ciudadanía,Femenino,56,NA,postgrado
Puntos Vive Digital,universitario,General,CENTRO CULUTRAL LUCY TEJADA,Cédula Ciudadanía,Femenino,23,NA,universitario
Puntos Vive Digital,tecnologico,General,CENTRO CULUTRAL LUCY TEJADA,Cédula Ciudadanía,Femenino,26,NA,tecnologico
Puntos Vive Digital,tecnico,General,CENTRO CULUTRAL LUCY TEJADA,Cédula Ciudadanía,Femenino,45,NA,tecnico
Puntos Vive Digital,Secundaria,General,CENTRO CULUTRAL LUCY TEJADA,Cédula Ciudadanía,Masculino,38,NA,Secundaria
Puntos Vive Digital,secundaria,General,CENTRO CULUTRAL LUCY TEJADA,Cédula Ciudadanía,Femenino,57,NA,secundaria
Puntos Vive Digital,universitario,General,CENTRO CULUTRAL LUCY TEJADA,Cédula Ciudadanía,Masculino,78,NA,universitario
Puntos Vive Digital,tecnico,General,CENTRO CULUTRAL LUCY TEJADA,Cédula Ciudadanía,Femenino,48,NA,tecnico
Puntos Vive Digital,tecnico,General,CENTRO CULUTRAL LUCY TEJADA,Cédula Ciudadanía,Femenino,65,mestizo,tecnico
Puntos Vive Digital,secundaria,General,Centro de Desarrollo Vecinal Villa Consota,Tarjeta de Identidad,Femenino,16,mestizo,secundaria
Puntos Vive Digital,secundaria,General,Centro de Desarrollo Vecinal Villa Consota,Tarjeta de Identidad,Femenino,16,mestizo,secundaria
Puntos Vive Digital,universitario,General,Centro de Desarrollo Vecinal Villa Consota,Cédula Ciudadanía,Femenino,56,mestizo,universitario
Puntos Vive Digital,tecnico,General,Centro de Desarrollo Vecinal Villa Consota,Cédula Ciudadanía,Femenino,31,mestizo,tecnico
Puntos Vive Digital,secundaria,General,Centro de Desarrollo Vecinal Villa Consota,Tarjeta de Identidad,Femenino,15,mestizo,secundaria
Puntos Vive Digital,secundaria,General,Centro de Desarrollo Vecinal Villa Consota,Cédula Ciudadanía,Femenino,41,mestizo,secundaria
Puntos Vive Digital,secundaria,General,Centro de Desarrollo Vecinal Villa Consota,Cédula Ciudadanía,Femenino,47,mestizo,secundaria
Puntos Vive Digital,secundaria,General,Centro de Desarrollo Vecinal Villa Consota,Cédula Ciudadanía,Femenino,21,mestizo,secundaria
Puntos Vive Digital,Secundaria,General,Centro de Desarrollo Vecinal Villa Consota,Tarjeta de Identidad,Masculino,14,mestizo,Secundaria
Puntos Vive Digital,Secundaria,General,Centro de Desarrollo Vecinal Villa Consota,Cédula Ciudadanía,Masculino,23,mestizo,Secundaria
Puntos Vive Digital,postgrado,General,Centro de Desarrollo Vecinal Villa Consota,Cédula Ciudadanía,Femenino,40,mestizo,postgrado
Puntos Vive Digital,tecnico,General,Centro de Desarrollo Vecinal Villa Consota,Cédula Ciudadanía,Femenino,22,mestizo,tecnico
Puntos Vive Digital,secundaria,General,Centro de Desarrollo Vecinal Villa Consota,Cédula Ciudadanía,Femenino,22,mestizo,secundaria
Puntos Vive Digital,tecnico,General,Centro de Desarrollo Vecinal Villa Consota,Cédula Ciudadanía,Femenino,37,mestizo,tecnico
Puntos Vive Digital,tecnico,General,CENTRO CULUTRAL LUCY TEJADA,Cédula Ciudadanía,Femenino,56,NA,tecnico
Puntos Vive Digital,secundaria,General,CENTRO CULUTRAL LUCY TEJADA,Cédula Ciudadanía,Femenino,20,NA,secundaria
Puntos Vive Digital,secundaria,General,CENTRO CULUTRAL LUCY TEJADA,Cédula Ciudadanía,Femenino,62,NA,secundaria
Puntos Vive Digital,secundaria,General,CENTRO CULUTRAL LUCY TEJADA,Cédula Ciudadanía,Femenino,74,NA,secundaria
Puntos Vive Digital,Secundaria,General,CENTRO CULUTRAL LUCY TEJADA,Cédula Ciudadanía,Masculino,43,NA,Secundaria
Puntos Vive Digital,universitario,General,CENTRO CULUTRAL LUCY TEJADA,Cédula Ciudadanía,Femenino,55,NA,universitario
Puntos Vive Digital,postgrado,General,CENTRO CULUTRAL LUCY TEJADA,Cédula Ciudadanía,Femenino,-60,NA,postgrado
Puntos Vive Digital,Secundaria,General,CENTRO CULUTRAL LUCY TEJADA,Cédula Ciudadanía,Masculino,42,NA,Secundaria
Puntos Vive Digital,secundaria,General,SAN FERNANDO CUBA,Cédula Ciudadanía,Femenino,18,NA,secundaria
Puntos Vive Digital,secundaria,General,SAN FERNANDO CUBA,Cédula Ciudadanía,Femenino,20,NA,secundaria
Puntos Vive Digital,Secundaria,General,SAN FERNANDO CUBA,Tarjeta de Identidad,Masculino,15,NA,Secundaria
Puntos Vive Digital,Secundaria,General,SAN FERNANDO CUBA,Tarjeta de Identidad,Masculino,12,Afrocolombiano,Secundaria
Puntos Vive Digital,Secundaria,General,Centro Administrativo La Bella,Tarjeta de Identidad,Masculino,13,NA,Secundaria
Puntos Vive Digital,Secundaria,General,Centro Administrativo La Bella,Tarjeta de Identidad,Masculino,13,NA,Secundaria
Puntos Vive Digital,Secundaria,General,Centro Administrativo La Bella,Tarjeta de Identidad,Masculino,14,NA,Secundaria
Puntos Vive Digital,Secundaria,General,SAN FERNANDO CUBA,Cédula Ciudadanía,Masculino,19,NA,Secundaria
Puntos Vive Digital,Secundaria,General,SAN FERNANDO CUBA,Cédula Ciudadanía,Masculino,29,NA,Secundaria
Puntos Vive Digital,Secundaria,General,CENTRO CULUTRAL LUCY TEJADA,Cédula Ciudadanía,Masculino,33,NA,Secundaria
Puntos Vive Digital,Tecnico,General,SAN FERNANDO CUBA,Cédula Ciudadanía,Masculino,20,NA,Tecnico
Puntos Vive Digital,Secundaria,General,SAN FERNANDO CUBA,Tarjeta de Identidad,Masculino,17,NA,Secundaria
Puntos Vive Digital,tecnico,General,SAN FERNANDO CUBA,Cédula Ciudadanía,Femenino,18,NA,tecnico
Puntos Vive Digital,tecnico,General,SAN FERNANDO CUBA,Cédula Ciudadanía,Femenino,18,NA,tecnico
Puntos Vive Digital,secundaria,General,SAN FERNANDO CUBA,Cédula Ciudadanía,Femenino,34,NA,secundaria
Puntos Vive Digital,universitario,General,CENTRO CULUTRAL LUCY TEJADA,Cédula Ciudadanía,Masculino,76,NA,universitario
Puntos Vive Digital,Primaria,General,El remanso,Tarjeta de Identidad,Masculino,9,Afrocolombiano,Primaria
Puntos Vive Digital,Secundaria,General,El remanso,Cédula Ciudadanía,Masculino,32,mestizo,Secundaria
Puntos Vive Digital,universitario,General,CENTRO CULUTRAL LUCY TEJADA,Cédula Ciudadanía,Femenino,53,NA,universitario
Puntos Vive Digital,Secundaria,General,Centro de Desarrollo Vecinal Villa Consota,Tarjeta de Identidad,Masculino,14,Afrocolombiano,Secundaria
Puntos Vive Digital,Secundaria,General,Centro de Desarrollo Vecinal Villa Consota,Tarjeta de Identidad,Masculino,13,mestizo,Secundaria
Puntos Vive Digital,Primaria,General,Centro de Desarrollo Vecinal Villa Consota,Registro Civil,Masculino,7,mestizo,Primaria
Puntos Vive Digital,Primaria,General,Centro Administrativo La Bella,Tarjeta de Identidad,Masculino,11,NA,Primaria
Puntos Vive Digital,Primaria,General,El remanso,Tarjeta de Identidad,Masculino,12,NA,Primaria
Puntos Vive Digital,primaria,General,Centro Administrativo La Bella,Tarjeta de Identidad,Femenino,9,NA,primaria
Puntos Vive Digital,Secundaria,General,CENTRO CULUTRAL LUCY TEJADA,Cédula Ciudadanía,Masculino,63,NA,Secundaria
Puntos Vive Digital,secundaria,General,CENTRO CULUTRAL LUCY TEJADA,Cédula Ciudadanía,Femenino,62,NA,secundaria
Puntos Vive Digital,tecnico,General,CENTRO CULUTRAL LUCY TEJADA,Cédula Ciudadanía,Femenino,57,NA,tecnico
Puntos Vive Digital,Primaria,General,CENTRO CULUTRAL LUCY TEJADA,Cédula Ciudadanía,Masculino,53,NA,Primaria
Puntos Vive Digital,tecnico,General,CENTRO CULUTRAL LUCY TEJADA,Cédula Ciudadanía,Femenino,54,NA,tecnico
Puntos Vive Digital,tecnologico,General,CENTRO CULUTRAL LUCY TEJADA,Cédula Ciudadanía,Masculino,58,NA,tecnologico
Puntos Vive Digital,tecnico,General,CENTRO CULUTRAL LUCY TEJADA,Cédula Ciudadanía,Femenino,63,NA,tecnico
Puntos Vive Digital,Primaria,General,CENTRO CULUTRAL LUCY TEJADA,Cédula Ciudadanía,Masculino,78,NA,Primaria
Puntos Vive Digital,Primaria,General,CENTRO CULUTRAL LUCY TEJADA,Cédula Ciudadanía,Masculino,78,NA,Primaria
Puntos Vive Digital,primaria,General,CENTRO CULUTRAL LUCY TEJADA,Cédula Ciudadanía,Femenino,60,NA,primaria
Puntos Vive Digital,tecnologico,General,CENTRO CULUTRAL LUCY TEJADA,Cédula Ciudadanía,Femenino,55,mestizo,tecnologico
Puntos Vive Digital,tecnico,General,CENTRO CULUTRAL LUCY TEJADA,Cédula Ciudadanía,Femenino,61,NA,tecnico
Puntos Vive Digital,secundaria,General,CENTRO CULUTRAL LUCY TEJADA,Cédula Ciudadanía,Femenino,76,NA,secundaria
Puntos Vive Digital,secundaria,General,CENTRO CULUTRAL LUCY TEJADA,Cédula Ciudadanía,Femenino,75,NA,secundaria
Puntos Vive Digital,tecnico,General,CENTRO CULUTRAL LUCY TEJADA,Cédula Ciudadanía,Femenino,32,NA,tecnico
Puntos Vive Digital,Secundaria,General,SAN FERNANDO CUBA,Cédula Ciudadanía,Masculino,19,NA,Secundaria
Puntos Vive Digital,secundaria,General,CENTRO CULUTRAL LUCY TEJADA,Cédula Ciudadanía,Femenino,61,NA,secundaria
Puntos Vive Digital,postgrado,General,SAN FERNANDO CUBA,Cédula Ciudadanía,Femenino,39,NA,postgrado
Puntos Vive Digital,secundaria,General,SAN FERNANDO CUBA,Cédula Ciudadanía,Femenino,34,NA,secundaria
Puntos Vive Digital,tecnico,General,SAN FERNANDO CUBA,Cédula Ciudadanía,Femenino,22,NA,tecnico
Puntos Vive Digital,secundaria,General,SAN FERNANDO CUBA,Cédula Ciudadanía,Femenino,18,NA,secundaria
Puntos Vive Digital,secundaria,General,El remanso,Cédula Ciudadanía,Femenino,20,mestizo,secundaria
Puntos Vive Digital,secundaria,General,SAN FERNANDO CUBA,Cédula Ciudadanía,Femenino,27,NA,secundaria
Puntos Vive Digital,Secundaria,General,El remanso,Tarjeta de Identidad,Masculino,12,mestizo,Secundaria
Puntos Vive Digital,secundaria,General,SAN FERNANDO CUBA,Cédula Ciudadanía,Femenino,19,NA,secundaria
Puntos Vive Digital,tecnico,General,SAN FERNANDO CUBA,Cédula Ciudadanía,Femenino,33,NA,tecnico
Puntos Vive Digital,tecnico,General,SAN FERNANDO CUBA,Cédula Ciudadanía,Femenino,21,NA,tecnico
Puntos Vive Digital,secundaria,General,SAN FERNANDO CUBA,Cédula Ciudadanía,Femenino,24,NA,secundaria
Puntos Vive Digital,Secundaria,General,SAN FERNANDO CUBA,Cédula Ciudadanía,Masculino,21,NA,Secundaria
Puntos Vive Digital,Secundaria,General,SAN FERNANDO CUBA,Cédula Ciudadanía,Masculino,21,NA,Secundaria
Puntos Vive Digital,Secundaria,General,SAN FERNANDO CUBA,Cédula Ciudadanía,Masculino,18,NA,Secundaria
Puntos Vive Digital,secundaria,General,SAN FERNANDO CUBA,Cédula Ciudadanía,Femenino,27,NA,secundaria
Puntos Vive Digital,secundaria,General,SAN FERNANDO CUBA,Cédula Ciudadanía,Femenino,27,NA,secundaria
Puntos Vive Digital,secundaria,General,SAN FERNANDO CUBA,Cédula Ciudadanía,Femenino,18,NA,secundaria
Puntos Vive Digital,secundaria,General,SAN FERNANDO CUBA,Cédula Ciudadanía,Femenino,20,NA,secundaria
Puntos Vive Digital,secundaria,General,SAN FERNANDO CUBA,Cédula Ciudadanía,Femenino,20,NA,secundaria
Puntos Vive Digital,secundaria,General,SAN FERNANDO CUBA,Tarjeta de Identidad,Femenino,17,NA,secundaria
Puntos Vive Digital,Secundaria,General,SAN FERNANDO CUBA,Cédula Ciudadanía,Masculino,18,NA,Secundaria
Puntos Vive Digital,Tecnico,General,SAN FERNANDO CUBA,Cédula Ciudadanía,Masculino,18,NA,Tecnico
Puntos Vive Digital,Tecnico,General,SAN FERNANDO CUBA,Cédula Ciudadanía,Masculino,18,NA,Tecnico
Puntos Vive Digital,secundaria,General,SAN FERNANDO CUBA,Cédula Ciudadanía,Femenino,25,NA,secundaria
Puntos Vive Digital,Tecnico,General,SAN FERNANDO CUBA,Tarjeta de Identidad,Masculino,17,NA,Tecnico
Puntos Vive Digital,secundaria,General,SAN FERNANDO CUBA,Cédula Ciudadanía,Femenino,20,NA,secundaria
Puntos Vive Digital,postgrado,General,SAN FERNANDO CUBA,Cédula Ciudadanía,Femenino,39,NA,postgrado
Puntos Vive Digital,tecnico,General,SAN FERNANDO CUBA,Cédula Ciudadanía,Femenino,19,NA,tecnico
Puntos Vive Digital,tecnico,General,SAN FERNANDO CUBA,Cédula Ciudadanía,Femenino,18,NA,tecnico
Puntos Vive Digital,secundaria,General,SAN FERNANDO CUBA,Cédula Ciudadanía,Femenino,18,NA,secundaria
Puntos Vive Digital,Secundaria,General,Centro de Desarrollo Vecinal Villa Consota,Tarjeta de Identidad,Masculino,17,Afrocolombiano,Secundaria
Puntos Vive Digital,Primaria,General,Centro de Desarrollo Vecinal Villa Consota,Tarjeta de Identidad,Masculino,9,mestizo,Primaria
Puntos Vive Digital,Tecnico,General,CENTRO CULUTRAL LUCY TEJADA,Cédula Ciudadanía,Masculino,48,NA,Tecnico
Puntos Vive Digital,Tecnico,General,SAN FERNANDO CUBA,Cédula Ciudadanía,Masculino,18,NA,Tecnico
Puntos Vive Digital,Tecnico,General,CENTRO CULUTRAL LUCY TEJADA,Cédula Ciudadanía,Masculino,23,NA,Tecnico
Puntos Vive Digital,secundaria,General,SAN FERNANDO CUBA,Cédula Ciudadanía,Femenino,71,NA,secundaria
Puntos Vive Digital,Secundaria,General,Centro de Desarrollo Vecinal Villa Consota,Tarjeta de Identidad,Masculino,13,Afrocolombiano,Secundaria
Puntos Vive Digital,Secundaria,General,CENTRO CULUTRAL LUCY TEJADA,Cédula Ciudadanía,Masculino,33,NA,Secundaria
Puntos Vive Digital,Primaria,General,El remanso,Tarjeta de Identidad,Masculino,14,Afrocolombiano,Primaria
Puntos Vive Digital,Secundaria,General,CENTRO CULUTRAL LUCY TEJADA,Cédula Ciudadanía,Masculino,33,NA,Secundaria
Puntos Vive Digital,tecnologico,General,SAN FERNANDO CUBA,Cédula Ciudadanía,Femenino,34,NA,tecnologico
Puntos Vive Digital,Secundaria,General,El remanso,Cédula Ciudadanía,Masculino,23,mestizo,Secundaria
Puntos Vive Digital,Secundaria,General,Centro de Desarrollo Vecinal Villa Consota,Tarjeta de Identidad,Masculino,14,Afrocolombiano,Secundaria
Puntos Vive Digital,Primaria,General,Centro de Desarrollo Vecinal Villa Consota,Registro Civil,Masculino,7,mestizo,Primaria
Puntos Vive Digital,secundaria,General,CENTRO CULUTRAL LUCY TEJADA,Cédula Ciudadanía,Femenino,64,mestizo,secundaria
Puntos Vive Digital,secundaria,General,CENTRO CULUTRAL LUCY TEJADA,Cédula Ciudadanía,Femenino,53,NA,secundaria
Puntos Vive Digital,Primaria,General,Centro de Desarrollo Vecinal Villa Consota,Tarjeta de Identidad,Masculino,9,mestizo,Primaria
Puntos Vive Digital,Secundaria,General,Centro de Desarrollo Vecinal Villa Consota,Tarjeta de Identidad,Masculino,14,Afrocolombiano,Secundaria
Puntos Vive Digital,Primaria,General,Centro de Desarrollo Vecinal Villa Consota,Tarjeta de Identidad,Masculino,7,mestizo,Primaria
Puntos Vive Digital,Secundaria,General,Centro de Desarrollo Vecinal Villa Consota,Tarjeta de Identidad,Masculino,13,mestizo,Secundaria
Puntos Vive Digital,primaria,General,Centro de Desarrollo Vecinal Villa Consota,Tarjeta de Identidad,Femenino,10,mestizo,primaria
Puntos Vive Digital,Primaria,General,Centro Administrativo La Bella,Tarjeta de Identidad,Masculino,12,NA,Primaria
Puntos Vive Digital,Secundaria,General,Centro de Desarrollo Vecinal Villa Consota,Tarjeta de Identidad,Masculino,13,Afrocolombiano,Secundaria
Puntos Vive Digital,tecnologico,General,CENTRO CULUTRAL LUCY TEJADA,Cédula Ciudadanía,Masculino,39,NA,tecnologico
Puntos Vive Digital,tecnico,General,CENTRO CULUTRAL LUCY TEJADA,Cédula Ciudadanía,Femenino,19,NA,tecnico
Puntos Vive Digital,tecnico,General,CENTRO CULUTRAL LUCY TEJADA,Cédula Ciudadanía,Femenino,32,NA,tecnico
Puntos Vive Digital,postgrado,General,CENTRO CULUTRAL LUCY TEJADA,Cédula Ciudadanía,Femenino,38,mestizo,postgrado
Puntos Vive Digital,tecnologico,General,CENTRO CULUTRAL LUCY TEJADA,Cédula Ciudadanía,Femenino,46,NA,tecnologico
Puntos Vive Digital,universitario,General,CENTRO CULUTRAL LUCY TEJADA,Cédula Ciudadanía,Femenino,64,NA,universitario
Puntos Vive Digital,Secundaria,General,CENTRO CULUTRAL LUCY TEJADA,Permiso por Protección Temporal,Masculino,23,NA,Secundaria
Puntos Vive Digital,Secundaria,General,CENTRO CULUTRAL LUCY TEJADA,Cédula Ciudadanía,Masculino,35,NA,Secundaria
Puntos Vive Digital,secundaria,General,CENTRO CULUTRAL LUCY TEJADA,Cédula Ciudadanía,Femenino,40,NA,secundaria
Puntos Vive Digital,Secundaria,General,CENTRO CULUTRAL LUCY TEJADA,Cédula Ciudadanía,Masculino,23,NA,Secundaria
Puntos Vive Digital,secundaria,General,CENTRO CULUTRAL LUCY TEJADA,Tarjeta de Identidad,Femenino,17,NA,secundaria
Puntos Vive Digital,Secundaria,General,CENTRO CULUTRAL LUCY TEJADA,Cédula Ciudadanía,Masculino,43,NA,Secundaria
Puntos Vive Digital,postgrado,General,CENTRO CULUTRAL LUCY TEJADA,Cédula Ciudadanía,Femenino,-60,NA,postgrado
Puntos Vive Digital,tecnico,General,CENTRO CULUTRAL LUCY TEJADA,Cédula Ciudadanía,Femenino,31,NA,tecnico
Puntos Vive Digital,secundaria,General,CENTRO CULUTRAL LUCY TEJADA,Cédula Ciudadanía,Femenino,31,NA,secundaria
Puntos Vive Digital,universitario,General,CENTRO CULUTRAL LUCY TEJADA,Cédula Ciudadanía,Femenino,62,NA,universitario
Puntos Vive Digital,secundaria,General,CENTRO CULUTRAL LUCY TEJADA,Cédula Ciudadanía,Femenino,68,NA,secundaria
Puntos Vive Digital,Secundaria,General,SAN FERNANDO CUBA,Tarjeta de Identidad,Masculino,17,NA,Secundaria
Puntos Vive Digital,secundaria,General,SAN FERNANDO CUBA,Cédula Ciudadanía,Femenino,18,NA,secundaria
Puntos Vive Digital,Secundaria,General,SAN FERNANDO CUBA,Tarjeta de Identidad,Masculino,16,NA,Secundaria
Puntos Vive Digital,Secundaria,General,SAN FERNANDO CUBA,Tarjeta de Identidad,Masculino,17,NA,Secundaria
Puntos Vive Digital,Secundaria,General,SAN FERNANDO CUBA,Tarjeta de Identidad,Masculino,15,NA,Secundaria
Puntos Vive Digital,Secundaria,General,SAN FERNANDO CUBA,Cédula Ciudadanía,Masculino,18,NA,Secundaria
Puntos Vive Digital,secundaria,General,SAN FERNANDO CUBA,Tarjeta de Identidad,Femenino,16,NA,secundaria
Puntos Vive Digital,Secundaria,General,SAN FERNANDO CUBA,Cédula Ciudadanía,Masculino,19,NA,Secundaria
Puntos Vive Digital,secundaria,General,SAN FERNANDO CUBA,Permiso por Protección Temporal,Femenino,17,NA,secundaria
Puntos Vive Digital,secundaria,General,SAN FERNANDO CUBA,Tarjeta de Identidad,Femenino,17,NA,secundaria
Puntos Vive Digital,Secundaria,General,SAN FERNANDO CUBA,Permiso por Protección Temporal,Masculino,18,NA,Secundaria
Puntos Vive Digital,Secundaria,General,SAN FERNANDO CUBA,Tarjeta de Identidad,Masculino,17,NA,Secundaria
Puntos Vive Digital,secundaria,General,SAN FERNANDO CUBA,Tarjeta de Identidad,Femenino,15,NA,secundaria
Puntos Vive Digital,Secundaria,General,SAN FERNANDO CUBA,Cédula Ciudadanía,Masculino,19,NA,Secundaria
Puntos Vive Digital,Secundaria,General,Centro Administrativo La Bella,Cédula Ciudadanía,Masculino,23,NA,Secundaria
Puntos Vive Digital,Primaria,General,Centro Administrativo La Bella,Tarjeta de Identidad,Masculino,11,NA,Primaria
Puntos Vive Digital,tecnologico,General,CENTRO CULUTRAL LUCY TEJADA,Cédula Ciudadanía,Masculino,71,NA,tecnologico
Puntos Vive Digital,secundaria,General,CENTRO CULUTRAL LUCY TEJADA,Cédula Ciudadanía,Femenino,52,NA,secundaria
Puntos Vive Digital,tecnologico,General,SAN FERNANDO CUBA,Cédula Ciudadanía,Femenino,34,NA,tecnologico
Puntos Vive Digital,Secundaria,General,Centro Administrativo La Bella,Tarjeta de Identidad,Masculino,17,NA,Secundaria
Puntos Vive Digital,secundaria,General,SAN FERNANDO CUBA,Cédula Ciudadanía,Femenino,71,NA,secundaria
Puntos Vive Digital,Secundaria,General,Centro de Desarrollo Vecinal Villa Consota,Tarjeta de Identidad,Masculino,17,Afrocolombiano,Secundaria
Puntos Vive Digital,Primaria,General,Centro de Desarrollo Vecinal Villa Consota,Registro Civil,Masculino,7,mestizo,Primaria
Puntos Vive Digital,Secundaria,General,CENTRO CULUTRAL LUCY TEJADA,Cédula Ciudadanía,Masculino,42,NA,Secundaria
Puntos Vive Digital,Tecnico,General,CENTRO CULUTRAL LUCY TEJADA,Cédula Ciudadanía,Masculino,23,NA,Tecnico
Puntos Vive Digital,tecnologico,General,CENTRO CULUTRAL LUCY TEJADA,Cédula Ciudadanía,Masculino,71,Afrocolombiano,tecnologico
Puntos Vive Digital,tecnologico,General,SAN FERNANDO CUBA,Cédula Ciudadanía,Femenino,34,NA,tecnologico
Puntos Vive Digital,secundaria,General,CENTRO CULUTRAL LUCY TEJADA,Cédula Ciudadanía,Femenino,37,NA,secundaria
Puntos Vive Digital,secundaria,General,CENTRO CULUTRAL LUCY TEJADA,Cédula Ciudadanía,Femenino,36,NA,secundaria
Puntos Vive Digital,secundaria,General,CENTRO CULUTRAL LUCY TEJADA,Cédula Ciudadanía,Femenino,27,NA,secundaria
Puntos Vive Digital,Tecnico,General,CENTRO CULUTRAL LUCY TEJADA,Cédula Ciudadanía,Masculino,28,NA,Tecnico
Puntos Vive Digital,universitario,General,CENTRO CULUTRAL LUCY TEJADA,Cédula Ciudadanía,Masculino,68,NA,universitario
Puntos Vive Digital,secundaria,General,CENTRO CULUTRAL LUCY TEJADA,Cédula Extranjería,Femenino,24,NA,secundaria
Puntos Vive Digital,secundaria,General,El remanso,Tarjeta de Identidad,Femenino,15,mestizo,secundaria
Puntos Vive Digital,secundaria,General,El remanso,Tarjeta de Identidad,Femenino,13,mestizo,secundaria
Puntos Vive Digital,Primaria,General,El remanso,Tarjeta de Identidad,Masculino,9,mestizo,Primaria
Puntos Vive Digital,tecnologico,General,CENTRO CULUTRAL LUCY TEJADA,Cédula Ciudadanía,Femenino,46,NA,tecnologico
Puntos Vive Digital,secundaria,General,El remanso,Cédula Ciudadanía,Femenino,20,mestizo,secundaria
Puntos Vive Digital,universitario,General,CENTRO CULUTRAL LUCY TEJADA,Cédula Ciudadanía,Masculino,28,NA,universitario
Puntos Vive Digital,Secundaria,General,CENTRO CULUTRAL LUCY TEJADA,Cédula Ciudadanía,Masculino,23,NA,Secundaria
Puntos Vive Digital,Primaria,General,El remanso,Tarjeta de Identidad,Masculino,14,Afrocolombiano,Primaria
Puntos Vive Digital,Primaria,General,Centro Administrativo La Bella,Tarjeta de Identidad,Masculino,11,NA,Primaria
Puntos Vive Digital,primaria,General,Centro Administrativo La Bella,Tarjeta de Identidad,Femenino,9,NA,primaria
Puntos Vive Digital,universitario,General,CENTRO CULUTRAL LUCY TEJADA,Cédula Ciudadanía,Femenino,53,NA,universitario
Puntos Vive Digital,Tecnico,General,SAN FERNANDO CUBA,Cédula Ciudadanía,Masculino,18,NA,Tecnico
Puntos Vive Digital,Secundaria,General,SAN FERNANDO CUBA,Cédula Ciudadanía,Masculino,19,NA,Secundaria
Puntos Vive Digital,Tecnico,General,SAN FERNANDO CUBA,Cédula Ciudadanía,Masculino,20,NA,Tecnico
Puntos Vive Digital,Tecnico,General,SAN FERNANDO CUBA,Cédula Ciudadanía,Masculino,20,NA,Tecnico
Puntos Vive Digital,secundaria,General,SAN FERNANDO CUBA,Cédula Ciudadanía,Femenino,24,NA,secundaria
Puntos Vive Digital,secundaria,General,SAN FERNANDO CUBA,Cédula Ciudadanía,Femenino,21,NA,secundaria
Puntos Vive Digital,secundaria,General,SAN FERNANDO CUBA,Cédula Ciudadanía,Femenino,18,NA,secundaria
Puntos Vive Digital,tecnico,General,SAN FERNANDO CUBA,Cédula Ciudadanía,Femenino,18,NA,tecnico
Puntos Vive Digital,secundaria,General,SAN FERNANDO CUBA,Cédula Ciudadanía,Femenino,20,NA,secundaria
Puntos Vive Digital,secundaria,General,SAN FERNANDO CUBA,Cédula Ciudadanía,Femenino,27,NA,secundaria
Puntos Vive Digital,secundaria,General,SAN FERNANDO CUBA,Cédula Ciudadanía,Femenino,27,NA,secundaria
Puntos Vive Digital,secundaria,General,SAN FERNANDO CUBA,Cédula Ciudadanía,Femenino,18,NA,secundaria
Puntos Vive Digital,secundaria,General,SAN FERNANDO CUBA,Cédula Ciudadanía,Femenino,19,NA,secundaria
Puntos Vive Digital,secundaria,General,SAN FERNANDO CUBA,Cédula Ciudadanía,Femenino,18,NA,secundaria
Puntos Vive Digital,secundaria,General,SAN FERNANDO CUBA,Cédula Ciudadanía,Femenino,34,NA,secundaria
Puntos Vive Digital,tecnico,General,SAN FERNANDO CUBA,Cédula Ciudadanía,Femenino,22,NA,tecnico
Puntos Vive Digital,secundaria,General,SAN FERNANDO CUBA,Cédula Ciudadanía,Femenino,18,NA,secundaria
Puntos Vive Digital,tecnico,General,SAN FERNANDO CUBA,Cédula Ciudadanía,Femenino,18,NA,tecnico
Puntos Vive Digital,Secundaria,General,SAN FERNANDO CUBA,Cédula Ciudadanía,Masculino,29,NA,Secundaria
Puntos Vive Digital,secundaria,General,SAN FERNANDO CUBA,Tarjeta de Identidad,Femenino,17,NA,secundaria
Puntos Vive Digital,secundaria,General,SAN FERNANDO CUBA,Cédula Ciudadanía,Femenino,25,NA,secundaria
Puntos Vive Digital,secundaria,General,SAN FERNANDO CUBA,Cédula Ciudadanía,Femenino,25,NA,secundaria
Puntos Vive Digital,tecnico,General,SAN FERNANDO CUBA,Cédula Ciudadanía,Femenino,21,NA,tecnico
Puntos Vive Digital,Secundaria,General,SAN FERNANDO CUBA,Cédula Ciudadanía,Masculino,21,NA,Secundaria
Puntos Vive Digital,postgrado,General,SAN FERNANDO CUBA,Cédula Ciudadanía,Femenino,39,NA,postgrado
Puntos Vive Digital,Secundaria,General,SAN FERNANDO CUBA,Cédula Ciudadanía,Masculino,18,NA,Secundaria
Puntos Vive Digital,tecnico,General,SAN FERNANDO CUBA,Cédula Ciudadanía,Femenino,18,NA,tecnico
Puntos Vive Digital,secundaria,General,SAN FERNANDO CUBA,Cédula Ciudadanía,Femenino,20,NA,secundaria
Puntos Vive Digital,secundaria,General,SAN FERNANDO CUBA,Cédula Ciudadanía,Femenino,20,NA,secundaria
Puntos Vive Digital,secundaria,General,SAN FERNANDO CUBA,Cédula Ciudadanía,Femenino,20,NA,secundaria
Puntos Vive Digital,secundaria,General,CENTRO CULUTRAL LUCY TEJADA,Cédula Ciudadanía,Femenino,62,NA,secundaria
Puntos Vive Digital,Secundaria,General,El remanso,Tarjeta de Identidad,Masculino,12,mestizo,Secundaria
Puntos Vive Digital,postgrado,General,CENTRO CULUTRAL LUCY TEJADA,Cédula Ciudadanía,Femenino,-60,NA,postgrado
Puntos Vive Digital,secundaria,General,CENTRO CULUTRAL LUCY TEJADA,Cédula Ciudadanía,Femenino,61,NA,secundaria
Puntos Vive Digital,Secundaria,General,CENTRO CULUTRAL LUCY TEJADA,Cédula Ciudadanía,Masculino,63,NA,Secundaria
Puntos Vive Digital,primaria,General,Centro Administrativo La Bella,Tarjeta de Identidad,Femenino,10,NA,primaria
Puntos Vive Digital,Primaria,General,El remanso,Tarjeta de Identidad,Masculino,12,NA,Primaria
Puntos Vive Digital,primaria,General,CENTRO CULUTRAL LUCY TEJADA,Cédula Ciudadanía,Femenino,60,NA,primaria
Puntos Vive Digital,Secundaria,General,Centro de Desarrollo Vecinal Villa Consota,Tarjeta de Identidad,Masculino,13,Afrocolombiano,Secundaria
Puntos Vive Digital,Secundaria,General,CENTRO CULUTRAL LUCY TEJADA,Tarjeta de Identidad,Masculino,17,mestizo,Secundaria
Puntos Vive Digital,secundaria,General,CENTRO CULUTRAL LUCY TEJADA,Cédula Ciudadanía,Femenino,74,NA,secundaria
Puntos Vive Digital,universitario,General,CENTRO CULUTRAL LUCY TEJADA,Cédula Ciudadanía,Femenino,42,NA,universitario
Puntos Vive Digital,universitario,General,CENTRO CULUTRAL LUCY TEJADA,Cédula Ciudadanía,Femenino,42,NA,universitario
Puntos Vive Digital,Secundaria,General,Centro de Desarrollo Vecinal Villa Consota,Tarjeta de Identidad,Masculino,13,mestizo,Secundaria
Puntos Vive Digital,Secundaria,General,CENTRO CULUTRAL LUCY TEJADA,Cédula Ciudadanía,Masculino,33,NA,Secundaria
Puntos Vive Digital,Secundaria,General,CENTRO CULUTRAL LUCY TEJADA,Cédula Ciudadanía,Masculino,42,NA,Secundaria
Puntos Vive Digital,Primaria,General,Centro de Desarrollo Vecinal Villa Consota,Tarjeta de Identidad,Masculino,9,mestizo,Primaria
Puntos Vive Digital,Primaria,General,El remanso,Tarjeta de Identidad,Masculino,9,Afrocolombiano,Primaria
Puntos Vive Digital,tecnico,General,CENTRO CULUTRAL LUCY TEJADA,Cédula Ciudadanía,Femenino,63,NA,tecnico
Puntos Vive Digital,secundaria,General,CENTRO CULUTRAL LUCY TEJADA,Cédula Ciudadanía,Femenino,62,NA,secundaria
Puntos Vive Digital,tecnologico,General,CENTRO CULUTRAL LUCY TEJADA,Cédula Ciudadanía,Masculino,58,NA,tecnologico
Puntos Vive Digital,tecnico,General,CENTRO CULUTRAL LUCY TEJADA,Cédula Ciudadanía,Femenino,65,mestizo,tecnico
Puntos Vive Digital,tecnico,General,CENTRO CULUTRAL LUCY TEJADA,Cédula Ciudadanía,Femenino,57,NA,tecnico
Puntos Vive Digital,universitario,General,CENTRO CULUTRAL LUCY TEJADA,Cédula Ciudadanía,Masculino,76,NA,universitario
Puntos Vive Digital,Primaria,General,CENTRO CULUTRAL LUCY TEJADA,Cédula Ciudadanía,Masculino,78,NA,Primaria
Puntos Vive Digital,Primaria,General,CENTRO CULUTRAL LUCY TEJADA,Cédula Ciudadanía,Masculino,78,NA,Primaria
Puntos Vive Digital,tecnico,General,CENTRO CULUTRAL LUCY TEJADA,Cédula Ciudadanía,Femenino,61,NA,tecnico
Puntos Vive Digital,secundaria,General,CENTRO CULUTRAL LUCY TEJADA,Cédula Ciudadanía,Femenino,76,NA,secundaria
Puntos Vive Digital,universitario,General,CENTRO CULUTRAL LUCY TEJADA,Cédula Ciudadanía,Masculino,57,NA,universitario
Puntos Vive Digital,Secundaria,General,CENTRO CULUTRAL LUCY TEJADA,Cédula Ciudadanía,Masculino,60,NA,Secundaria
Puntos Vive Digital,secundaria,General,CENTRO CULUTRAL LUCY TEJADA,Cédula Ciudadanía,Femenino,54,NA,secundaria
Puntos Vive Digital,secundaria,General,CENTRO CULUTRAL LUCY TEJADA,Cédula Ciudadanía,Femenino,59,NA,secundaria
Puntos Vive Digital,secundaria,General,CENTRO CULUTRAL LUCY TEJADA,Cédula Ciudadanía,Femenino,72,NA,secundaria
Puntos Vive Digital,secundaria,General,SAN FERNANDO CUBA,Tarjeta de Identidad,Femenino,17,NA,secundaria
Puntos Vive Digital,Tecnico,General,SAN FERNANDO CUBA,Cédula Ciudadanía,Masculino,18,NA,Tecnico
Puntos Vive Digital,tecnico,General,SAN FERNANDO CUBA,Tarjeta de Identidad,Femenino,17,NA,tecnico
Puntos Vive Digital,secundaria,General,SAN FERNANDO CUBA,Cédula Ciudadanía,Femenino,19,NA,secundaria
Puntos Vive Digital,Secundaria,General,SAN FERNANDO CUBA,Cédula Ciudadanía,Masculino,29,NA,Secundaria
Puntos Vive Digital,secundaria,General,SAN FERNANDO CUBA,Cédula Ciudadanía,Femenino,27,NA,secundaria
Puntos Vive Digital,secundaria,General,SAN FERNANDO CUBA,Cédula Ciudadanía,Femenino,24,NA,secundaria
Puntos Vive Digital,secundaria,General,SAN FERNANDO CUBA,Cédula Ciudadanía,Femenino,35,NA,secundaria
Puntos Vive Digital,secundaria,General,SAN FERNANDO CUBA,Cédula Ciudadanía,Femenino,27,NA,secundaria
Puntos Vive Digital,tecnico,General,SAN FERNANDO CUBA,Cédula Ciudadanía,Femenino,19,NA,tecnico
Puntos Vive Digital,secundaria,General,SAN FERNANDO CUBA,Cédula Ciudadanía,Femenino,18,NA,secundaria
Puntos Vive Digital,Secundaria,General,SAN FERNANDO CUBA,Cédula Ciudadanía,Masculino,18,NA,Secundaria
Puntos Vive Digital,tecnico,General,SAN FERNANDO CUBA,Cédula Ciudadanía,Femenino,33,NA,tecnico
Puntos Vive Digital,universitario,General,CENTRO CULUTRAL LUCY TEJADA,Cédula Ciudadanía,Femenino,70,NA,universitario
Puntos Vive Digital,Tecnico,General,SAN FERNANDO CUBA,Tarjeta de Identidad,Masculino,17,NA,Tecnico
Puntos Vive Digital,Secundaria,General,Centro de Desarrollo Vecinal Villa Consota,Tarjeta de Identidad,Masculino,14,Afrocolombiano,Secundaria
Puntos Vive Digital,secundaria,General,CENTRO CULUTRAL LUCY TEJADA,Cédula Ciudadanía,Femenino,57,NA,secundaria
Puntos Vive Digital,Secundaria,General,Centro de Desarrollo Vecinal Villa Consota,Tarjeta de Identidad,Masculino,14,mestizo,Secundaria
Puntos Vive Digital,Secundaria,General,Centro de Desarrollo Vecinal Villa Consota,Tarjeta de Identidad,Masculino,13,mestizo,Secundaria
Puntos Vive Digital,Primaria,General,Centro de Desarrollo Vecinal Villa Consota,Registro Civil,Masculino,7,mestizo,Primaria
Puntos Vive Digital,postgrado,General,CENTRO CULUTRAL LUCY TEJADA,Cédula Ciudadanía,Femenino,74,NA,postgrado
Puntos Vive Digital,tecnologico,General,SAN FERNANDO CUBA,Cédula Ciudadanía,Femenino,34,NA,tecnologico
Puntos Vive Digital,universitario,General,CENTRO CULUTRAL LUCY TEJADA,Cédula Ciudadanía,Masculino,78,NA,universitario
Puntos Vive Digital,secundaria,General,CENTRO CULUTRAL LUCY TEJADA,Cédula Ciudadanía,Femenino,71,NA,secundaria
Puntos Vive Digital,universitario,General,CENTRO CULUTRAL LUCY TEJADA,Otro,Masculino,70,NA,universitario
Puntos Vive Digital,postgrado,General,CENTRO CULUTRAL LUCY TEJADA,Cédula Ciudadanía,Femenino,62,NA,postgrado
Puntos Vive Digital,primaria,General,CENTRO CULUTRAL LUCY TEJADA,Cédula Ciudadanía,Femenino,61,NA,primaria
Puntos Vive Digital,Secundaria,General,CENTRO CULUTRAL LUCY TEJADA,Cédula Ciudadanía,Masculino,33,NA,Secundaria
Puntos Vive Digital,Secundaria,General,CENTRO CULUTRAL LUCY TEJADA,Cédula Ciudadanía,Masculino,35,NA,Secundaria
Puntos Vive Digital,tecnologico,General,SAN FERNANDO CUBA,Cédula Ciudadanía,Femenino,34,NA,tecnologico
Puntos Vive Digital,Secundaria,General,CENTRO CULUTRAL LUCY TEJADA,Cédula Ciudadanía,Masculino,63,NA,Secundaria
Puntos Vive Digital,Primaria,General,El remanso,Tarjeta de Identidad,Masculino,14,Afrocolombiano,Primaria
Puntos Vive Digital,primaria,General,Centro Administrativo La Bella,Tarjeta de Identidad,Femenino,10,NA,primaria
Puntos Vive Digital,Secundaria,General,CENTRO CULUTRAL LUCY TEJADA,Cédula Ciudadanía,Masculino,72,mestizo,Secundaria
Puntos Vive Digital,secundaria,General,CENTRO CULUTRAL LUCY TEJADA,Cédula Ciudadanía,Femenino,62,mestizo,secundaria
Puntos Vive Digital,postgrado,General,CENTRO CULUTRAL LUCY TEJADA,Cédula Ciudadanía,Femenino,38,mestizo,postgrado
Puntos Vive Digital,postgrado,General,CENTRO CULUTRAL LUCY TEJADA,Cédula Ciudadanía,Femenino,38,mestizo,postgrado
Puntos Vive Digital,tecnico,General,CENTRO CULUTRAL LUCY TEJADA,Cédula Ciudadanía,Femenino,32,NA,tecnico
Puntos Vive Digital,tecnologico,General,CENTRO CULUTRAL LUCY TEJADA,Cédula Ciudadanía,Masculino,39,NA,tecnologico
Puntos Vive Digital,tecnico,General,CENTRO CULUTRAL LUCY TEJADA,Cédula Ciudadanía,Femenino,19,NA,tecnico
Puntos Vive Digital,Primaria,General,El remanso,Tarjeta de Identidad,Masculino,12,mestizo,Primaria
Puntos Vive Digital,universitario,General,CENTRO CULUTRAL LUCY TEJADA,Cédula Ciudadanía,Masculino,68,NA,universitario
Puntos Vive Digital,Primaria,General,Centro Administrativo La Bella,Tarjeta de Identidad,Masculino,12,NA,Primaria
Puntos Vive Digital,Secundaria,General,CENTRO CULUTRAL LUCY TEJADA,Cédula Ciudadanía,Masculino,24,NA,Secundaria
Puntos Vive Digital,Primaria,General,Centro Administrativo La Bella,Tarjeta de Identidad,Masculino,11,NA,Primaria
Puntos Vive Digital,primaria,General,El remanso,Tarjeta de Identidad,Femenino,10,Afrocolombiano,primaria
Puntos Vive Digital,primaria,General,El remanso,Tarjeta de Identidad,Femenino,8,mestizo,primaria
Puntos Vive Digital,primaria,General,El remanso,Tarjeta de Identidad,Femenino,8,mestizo,primaria
Puntos Vive Digital,Tecnico,General,CENTRO CULUTRAL LUCY TEJADA,Cédula Ciudadanía,Masculino,23,NA,Tecnico
Puntos Vive Digital,Secundaria,General,CENTRO CULUTRAL LUCY TEJADA,Cédula Ciudadanía,Masculino,33,NA,Secundaria
Puntos Vive Digital,Primaria,General,El remanso,Tarjeta de Identidad,Masculino,12,NA,Primaria
Puntos Vive Digital,secundaria,General,El remanso,Cédula Ciudadanía,Femenino,20,mestizo,secundaria
Puntos Vive Digital,Secundaria,General,El remanso,Tarjeta de Identidad,Masculino,12,mestizo,Secundaria
Puntos Vive Digital,Primaria,General,El remanso,Tarjeta de Identidad,Masculino,12,Afrocolombiano,Primaria
Puntos Vive Digital,Secundaria,General,SAN FERNANDO CUBA,Tarjeta de Identidad,Masculino,13,NA,Secundaria
Puntos Vive Digital,secundaria,General,CENTRO CULUTRAL LUCY TEJADA,Tarjeta de Identidad,Femenino,17,NA,secundaria
Puntos Vive Digital,tecnologico,General,CENTRO CULUTRAL LUCY TEJADA,Cédula Ciudadanía,Femenino,46,NA,tecnologico
Puntos Vive Digital,secundaria,General,SAN FERNANDO CUBA,Cédula Ciudadanía,Femenino,20,NA,secundaria
Puntos Vive Digital,secundaria,General,SAN FERNANDO CUBA,Cédula Ciudadanía,Femenino,21,NA,secundaria
Puntos Vive Digital,secundaria,General,SAN FERNANDO CUBA,Cédula Ciudadanía,Femenino,18,NA,secundaria
Puntos Vive Digital,secundaria,General,SAN FERNANDO CUBA,Cédula Ciudadanía,Femenino,18,NA,secundaria
Puntos Vive Digital,secundaria,General,SAN FERNANDO CUBA,Cédula Ciudadanía,Femenino,18,NA,secundaria
Puntos Vive Digital,Tecnico,General,SAN FERNANDO CUBA,Cédula Ciudadanía,Masculino,20,NA,Tecnico
Puntos Vive Digital,Tecnico,General,SAN FERNANDO CUBA,Cédula Ciudadanía,Masculino,20,NA,Tecnico
Puntos Vive Digital,Secundaria,General,SAN FERNANDO CUBA,Cédula Ciudadanía,Masculino,29,NA,Secundaria
Puntos Vive Digital,secundaria,General,SAN FERNANDO CUBA,Tarjeta de Identidad,Femenino,17,NA,secundaria
Puntos Vive Digital,secundaria,General,SAN FERNANDO CUBA,Cédula Ciudadanía,Femenino,37,NA,secundaria
Puntos Vive Digital,secundaria,General,SAN FERNANDO CUBA,Cédula Ciudadanía,Femenino,35,NA,secundaria
Puntos Vive Digital,Tecnico,General,SAN FERNANDO CUBA,Cédula Ciudadanía,Masculino,18,NA,Tecnico
Puntos Vive Digital,secundaria,General,SAN FERNANDO CUBA,Cédula Ciudadanía,Femenino,35,NA,secundaria
Puntos Vive Digital,secundaria,General,SAN FERNANDO CUBA,Cédula Ciudadanía,Femenino,24,NA,secundaria
Puntos Vive Digital,secundaria,General,SAN FERNANDO CUBA,Cédula Ciudadanía,Femenino,20,NA,secundaria
Puntos Vive Digital,secundaria,General,SAN FERNANDO CUBA,Cédula Ciudadanía,Femenino,20,NA,secundaria
Puntos Vive Digital,secundaria,General,SAN FERNANDO CUBA,Cédula Ciudadanía,Femenino,20,NA,secundaria
Puntos Vive Digital,secundaria,General,SAN FERNANDO CUBA,Cédula Ciudadanía,Femenino,19,NA,secundaria
Puntos Vive Digital,tecnico,General,SAN FERNANDO CUBA,Cédula Ciudadanía,Femenino,18,NA,tecnico
Puntos Vive Digital,tecnico,General,SAN FERNANDO CUBA,Cédula Ciudadanía,Femenino,18,NA,tecnico
Puntos Vive Digital,secundaria,General,SAN FERNANDO CUBA,Cédula Ciudadanía,Femenino,24,NA,secundaria
Puntos Vive Digital,tecnico,General,SAN FERNANDO CUBA,Cédula Ciudadanía,Femenino,21,NA,tecnico
Puntos Vive Digital,universitario,General,CENTRO CULUTRAL LUCY TEJADA,Cédula Ciudadanía,Femenino,62,NA,universitario
Puntos Vive Digital,postgrado,General,CENTRO CULUTRAL LUCY TEJADA,Cédula Ciudadanía,Femenino,-60,NA,postgrado
Puntos Vive Digital,secundaria,General,CENTRO CULUTRAL LUCY TEJADA,Cédula Ciudadanía,Femenino,53,NA,secundaria
Puntos Vive Digital,secundaria,General,CENTRO CULUTRAL LUCY TEJADA,Cédula Ciudadanía,Femenino,68,NA,secundaria
Puntos Vive Digital,secundaria,General,CENTRO CULUTRAL LUCY TEJADA,Cédula Ciudadanía,Femenino,52,NA,secundaria
Puntos Vive Digital,tecnico,General,CENTRO CULUTRAL LUCY TEJADA,Cédula Ciudadanía,Femenino,31,NA,tecnico
Puntos Vive Digital,secundaria,General,SAN FERNANDO CUBA,Cédula Ciudadanía,Femenino,27,NA,secundaria
Puntos Vive Digital,Secundaria,General,SAN FERNANDO CUBA,Cédula Ciudadanía,Masculino,21,NA,Secundaria
Puntos Vive Digital,Tecnico,General,SAN FERNANDO CUBA,Tarjeta de Identidad,Masculino,17,NA,Tecnico
Puntos Vive Digital,tecnico,General,SAN FERNANDO CUBA,Cédula Ciudadanía,Femenino,33,NA,tecnico
Puntos Vive Digital,secundaria,General,SAN FERNANDO CUBA,Cédula Ciudadanía,Femenino,19,NA,secundaria
Puntos Vive Digital,secundaria,General,SAN FERNANDO CUBA,Cédula Ciudadanía,Femenino,27,NA,secundaria
Puntos Vive Digital,Secundaria,General,SAN FERNANDO CUBA,Cédula Ciudadanía,Masculino,18,NA,Secundaria
Puntos Vive Digital,tecnico,General,SAN FERNANDO CUBA,Cédula Ciudadanía,Femenino,19,NA,tecnico
Puntos Vive Digital,secundaria,General,SAN FERNANDO CUBA,Cédula Ciudadanía,Femenino,18,NA,secundaria
Puntos Vive Digital,tecnico,General,SAN FERNANDO CUBA,Cédula Ciudadanía,Femenino,18,NA,tecnico
Puntos Vive Digital,Tecnico,General,CENTRO CULUTRAL LUCY TEJADA,Cédula Ciudadanía,Masculino,54,NA,Tecnico
Puntos Vive Digital,secundaria,General,CENTRO CULUTRAL LUCY TEJADA,Cédula Ciudadanía,Femenino,31,NA,secundaria
Puntos Vive Digital,secundaria,General,CENTRO CULUTRAL LUCY TEJADA,Cédula Ciudadanía,Femenino,71,NA,secundaria
Puntos Vive Digital,secundaria,General,CENTRO CULUTRAL LUCY TEJADA,Cédula Ciudadanía,Femenino,64,mestizo,secundaria
Puntos Vive Digital,Secundaria,General,CENTRO CULUTRAL LUCY TEJADA,Cédula Ciudadanía,Masculino,23,NA,Secundaria
Puntos Vive Digital,Secundaria,General,CENTRO CULUTRAL LUCY TEJADA,Cédula Ciudadanía,Masculino,23,NA,Secundaria
Puntos Vive Digital,secundaria,General,CENTRO CULUTRAL LUCY TEJADA,Tarjeta de Identidad,Femenino,17,NA,secundaria
Puntos Vive Digital,Primaria,General,Centro de Desarrollo Vecinal Villa Consota,Registro Civil,Masculino,7,mestizo,Primaria
Puntos Vive Digital,Secundaria,General,Centro de Desarrollo Vecinal Villa Consota,Tarjeta de Identidad,Masculino,17,Afrocolombiano,Secundaria
Puntos Vive Digital,Secundaria,General,Centro de Desarrollo Vecinal Villa Consota,Tarjeta de Identidad,Masculino,14,Afrocolombiano,Secundaria
Puntos Vive Digital,universitario,General,El remanso,Cédula Ciudadanía,Masculino,35,Afrocolombiano,universitario
Puntos Vive Digital,tecnologico,General,CENTRO CULUTRAL LUCY TEJADA,Cédula Ciudadanía,Femenino,46,NA,tecnologico
Puntos Vive Digital,secundaria,General,CENTRO CULUTRAL LUCY TEJADA,Cédula Ciudadanía,Femenino,40,NA,secundaria
Puntos Vive Digital,Primaria,General,El remanso,Tarjeta de Identidad,Masculino,14,Afrocolombiano,Primaria
Puntos Vive Digital,Primaria,General,Centro Administrativo La Bella,Tarjeta de Identidad,Masculino,12,NA,Primaria
Puntos Vive Digital,Primaria,General,Centro Administrativo La Bella,Tarjeta de Identidad,Masculino,11,NA,Primaria
Puntos Vive Digital,Primaria,General,El remanso,Tarjeta de Identidad,Masculino,12,NA,Primaria
Puntos Vive Digital,Secundaria,General,El remanso,Tarjeta de Identidad,Masculino,13,mestizo,Secundaria
Puntos Vive Digital,Primaria,General,El remanso,Tarjeta de Identidad,Masculino,8,Afrocolombiano,Primaria
Puntos Vive Digital,Secundaria,General,El remanso,Tarjeta de Identidad,Masculino,12,mestizo,Secundaria
Puntos Vive Digital,universitario,General,CENTRO CULUTRAL LUCY TEJADA,Cédula Ciudadanía,Femenino,31,NA,universitario
Puntos Vive Digital,universitario,General,CENTRO CULUTRAL LUCY TEJADA,Cédula Ciudadanía,Femenino,31,NA,universitario
Puntos Vive Digital,primaria,General,Centro Administrativo La Bella,Tarjeta de Identidad,Femenino,9,NA,primaria
Puntos Vive Digital,Secundaria,General,El remanso,Tarjeta de Identidad,Masculino,15,mestizo,Secundaria
Puntos Vive Digital,secundaria,General,El remanso,Tarjeta de Identidad,Femenino,13,mestizo,secundaria
Puntos Vive Digital,Secundaria,General,CENTRO CULUTRAL LUCY TEJADA,Cédula Ciudadanía,Masculino,42,NA,Secundaria
Puntos Vive Digital,Primaria,General,El remanso,Tarjeta de Identidad,Masculino,8,mestizo,Primaria
Puntos Vive Digital,Secundaria,General,CENTRO CULUTRAL LUCY TEJADA,Cédula Ciudadanía,Masculino,42,NA,Secundaria
Puntos Vive Digital,postgrado,General,SAN FERNANDO CUBA,Cédula Ciudadanía,Femenino,39,NA,postgrado
Puntos Vive Digital,Secundaria,General,SAN FERNANDO CUBA,Cédula Ciudadanía,Masculino,19,NA,Secundaria
Puntos Vive Digital,secundaria,General,SAN FERNANDO CUBA,Cédula Ciudadanía,Femenino,27,NA,secundaria
Puntos Vive Digital,secundaria,General,SAN FERNANDO CUBA,Tarjeta de Identidad,Femenino,17,NA,secundaria
Puntos Vive Digital,secundaria,General,SAN FERNANDO CUBA,Cédula Ciudadanía,Femenino,34,NA,secundaria
Puntos Vive Digital,tecnico,General,SAN FERNANDO CUBA,Cédula Ciudadanía,Femenino,22,NA,tecnico
Puntos Vive Digital,secundaria,General,SAN FERNANDO CUBA,Cédula Ciudadanía,Femenino,18,NA,secundaria
Puntos Vive Digital,Secundaria,General,SAN FERNANDO CUBA,Tarjeta de Identidad,Masculino,17,NA,Secundaria
Puntos Vive Digital,secundaria,General,CENTRO CULUTRAL LUCY TEJADA,Cédula Ciudadanía,Femenino,52,NA,secundaria
Puntos Vive Digital,secundaria,General,CENTRO CULUTRAL LUCY TEJADA,Cédula Ciudadanía,Femenino,65,NA,secundaria
Puntos Vive Digital,universitario,General,CENTRO CULUTRAL LUCY TEJADA,Cédula Ciudadanía,Femenino,69,NA,universitario
Puntos Vive Digital,secundaria,General,CENTRO CULUTRAL LUCY TEJADA,Cédula Ciudadanía,Femenino,59,NA,secundaria
Puntos Vive Digital,secundaria,General,CENTRO CULUTRAL LUCY TEJADA,Cédula Ciudadanía,Femenino,72,NA,secundaria
Puntos Vive Digital,universitario,General,CENTRO CULUTRAL LUCY TEJADA,Cédula Ciudadanía,Masculino,57,NA,universitario
Puntos Vive Digital,universitario,General,CENTRO CULUTRAL LUCY TEJADA,Cédula Ciudadanía,Masculino,57,NA,universitario
Puntos Vive Digital,secundaria,General,CENTRO CULUTRAL LUCY TEJADA,Cédula Ciudadanía,Femenino,54,NA,secundaria
Puntos Vive Digital,primaria,General,CENTRO CULUTRAL LUCY TEJADA,Cédula Ciudadanía,Femenino,56,NA,primaria
Puntos Vive Digital,secundaria,General,SAN FERNANDO CUBA,Cédula Ciudadanía,Femenino,24,NA,secundaria
Puntos Vive Digital,Secundaria,General,SAN FERNANDO CUBA,Cédula Ciudadanía,Masculino,21,NA,Secundaria
Puntos Vive Digital,secundaria,General,SAN FERNANDO CUBA,Cédula Ciudadanía,Femenino,19,NA,secundaria
Puntos Vive Digital,secundaria,General,SAN FERNANDO CUBA,Cédula Ciudadanía,Femenino,27,NA,secundaria
Puntos Vive Digital,tecnico,General,SAN FERNANDO CUBA,Cédula Ciudadanía,Femenino,33,NA,tecnico
Puntos Vive Digital,secundaria,General,SAN FERNANDO CUBA,Cédula Ciudadanía,Femenino,27,NA,secundaria
Puntos Vive Digital,Secundaria,General,SAN FERNANDO CUBA,Cédula Ciudadanía,Masculino,29,NA,Secundaria
Puntos Vive Digital,secundaria,General,SAN FERNANDO CUBA,Cédula Ciudadanía,Femenino,20,NA,secundaria
Puntos Vive Digital,Secundaria,General,SAN FERNANDO CUBA,Cédula Ciudadanía,Masculino,18,NA,Secundaria
Puntos Vive Digital,secundaria,General,SAN FERNANDO CUBA,Cédula Ciudadanía,Femenino,18,NA,secundaria
Puntos Vive Digital,secundaria,General,SAN FERNANDO CUBA,Cédula Ciudadanía,Femenino,37,NA,secundaria
Puntos Vive Digital,tecnico,General,SAN FERNANDO CUBA,Tarjeta de Identidad,Femenino,17,NA,tecnico
Puntos Vive Digital,secundaria,General,SAN FERNANDO CUBA,Cédula Ciudadanía,Femenino,19,NA,secundaria
Puntos Vive Digital,secundaria,General,SAN FERNANDO CUBA,Cédula Ciudadanía,Femenino,20,NA,secundaria
Puntos Vive Digital,secundaria,General,SAN FERNANDO CUBA,Cédula Ciudadanía,Femenino,18,NA,secundaria
Puntos Vive Digital,secundaria,General,SAN FERNANDO CUBA,Cédula Ciudadanía,Femenino,20,NA,secundaria
Puntos Vive Digital,secundaria,General,SAN FERNANDO CUBA,Cédula Ciudadanía,Femenino,18,NA,secundaria
Puntos Vive Digital,Tecnico,General,SAN FERNANDO CUBA,Cédula Ciudadanía,Masculino,18,NA,Tecnico
Puntos Vive Digital,tecnico,General,SAN FERNANDO CUBA,Cédula Ciudadanía,Femenino,18,NA,tecnico
Puntos Vive Digital,secundaria,General,SAN FERNANDO CUBA,Cédula Ciudadanía,Femenino,25,NA,secundaria
Puntos Vive Digital,secundaria,General,SAN FERNANDO CUBA,Tarjeta de Identidad,Femenino,17,NA,secundaria
Puntos Vive Digital,secundaria,General,SAN FERNANDO CUBA,Cédula Ciudadanía,Femenino,27,NA,secundaria
Puntos Vive Digital,secundaria,General,SAN FERNANDO CUBA,Cédula Ciudadanía,Femenino,19,NA,secundaria
Puntos Vive Digital,Tecnico,General,SAN FERNANDO CUBA,Tarjeta de Identidad,Masculino,17,NA,Tecnico
Puntos Vive Digital,tecnico,General,SAN FERNANDO CUBA,Cédula Ciudadanía,Femenino,21,NA,tecnico
Puntos Vive Digital,postgrado,General,CENTRO CULUTRAL LUCY TEJADA,Cédula Ciudadanía,Femenino,74,NA,postgrado
Puntos Vive Digital,Secundaria,General,SAN FERNANDO CUBA,Cédula Ciudadanía,Masculino,18,NA,Secundaria
Puntos Vive Digital,Tecnico,General,SAN FERNANDO CUBA,Cédula Ciudadanía,Masculino,18,NA,Tecnico
Puntos Vive Digital,postgrado,General,CENTRO CULUTRAL LUCY TEJADA,Cédula Ciudadanía,Femenino,62,NA,postgrado
Puntos Vive Digital,secundaria,General,SAN FERNANDO CUBA,Cédula Ciudadanía,Femenino,35,NA,secundaria
Puntos Vive Digital,universitario,General,CENTRO CULUTRAL LUCY TEJADA,Cédula Ciudadanía,Masculino,75,NA,universitario
Puntos Vive Digital,Tecnico,General,CENTRO CULUTRAL LUCY TEJADA,Cédula Ciudadanía,Masculino,59,NA,Tecnico
Puntos Vive Digital,tecnologico,General,CENTRO CULUTRAL LUCY TEJADA,Cédula Ciudadanía,Masculino,71,NA,tecnologico
Puntos Vive Digital,postgrado,General,CENTRO CULUTRAL LUCY TEJADA,Cédula Ciudadanía,Femenino,74,NA,postgrado
Puntos Vive Digital,Primaria,General,El remanso,Tarjeta de Identidad,Masculino,9,Afrocolombiano,Primaria
Puntos Vive Digital,Primaria,General,El remanso,Tarjeta de Identidad,Masculino,12,NA,Primaria
Puntos Vive Digital,secundaria,General,El remanso,Cédula Ciudadanía,Femenino,20,mestizo,secundaria
Puntos Vive Digital,Secundaria,General,El remanso,Tarjeta de Identidad,Masculino,12,mestizo,Secundaria
Puntos Vive Digital,Secundaria,General,CENTRO CULUTRAL LUCY TEJADA,Cédula Ciudadanía,Masculino,33,NA,Secundaria
Puntos Vive Digital,tecnologico,General,SAN FERNANDO CUBA,Cédula Ciudadanía,Femenino,34,NA,tecnologico
Puntos Vive Digital,Secundaria,General,SAN FERNANDO CUBA,Permiso por Protección Temporal,Masculino,18,NA,Secundaria
Puntos Vive Digital,Secundaria,General,SAN FERNANDO CUBA,Cédula Ciudadanía,Masculino,18,NA,Secundaria
Puntos Vive Digital,Secundaria,General,SAN FERNANDO CUBA,Cédula Ciudadanía,Masculino,19,NA,Secundaria
Puntos Vive Digital,Secundaria,General,SAN FERNANDO CUBA,Tarjeta de Identidad,Masculino,16,NA,Secundaria
Puntos Vive Digital,secundaria,General,SAN FERNANDO CUBA,Tarjeta de Identidad,Femenino,17,NA,secundaria
Puntos Vive Digital,secundaria,General,SAN FERNANDO CUBA,Cédula Ciudadanía,Femenino,18,NA,secundaria
Puntos Vive Digital,Secundaria,General,SAN FERNANDO CUBA,Tarjeta de Identidad,Masculino,15,NA,Secundaria
Puntos Vive Digital,secundaria,General,SAN FERNANDO CUBA,Tarjeta de Identidad,Femenino,17,NA,secundaria
Puntos Vive Digital,Secundaria,General,SAN FERNANDO CUBA,Tarjeta de Identidad,Masculino,17,NA,Secundaria
Puntos Vive Digital,Secundaria,General,SAN FERNANDO CUBA,Tarjeta de Identidad,Masculino,17,NA,Secundaria
Puntos Vive Digital,secundaria,General,SAN FERNANDO CUBA,Tarjeta de Identidad,Femenino,15,NA,secundaria
Puntos Vive Digital,secundaria,General,SAN FERNANDO CUBA,Tarjeta de Identidad,Femenino,17,NA,secundaria
Puntos Vive Digital,secundaria,General,SAN FERNANDO CUBA,Permiso por Protección Temporal,Femenino,17,NA,secundaria
Puntos Vive Digital,secundaria,General,SAN FERNANDO CUBA,Tarjeta de Identidad,Femenino,16,NA,secundaria
Puntos Vive Digital,secundaria,General,CENTRO CULUTRAL LUCY TEJADA,Cédula Ciudadanía,Femenino,57,NA,secundaria
Puntos Vive Digital,universitario,General,CENTRO CULUTRAL LUCY TEJADA,Cédula Ciudadanía,Masculino,78,NA,universitario
Puntos Vive Digital,Secundaria,General,CENTRO CULUTRAL LUCY TEJADA,Cédula Ciudadanía,Masculino,61,NA,Secundaria
Puntos Vive Digital,secundaria,General,CENTRO CULUTRAL LUCY TEJADA,Cédula Ciudadanía,Femenino,71,NA,secundaria
Puntos Vive Digital,Secundaria,General,CENTRO CULUTRAL LUCY TEJADA,Cédula Ciudadanía,Masculino,82,NA,Secundaria
Puntos Vive Digital,Secundaria,General,CENTRO CULUTRAL LUCY TEJADA,Cédula Ciudadanía,Masculino,61,NA,Secundaria
Puntos Vive Digital,secundaria,General,CENTRO CULUTRAL LUCY TEJADA,Cédula Ciudadanía,Femenino,53,NA,secundaria
Puntos Vive Digital,tecnico,General,CENTRO CULUTRAL LUCY TEJADA,Cédula Ciudadanía,Femenino,32,NA,tecnico
Puntos Vive Digital,Secundaria,General,El remanso,Tarjeta de Identidad,Masculino,15,mestizo,Secundaria
Puntos Vive Digital,tecnologico,General,SAN FERNANDO CUBA,Cédula Ciudadanía,Femenino,47,NA,tecnologico
Puntos Vive Digital,secundaria,General,CENTRO CULUTRAL LUCY TEJADA,Cédula Ciudadanía,Femenino,76,NA,secundaria
Puntos Vive Digital,tecnologico,General,SAN FERNANDO CUBA,Cédula Ciudadanía,Femenino,47,NA,tecnologico
Puntos Vive Digital,secundaria,General,El remanso,Cédula Ciudadanía,Femenino,20,mestizo,secundaria
Puntos Vive Digital,Secundaria,General,El remanso,Tarjeta de Identidad,Masculino,12,mestizo,Secundaria
Puntos Vive Digital,Secundaria,General,El remanso,Tarjeta de Identidad,Masculino,12,Afrocolombiano,Secundaria
Puntos Vive Digital,Secundaria,General,El remanso,Tarjeta de Identidad,Masculino,15,Afrocolombiano,Secundaria
Puntos Vive Digital,Primaria,General,El remanso,Tarjeta de Identidad,Masculino,8,mestizo,Primaria
Puntos Vive Digital,secundaria,General,El remanso,Tarjeta de Identidad,Femenino,13,mestizo,secundaria
Puntos Vive Digital,Primaria,General,El remanso,Tarjeta de Identidad,Masculino,12,NA,Primaria
Puntos Vive Digital,Primaria,General,El remanso,Tarjeta de Identidad,Masculino,10,mestizo,Primaria
Puntos Vive Digital,secundaria,General,SAN FERNANDO CUBA,Cédula Ciudadanía,Femenino,19,NA,secundaria
Puntos Vive Digital,Secundaria,General,SAN FERNANDO CUBA,Cédula Ciudadanía,Masculino,20,NA,Secundaria
Puntos Vive Digital,tecnico,General,CENTRO CULUTRAL LUCY TEJADA,Cédula Ciudadanía,Femenino,32,NA,tecnico
Puntos Vive Digital,secundaria,General,SAN FERNANDO CUBA,Cédula Ciudadanía,Femenino,20,NA,secundaria
Puntos Vive Digital,Secundaria,General,CENTRO CULUTRAL LUCY TEJADA,Cédula Ciudadanía,Masculino,23,NA,Secundaria
Puntos Vive Digital,secundaria,General,CENTRO CULUTRAL LUCY TEJADA,Cédula Ciudadanía,Femenino,52,NA,secundaria
Puntos Vive Digital,Tecnico,General,CENTRO CULUTRAL LUCY TEJADA,Cédula Ciudadanía,Masculino,48,NA,Tecnico
Puntos Vive Digital,Tecnico,General,SAN FERNANDO CUBA,Cédula Ciudadanía,Masculino,18,NA,Tecnico
Puntos Vive Digital,tecnico,General,CENTRO CULUTRAL LUCY TEJADA,Cédula Ciudadanía,Femenino,19,NA,tecnico
Puntos Vive Digital,postgrado,General,SAN FERNANDO CUBA,Cédula Ciudadanía,Femenino,39,NA,postgrado
Puntos Vive Digital,secundaria,General,CENTRO CULUTRAL LUCY TEJADA,Cédula Ciudadanía,Femenino,68,NA,secundaria
Puntos Vive Digital,Tecnico,General,SAN FERNANDO CUBA,Cédula Ciudadanía,Masculino,18,NA,Tecnico
Puntos Vive Digital,Secundaria,General,SAN FERNANDO CUBA,Cédula Ciudadanía,Masculino,18,NA,Secundaria
Puntos Vive Digital,secundaria,General,SAN FERNANDO CUBA,Cédula Ciudadanía,Femenino,18,NA,secundaria
Puntos Vive Digital,secundaria,General,SAN FERNANDO CUBA,Cédula Ciudadanía,Femenino,20,NA,secundaria
Puntos Vive Digital,secundaria,General,SAN FERNANDO CUBA,Cédula Ciudadanía,Femenino,20,NA,secundaria
Puntos Vive Digital,Tecnico,General,SAN FERNANDO CUBA,Cédula Ciudadanía,Masculino,20,NA,Tecnico
Puntos Vive Digital,Tecnico,General,SAN FERNANDO CUBA,Cédula Ciudadanía,Masculino,20,NA,Tecnico
Puntos Vive Digital,secundaria,General,SAN FERNANDO CUBA,Cédula Ciudadanía,Femenino,37,NA,secundaria
Puntos Vive Digital,secundaria,General,CENTRO CULUTRAL LUCY TEJADA,Cédula Ciudadanía,Femenino,64,mestizo,secundaria
Puntos Vive Digital,secundaria,General,SAN FERNANDO CUBA,Tarjeta de Identidad,Femenino,17,NA,secundaria
Puntos Vive Digital,secundaria,General,SAN FERNANDO CUBA,Tarjeta de Identidad,Femenino,17,NA,secundaria
Puntos Vive Digital,secundaria,General,SAN FERNANDO CUBA,Cédula Ciudadanía,Femenino,20,NA,secundaria
Puntos Vive Digital,Secundaria,General,SAN FERNANDO CUBA,Cédula Ciudadanía,Masculino,29,NA,Secundaria
Puntos Vive Digital,secundaria,General,SAN FERNANDO CUBA,Cédula Ciudadanía,Femenino,27,NA,secundaria
Puntos Vive Digital,secundaria,General,CENTRO CULUTRAL LUCY TEJADA,Cédula Ciudadanía,Femenino,52,NA,secundaria
Puntos Vive Digital,universitario,General,CENTRO CULUTRAL LUCY TEJADA,Cédula Ciudadanía,Femenino,62,NA,universitario
Puntos Vive Digital,secundaria,General,SAN FERNANDO CUBA,Cédula Ciudadanía,Femenino,18,NA,secundaria
Puntos Vive Digital,tecnico,General,SAN FERNANDO CUBA,Cédula Ciudadanía,Femenino,18,NA,tecnico
Puntos Vive Digital,Secundaria,General,SAN FERNANDO CUBA,Tarjeta de Identidad,Masculino,17,NA,Secundaria
Puntos Vive Digital,universitario,General,CENTRO CULUTRAL LUCY TEJADA,Cédula Ciudadanía,Femenino,63,NA,universitario
Puntos Vive Digital,secundaria,General,SAN FERNANDO CUBA,Cédula Ciudadanía,Femenino,25,NA,secundaria
Puntos Vive Digital,Secundaria,General,CENTRO CULUTRAL LUCY TEJADA,Permiso por Protección Temporal,Masculino,23,NA,Secundaria
Puntos Vive Digital,secundaria,General,SAN FERNANDO CUBA,Cédula Ciudadanía,Femenino,27,NA,secundaria
Puntos Vive Digital,postgrado,General,CENTRO CULUTRAL LUCY TEJADA,Cédula Ciudadanía,Femenino,-60,NA,postgrado
Puntos Vive Digital,secundaria,General,SAN FERNANDO CUBA,Cédula Ciudadanía,Femenino,19,NA,secundaria
Puntos Vive Digital,postgrado,General,CENTRO CULUTRAL LUCY TEJADA,Cédula Ciudadanía,Femenino,38,mestizo,postgrado
Puntos Vive Digital,tecnico,General,SAN FERNANDO CUBA,Tarjeta de Identidad,Femenino,17,NA,tecnico
Puntos Vive Digital,secundaria,General,SAN FERNANDO CUBA,Cédula Ciudadanía,Femenino,34,NA,secundaria
Puntos Vive Digital,Tecnico,General,SAN FERNANDO CUBA,Tarjeta de Identidad,Masculino,17,NA,Tecnico
Puntos Vive Digital,tecnico,General,SAN FERNANDO CUBA,Cédula Ciudadanía,Femenino,33,NA,tecnico
Puntos Vive Digital,secundaria,General,SAN FERNANDO CUBA,Cédula Ciudadanía,Femenino,19,NA,secundaria
Puntos Vive Digital,tecnico,General,SAN FERNANDO CUBA,Cédula Ciudadanía,Femenino,21,NA,tecnico
Puntos Vive Digital,tecnico,General,SAN FERNANDO CUBA,Cédula Ciudadanía,Femenino,18,NA,tecnico
Puntos Vive Digital,tecnico,General,SAN FERNANDO CUBA,Cédula Ciudadanía,Femenino,22,NA,tecnico
Puntos Vive Digital,Secundaria,General,SAN FERNANDO CUBA,Cédula Ciudadanía,Masculino,18,NA,Secundaria
Puntos Vive Digital,secundaria,General,SAN FERNANDO CUBA,Cédula Ciudadanía,Femenino,35,NA,secundaria
Puntos Vive Digital,secundaria,General,SAN FERNANDO CUBA,Cédula Ciudadanía,Femenino,18,NA,secundaria
Puntos Vive Digital,tecnico,General,SAN FERNANDO CUBA,Cédula Ciudadanía,Femenino,19,NA,tecnico
Puntos Vive Digital,Secundaria,General,SAN FERNANDO CUBA,Cédula Ciudadanía,Masculino,19,NA,Secundaria
Puntos Vive Digital,secundaria,General,CENTRO CULUTRAL LUCY TEJADA,Cédula Ciudadanía,Femenino,31,NA,secundaria
Puntos Vive Digital,tecnologico,General,CENTRO CULUTRAL LUCY TEJADA,Cédula Ciudadanía,Masculino,71,Afrocolombiano,tecnologico
Puntos Vive Digital,tecnico,General,CENTRO CULUTRAL LUCY TEJADA,Cédula Ciudadanía,Femenino,31,NA,tecnico
Puntos Vive Digital,Primaria,General,El remanso,Tarjeta de Identidad,Masculino,10,mestizo,Primaria
Puntos Vive Digital,Primaria,General,El remanso,Tarjeta de Identidad,Masculino,9,Afrocolombiano,Primaria
Puntos Vive Digital,Primaria,General,El remanso,Tarjeta de Identidad,Masculino,10,mestizo,Primaria
Puntos Vive Digital,Secundaria,General,El remanso,Cédula Ciudadanía,Masculino,22,Afrocolombiano,Secundaria
Puntos Vive Digital,Secundaria,General,CENTRO CULUTRAL LUCY TEJADA,Cédula Ciudadanía,Masculino,33,NA,Secundaria
Puntos Vive Digital,secundaria,General,CENTRO CULUTRAL LUCY TEJADA,Cédula Ciudadanía,Femenino,40,NA,secundaria
Puntos Vive Digital,universitario,General,CENTRO CULUTRAL LUCY TEJADA,Cédula Ciudadanía,Masculino,48,NA,universitario
Puntos Vive Digital,tecnico,General,CENTRO CULUTRAL LUCY TEJADA,Cédula Ciudadanía,Femenino,26,NA,tecnico
Puntos Vive Digital,secundaria,General,CENTRO CULUTRAL LUCY TEJADA,Cédula Ciudadanía,Femenino,71,NA,secundaria
Puntos Vive Digital,secundaria,General,CENTRO CULUTRAL LUCY TEJADA,Cédula Ciudadanía,Femenino,54,NA,secundaria
Puntos Vive Digital,Secundaria,General,CENTRO CULUTRAL LUCY TEJADA,Cédula Ciudadanía,Masculino,42,NA,Secundaria
Puntos Vive Digital,secundaria,General,CENTRO CULUTRAL LUCY TEJADA,Cédula Ciudadanía,Femenino,62,mestizo,secundaria
Puntos Vive Digital,Secundaria,General,CENTRO CULUTRAL LUCY TEJADA,Cédula Ciudadanía,Masculino,72,mestizo,Secundaria
Puntos Vive Digital,postgrado,General,CENTRO CULUTRAL LUCY TEJADA,Cédula Ciudadanía,Femenino,43,NA,postgrado
Puntos Vive Digital,secundaria,General,CENTRO CULUTRAL LUCY TEJADA,Cédula Ciudadanía,Femenino,72,mestizo,secundaria
Puntos Vive Digital,secundaria,General,CENTRO CULUTRAL LUCY TEJADA,Cédula Ciudadanía,Femenino,72,mestizo,secundaria
Puntos Vive Digital,Secundaria,General,CENTRO CULUTRAL LUCY TEJADA,Cédula Ciudadanía,Masculino,63,NA,Secundaria
Puntos Vive Digital,Secundaria,General,El remanso,Tarjeta de Identidad,Masculino,15,Afrocolombiano,Secundaria
Puntos Vive Digital,Secundaria,General,El remanso,Tarjeta de Identidad,Masculino,12,mestizo,Secundaria
Puntos Vive Digital,universitario,General,Centro Administrativo La Bella,Cédula Ciudadanía,Masculino,61,NA,universitario
Puntos Vive Digital,primaria,General,CENTRO CULUTRAL LUCY TEJADA,Registro Civil,Femenino,-16,NA,primaria
Puntos Vive Digital,postgrado,General,Centro Administrativo La Bella,Cédula Ciudadanía,Femenino,69,NA,postgrado
Puntos Vive Digital,secundaria,General,CENTRO CULUTRAL LUCY TEJADA,Cédula Ciudadanía,Femenino,27,NA,secundaria
Puntos Vive Digital,Tecnico,General,CENTRO CULUTRAL LUCY TEJADA,Cédula Ciudadanía,Masculino,53,NA,Tecnico
Puntos Vive Digital,primaria,General,CENTRO CULUTRAL LUCY TEJADA,Registro Civil,Femenino,-16,NA,primaria
Puntos Vive Digital,primaria,General,CENTRO CULUTRAL LUCY TEJADA,Registro Civil,Femenino,-16,NA,primaria
Puntos Vive Digital,tecnico,General,CENTRO CULUTRAL LUCY TEJADA,Cédula Ciudadanía,Femenino,19,NA,tecnico
Puntos Vive Digital,tecnologico,General,CENTRO CULUTRAL LUCY TEJADA,Cédula Ciudadanía,Femenino,46,NA,tecnologico
Puntos Vive Digital,secundaria,General,Centro Administrativo La Bella,Tarjeta de Identidad,Femenino,16,NA,secundaria
Puntos Vive Digital,universitario,General,CENTRO CULUTRAL LUCY TEJADA,Cédula Ciudadanía,Masculino,68,mestizo,universitario
Puntos Vive Digital,universitario,General,CENTRO CULUTRAL LUCY TEJADA,Cédula Ciudadanía,Femenino,37,mestizo,universitario
Puntos Vive Digital,Tecnico,General,CENTRO CULUTRAL LUCY TEJADA,Cédula Ciudadanía,Masculino,28,NA,Tecnico
Puntos Vive Digital,universitario,General,CENTRO CULUTRAL LUCY TEJADA,Cédula Ciudadanía,Femenino,42,NA,universitario
Puntos Vive Digital,Primaria,General,El remanso,Tarjeta de Identidad,Masculino,10,mestizo,Primaria
Puntos Vive Digital,secundaria,General,CENTRO CULUTRAL LUCY TEJADA,Cédula Ciudadanía,Femenino,35,NA,secundaria
Puntos Vive Digital,secundaria,General,CENTRO CULUTRAL LUCY TEJADA,Cédula Ciudadanía,Femenino,28,NA,secundaria
Puntos Vive Digital,Primaria,General,Centro Administrativo La Bella,Tarjeta de Identidad,Masculino,11,NA,Primaria
Puntos Vive Digital,secundaria,General,CENTRO CULUTRAL LUCY TEJADA,Cédula Ciudadanía,Femenino,62,NA,secundaria
Puntos Vive Digital,Primaria,General,El remanso,Tarjeta de Identidad,Masculino,12,NA,Primaria
Puntos Vive Digital,Primaria,General,CENTRO CULUTRAL LUCY TEJADA,Cédula Ciudadanía,Masculino,78,NA,Primaria
Puntos Vive Digital,universitario,General,CENTRO CULUTRAL LUCY TEJADA,Cédula Ciudadanía,Masculino,58,NA,universitario
Puntos Vive Digital,secundaria,General,El remanso,Tarjeta de Identidad,Femenino,15,Afrocolombiano,secundaria
Puntos Vive Digital,secundaria,General,CENTRO CULUTRAL LUCY TEJADA,Cédula Ciudadanía,Femenino,73,NA,secundaria
Puntos Vive Digital,universitario,General,CENTRO CULUTRAL LUCY TEJADA,Cédula Ciudadanía,Femenino,25,NA,universitario
Puntos Vive Digital,Secundaria,General,CENTRO CULUTRAL LUCY TEJADA,Cédula Ciudadanía,Masculino,34,NA,Secundaria
Puntos Vive Digital,Primaria,General,El remanso,Tarjeta de Identidad,Masculino,10,mestizo,Primaria
Puntos Vive Digital,secundaria,General,CENTRO CULUTRAL LUCY TEJADA,Cédula Ciudadanía,Femenino,74,NA,secundaria
Puntos Vive Digital,secundaria,General,CENTRO CULUTRAL LUCY TEJADA,Cédula Ciudadanía,Femenino,62,NA,secundaria
Puntos Vive Digital,secundaria,General,CENTRO CULUTRAL LUCY TEJADA,Cédula Ciudadanía,Femenino,62,NA,secundaria
Puntos Vive Digital,Secundaria,General,El remanso,Tarjeta de Identidad,Masculino,17,Afrocolombiano,Secundaria
Puntos Vive Digital,tecnico,General,CENTRO CULUTRAL LUCY TEJADA,Cédula Ciudadanía,Femenino,57,NA,tecnico
Puntos Vive Digital,tecnico,General,CENTRO CULUTRAL LUCY TEJADA,Cédula Ciudadanía,Femenino,65,mestizo,tecnico
Puntos Vive Digital,secundaria,General,CENTRO CULUTRAL LUCY TEJADA,Cédula Ciudadanía,Femenino,75,NA,secundaria
Puntos Vive Digital,tecnico,General,CENTRO CULUTRAL LUCY TEJADA,Cédula Ciudadanía,Femenino,61,NA,tecnico
Puntos Vive Digital,secundaria,General,El remanso,Tarjeta de Identidad,Femenino,16,mestizo,secundaria
Puntos Vive Digital,secundaria,General,CENTRO CULUTRAL LUCY TEJADA,Cédula Ciudadanía,Femenino,76,NA,secundaria
Puntos Vive Digital,secundaria,General,El remanso,Tarjeta de Identidad,Femenino,15,mestizo,secundaria
Puntos Vive Digital,universitario,General,CENTRO CULUTRAL LUCY TEJADA,Cédula Ciudadanía,Femenino,53,NA,universitario
Puntos Vive Digital,Primaria,General,El remanso,Tarjeta de Identidad,Masculino,9,mestizo,Primaria
Puntos Vive Digital,secundaria,General,El remanso,Tarjeta de Identidad,Femenino,14,mestizo,secundaria
Puntos Vive Digital,Secundaria,General,El remanso,Tarjeta de Identidad,Masculino,15,mestizo,Secundaria
Puntos Vive Digital,secundaria,General,CENTRO CULUTRAL LUCY TEJADA,Cédula Ciudadanía,Femenino,36,NA,secundaria
Puntos Vive Digital,secundaria,General,El remanso,Tarjeta de Identidad,Femenino,17,Afrocolombiano,secundaria
Puntos Vive Digital,secundaria,General,CENTRO CULUTRAL LUCY TEJADA,Cédula Ciudadanía,Femenino,37,NA,secundaria
Puntos Vive Digital,primaria,General,El remanso,Tarjeta de Identidad,Femenino,8,mestizo,primaria
Puntos Vive Digital,primaria,General,El remanso,Tarjeta de Identidad,Femenino,10,Afrocolombiano,primaria
Puntos Vive Digital,Secundaria,General,El remanso,Tarjeta de Identidad,Masculino,12,NA,Secundaria
Puntos Vive Digital,Secundaria,General,CENTRO CULUTRAL LUCY TEJADA,Tarjeta de Identidad,Masculino,17,mestizo,Secundaria
Puntos Vive Digital,Secundaria,General,CENTRO CULUTRAL LUCY TEJADA,Cédula Ciudadanía,Masculino,23,NA,Secundaria
Puntos Vive Digital,secundaria,General,CENTRO CULUTRAL LUCY TEJADA,Cédula Extranjería,Femenino,24,NA,secundaria
Puntos Vive Digital,secundaria,General,SAN FERNANDO CUBA,Cédula Ciudadanía,Femenino,21,NA,secundaria
Puntos Vive Digital,secundaria,General,SAN FERNANDO CUBA,Cédula Ciudadanía,Femenino,18,NA,secundaria
Puntos Vive Digital,secundaria,General,CENTRO CULUTRAL LUCY TEJADA,Cédula Ciudadanía,Femenino,61,NA,secundaria
Puntos Vive Digital,secundaria,General,SAN FERNANDO CUBA,Cédula Ciudadanía,Femenino,20,NA,secundaria
Puntos Vive Digital,secundaria,General,SAN FERNANDO CUBA,Cédula Ciudadanía,Femenino,18,NA,secundaria
Puntos Vive Digital,secundaria,General,SAN FERNANDO CUBA,Cédula Ciudadanía,Femenino,20,NA,secundaria
Puntos Vive Digital,secundaria,General,SAN FERNANDO CUBA,Cédula Ciudadanía,Femenino,18,NA,secundaria
Puntos Vive Digital,Secundaria,General,SAN FERNANDO CUBA,Cédula Ciudadanía,Masculino,20,NA,Secundaria
Puntos Vive Digital,secundaria,General,SAN FERNANDO CUBA,Cédula Ciudadanía,Femenino,27,NA,secundaria
Puntos Vive Digital,secundaria,General,SAN FERNANDO CUBA,Cédula Ciudadanía,Femenino,24,NA,secundaria
Puntos Vive Digital,Secundaria,General,SAN FERNANDO CUBA,Cédula Ciudadanía,Masculino,18,NA,Secundaria
Puntos Vive Digital,secundaria,General,SAN FERNANDO CUBA,Cédula Ciudadanía,Femenino,20,NA,secundaria
Puntos Vive Digital,secundaria,General,SAN FERNANDO CUBA,Cédula Ciudadanía,Femenino,18,NA,secundaria
Puntos Vive Digital,Secundaria,General,SAN FERNANDO CUBA,Tarjeta de Identidad,Masculino,17,NA,Secundaria
Puntos Vive Digital,secundaria,General,SAN FERNANDO CUBA,Cédula Ciudadanía,Femenino,25,NA,secundaria
Puntos Vive Digital,secundaria,General,SAN FERNANDO CUBA,Cédula Ciudadanía,Femenino,25,NA,secundaria
Puntos Vive Digital,secundaria,General,SAN FERNANDO CUBA,Cédula Ciudadanía,Femenino,20,NA,secundaria
Puntos Vive Digital,Secundaria,General,SAN FERNANDO CUBA,Cédula Ciudadanía,Masculino,29,NA,Secundaria
Puntos Vive Digital,secundaria,General,SAN FERNANDO CUBA,Cédula Ciudadanía,Femenino,27,NA,secundaria
Puntos Vive Digital,Tecnico,General,SAN FERNANDO CUBA,Cédula Ciudadanía,Masculino,20,NA,Tecnico
Puntos Vive Digital,Tecnico,General,SAN FERNANDO CUBA,Cédula Ciudadanía,Masculino,20,NA,Tecnico
Puntos Vive Digital,tecnico,General,SAN FERNANDO CUBA,Cédula Ciudadanía,Femenino,18,NA,tecnico
Puntos Vive Digital,tecnico,General,SAN FERNANDO CUBA,Cédula Ciudadanía,Femenino,18,NA,tecnico
Puntos Vive Digital,secundaria,General,SAN FERNANDO CUBA,Cédula Ciudadanía,Femenino,37,NA,secundaria
Puntos Vive Digital,secundaria,General,CENTRO CULUTRAL LUCY TEJADA,Cédula Ciudadanía,Femenino,70,NA,secundaria
Puntos Vive Digital,Secundaria,General,SAN FERNANDO CUBA,Cédula Ciudadanía,Masculino,18,NA,Secundaria
Puntos Vive Digital,Secundaria,General,SAN FERNANDO CUBA,Cédula Ciudadanía,Masculino,21,NA,Secundaria
Puntos Vive Digital,Tecnico,General,SAN FERNANDO CUBA,Tarjeta de Identidad,Masculino,17,NA,Tecnico
Puntos Vive Digital,secundaria,General,SAN FERNANDO CUBA,Cédula Ciudadanía,Femenino,19,NA,secundaria
Puntos Vive Digital,Secundaria,General,SAN FERNANDO CUBA,Cédula Ciudadanía,Masculino,29,NA,Secundaria
Puntos Vive Digital,tecnico,General,SAN FERNANDO CUBA,Cédula Ciudadanía,Femenino,21,NA,tecnico
Puntos Vive Digital,secundaria,General,SAN FERNANDO CUBA,Cédula Ciudadanía,Femenino,27,NA,secundaria
Puntos Vive Digital,Tecnico,General,SAN FERNANDO CUBA,Cédula Ciudadanía,Masculino,18,NA,Tecnico
Puntos Vive Digital,tecnico,General,SAN FERNANDO CUBA,Cédula Ciudadanía,Femenino,19,NA,tecnico
Puntos Vive Digital,secundaria,General,SAN FERNANDO CUBA,Cédula Ciudadanía,Femenino,18,NA,secundaria
Puntos Vive Digital,tecnico,General,SAN FERNANDO CUBA,Tarjeta de Identidad,Femenino,17,NA,tecnico
Puntos Vive Digital,secundaria,General,SAN FERNANDO CUBA,Cédula Ciudadanía,Femenino,19,NA,secundaria
Puntos Vive Digital,secundaria,General,SAN FERNANDO CUBA,Tarjeta de Identidad,Femenino,17,NA,secundaria
Puntos Vive Digital,tecnico,General,SAN FERNANDO CUBA,Cédula Ciudadanía,Femenino,33,NA,tecnico
Puntos Vive Digital,Tecnico,General,CENTRO CULUTRAL LUCY TEJADA,Cédula Ciudadanía,Masculino,54,NA,Tecnico
Puntos Vive Digital,secundaria,General,SAN FERNANDO CUBA,Tarjeta de Identidad,Femenino,17,NA,secundaria
Puntos Vive Digital,secundaria,General,SAN FERNANDO CUBA,Cédula Ciudadanía,Femenino,19,NA,secundaria
Puntos Vive Digital,Primaria,General,El remanso,Tarjeta de Identidad,Masculino,14,Afrocolombiano,Primaria
Puntos Vive Digital,secundaria,General,SAN FERNANDO CUBA,Cédula Ciudadanía,Femenino,27,NA,secundaria
Puntos Vive Digital,secundaria,General,SAN FERNANDO CUBA,Cédula Ciudadanía,Femenino,35,NA,secundaria
Puntos Vive Digital,secundaria,General,SAN FERNANDO CUBA,Cédula Ciudadanía,Femenino,24,NA,secundaria
Puntos Vive Digital,secundaria,General,SAN FERNANDO CUBA,Cédula Ciudadanía,Femenino,34,NA,secundaria
Puntos Vive Digital,secundaria,General,SAN FERNANDO CUBA,Cédula Ciudadanía,Femenino,18,NA,secundaria
Puntos Vive Digital,tecnico,General,SAN FERNANDO CUBA,Cédula Ciudadanía,Femenino,22,NA,tecnico
Puntos Vive Digital,Secundaria,General,CENTRO CULUTRAL LUCY TEJADA,Cédula Ciudadanía,Masculino,33,NA,Secundaria
Puntos Vive Digital,secundaria,General,CENTRO CULUTRAL LUCY TEJADA,Cédula Ciudadanía,Femenino,52,NA,secundaria
Puntos Vive Digital,secundaria,General,El remanso,Tarjeta de Identidad,Femenino,14,mestizo,secundaria
Puntos Vive Digital,Primaria,General,El remanso,Tarjeta de Identidad,Masculino,9,mestizo,Primaria
Puntos Vive Digital,secundaria,General,El remanso,Tarjeta de Identidad,Femenino,16,mestizo,secundaria
Puntos Vive Digital,secundaria,General,CENTRO CULUTRAL LUCY TEJADA,Cédula Extranjería,Femenino,24,NA,secundaria
Puntos Vive Digital,Secundaria,General,El remanso,Tarjeta de Identidad,Masculino,12,Afrocolombiano,Secundaria
Puntos Vive Digital,Secundaria,General,El remanso,Tarjeta de Identidad,Masculino,15,mestizo,Secundaria
Puntos Vive Digital,universitario,General,CENTRO CULUTRAL LUCY TEJADA,Cédula Ciudadanía,Masculino,64,NA,universitario
Puntos Vive Digital,secundaria,General,CENTRO CULUTRAL LUCY TEJADA,Cédula Ciudadanía,Femenino,18,NA,secundaria
Puntos Vive Digital,Secundaria,General,El remanso,Tarjeta de Identidad,Masculino,12,mestizo,Secundaria
Puntos Vive Digital,secundaria,General,CENTRO CULUTRAL LUCY TEJADA,Tarjeta de Identidad,Femenino,13,NA,secundaria
Puntos Vive Digital,universitario,General,CENTRO CULUTRAL LUCY TEJADA,Cédula Ciudadanía,Masculino,54,NA,universitario
Puntos Vive Digital,Primaria,General,El remanso,Tarjeta de Identidad,Masculino,12,NA,Primaria
Puntos Vive Digital,Primaria,General,El remanso,Tarjeta de Identidad,Masculino,10,Afrocolombiano,Primaria
Puntos Vive Digital,Primaria,General,El remanso,Tarjeta de Identidad,Masculino,10,mestizo,Primaria
Puntos Vive Digital,primaria,General,CENTRO CULUTRAL LUCY TEJADA,Cédula Ciudadanía,Femenino,80,NA,primaria
Puntos Vive Digital,Primaria,General,El remanso,Tarjeta de Identidad,Masculino,9,mestizo,Primaria
Puntos Vive Digital,primaria,General,El remanso,Tarjeta de Identidad,Femenino,10,Afrocolombiano,primaria
Puntos Vive Digital,Primaria,General,El remanso,Tarjeta de Identidad,Masculino,10,mestizo,Primaria
Puntos Vive Digital,primaria,General,Centro Administrativo La Bella,Tarjeta de Identidad,Femenino,9,NA,primaria
Puntos Vive Digital,Primaria,General,Centro Administrativo La Bella,Tarjeta de Identidad,Masculino,12,NA,Primaria
Puntos Vive Digital,Primaria,General,Centro Administrativo La Bella,Tarjeta de Identidad,Masculino,11,NA,Primaria
Puntos Vive Digital,Tecnico,General,CENTRO CULUTRAL LUCY TEJADA,Cédula Ciudadanía,Masculino,19,NA,Tecnico
Puntos Vive Digital,Secundaria,General,CENTRO CULUTRAL LUCY TEJADA,Cédula Ciudadanía,Masculino,45,NA,Secundaria
Puntos Vive Digital,Primaria,General,El remanso,Tarjeta de Identidad,Masculino,9,mestizo,Primaria
Puntos Vive Digital,secundaria,General,CENTRO CULUTRAL LUCY TEJADA,Cédula Ciudadanía,Femenino,62,NA,secundaria
Puntos Vive Digital,Secundaria,General,El remanso,Tarjeta de Identidad,Masculino,15,Afrocolombiano,Secundaria
Puntos Vive Digital,Primaria,General,El remanso,Tarjeta de Identidad,Masculino,9,mestizo,Primaria
Puntos Vive Digital,Secundaria,General,El remanso,Tarjeta de Identidad,Masculino,12,Afrocolombiano,Secundaria
Puntos Vive Digital,secundaria,General,CENTRO CULUTRAL LUCY TEJADA,Cédula Ciudadanía,Femenino,31,NA,secundaria
Puntos Vive Digital,secundaria,General,CENTRO CULUTRAL LUCY TEJADA,Cédula Ciudadanía,Femenino,69,NA,secundaria
Puntos Vive Digital,secundaria,General,CENTRO CULUTRAL LUCY TEJADA,Cédula Ciudadanía,Femenino,40,NA,secundaria
Puntos Vive Digital,secundaria,General,CENTRO CULUTRAL LUCY TEJADA,Cédula Ciudadanía,Femenino,69,NA,secundaria
Puntos Vive Digital,secundaria,General,CENTRO CULUTRAL LUCY TEJADA,Cédula Ciudadanía,Femenino,69,NA,secundaria
Puntos Vive Digital,secundaria,General,CENTRO CULUTRAL LUCY TEJADA,Cédula Ciudadanía,Femenino,69,NA,secundaria
Puntos Vive Digital,postgrado,General,CENTRO CULUTRAL LUCY TEJADA,Cédula Ciudadanía,Femenino,38,mestizo,postgrado
Puntos Vive Digital,postgrado,General,CENTRO CULUTRAL LUCY TEJADA,Cédula Ciudadanía,Femenino,-60,NA,postgrado
Puntos Vive Digital,universitario,General,CENTRO CULUTRAL LUCY TEJADA,Cédula Ciudadanía,Masculino,48,NA,universitario
Puntos Vive Digital,Secundaria,General,CENTRO CULUTRAL LUCY TEJADA,Cédula Ciudadanía,Masculino,43,NA,Secundaria
Puntos Vive Digital,secundaria,General,CENTRO CULUTRAL LUCY TEJADA,Cédula Ciudadanía,Femenino,62,NA,secundaria
Puntos Vive Digital,secundaria,General,Centro Administrativo La Bella,Tarjeta de Identidad,Femenino,14,NA,secundaria
Puntos Vive Digital,Tecnico,General,CENTRO CULUTRAL LUCY TEJADA,Cédula Ciudadanía,Masculino,23,NA,Tecnico
Puntos Vive Digital,Secundaria,General,CENTRO CULUTRAL LUCY TEJADA,Cédula Ciudadanía,Masculino,42,NA,Secundaria
Puntos Vive Digital,tecnico,General,CENTRO CULUTRAL LUCY TEJADA,Cédula Ciudadanía,Femenino,31,NA,tecnico
Puntos Vive Digital,universitario,General,CENTRO CULUTRAL LUCY TEJADA,Cédula Ciudadanía,Femenino,63,NA,universitario
Puntos Vive Digital,secundaria,General,CENTRO CULUTRAL LUCY TEJADA,Cédula Ciudadanía,Femenino,71,NA,secundaria
Puntos Vive Digital,secundaria,General,CENTRO CULUTRAL LUCY TEJADA,Cédula Ciudadanía,Femenino,68,NA,secundaria
Puntos Vive Digital,primaria,General,Centro Administrativo La Bella,Tarjeta de Identidad,Femenino,10,NA,primaria
Puntos Vive Digital,tecnico,General,CENTRO CULUTRAL LUCY TEJADA,Cédula Ciudadanía,Femenino,54,NA,tecnico
Puntos Vive Digital,tecnico,General,CENTRO CULUTRAL LUCY TEJADA,Cédula Ciudadanía,Femenino,52,NA,tecnico
Puntos Vive Digital,Secundaria,General,CENTRO CULUTRAL LUCY TEJADA,Cédula Ciudadanía,Masculino,33,NA,Secundaria
Puntos Vive Digital,secundaria,General,CENTRO CULUTRAL LUCY TEJADA,Cédula Ciudadanía,Femenino,72,NA,secundaria
Puntos Vive Digital,secundaria,General,CENTRO CULUTRAL LUCY TEJADA,Cédula Ciudadanía,Femenino,72,mestizo,secundaria
Puntos Vive Digital,tecnologico,General,CENTRO CULUTRAL LUCY TEJADA,Cédula Ciudadanía,Masculino,71,NA,tecnologico
Puntos Vive Digital,Secundaria,General,El remanso,Tarjeta de Identidad,Masculino,12,Afrocolombiano,Secundaria
Puntos Vive Digital,Primaria,General,El remanso,Tarjeta de Identidad,Masculino,9,mestizo,Primaria
Puntos Vive Digital,Tecnico,General,CENTRO CULUTRAL LUCY TEJADA,Cédula Ciudadanía,Masculino,53,NA,Tecnico
Puntos Vive Digital,secundaria,General,CENTRO CULUTRAL LUCY TEJADA,Cédula Ciudadanía,Femenino,37,NA,secundaria
Puntos Vive Digital,postgrado,General,CENTRO CULUTRAL LUCY TEJADA,Cédula Ciudadanía,Femenino,43,NA,postgrado
Puntos Vive Digital,universitario,General,CENTRO CULUTRAL LUCY TEJADA,Cédula Ciudadanía,Femenino,37,mestizo,universitario
Puntos Vive Digital,secundaria,General,CENTRO CULUTRAL LUCY TEJADA,Cédula Ciudadanía,Femenino,28,NA,secundaria
Puntos Vive Digital,tecnologico,General,CENTRO CULUTRAL LUCY TEJADA,Cédula Ciudadanía,Femenino,46,NA,tecnologico
Puntos Vive Digital,universitario,General,CENTRO CULUTRAL LUCY TEJADA,Cédula Ciudadanía,Femenino,25,NA,universitario
Puntos Vive Digital,secundaria,General,CENTRO CULUTRAL LUCY TEJADA,Cédula Ciudadanía,Femenino,35,NA,secundaria
Puntos Vive Digital,secundaria,General,CENTRO CULUTRAL LUCY TEJADA,Cédula Ciudadanía,Femenino,36,NA,secundaria
Puntos Vive Digital,Primaria,General,Centro Administrativo La Bella,Tarjeta de Identidad,Masculino,10,NA,Primaria
Puntos Vive Digital,secundaria,General,CENTRO CULUTRAL LUCY TEJADA,Cédula Extranjería,Femenino,24,NA,secundaria
Puntos Vive Digital,secundaria,General,CENTRO CULUTRAL LUCY TEJADA,Cédula Ciudadanía,Femenino,73,NA,secundaria
Puntos Vive Digital,universitario,General,CENTRO CULUTRAL LUCY TEJADA,Cédula Ciudadanía,Femenino,31,mestizo,universitario
Puntos Vive Digital,universitario,General,CENTRO CULUTRAL LUCY TEJADA,Cédula Ciudadanía,Femenino,31,mestizo,universitario
Puntos Vive Digital,tecnico,General,SAN FERNANDO CUBA,Cédula Ciudadanía,Femenino,48,NA,tecnico
Puntos Vive Digital,universitario,General,CENTRO CULUTRAL LUCY TEJADA,Cédula Ciudadanía,Masculino,48,NA,universitario
Puntos Vive Digital,Primaria,General,El remanso,Tarjeta de Identidad,Masculino,12,NA,Primaria
Puntos Vive Digital,Primaria,General,El remanso,Tarjeta de Identidad,Masculino,9,mestizo,Primaria
Puntos Vive Digital,Primaria,General,El remanso,Tarjeta de Identidad,Masculino,10,mestizo,Primaria
Puntos Vive Digital,Secundaria,General,El remanso,Cédula Ciudadanía,Masculino,32,mestizo,Secundaria
Puntos Vive Digital,Primaria,General,El remanso,Tarjeta de Identidad,Masculino,10,mestizo,Primaria
Puntos Vive Digital,Secundaria,General,El remanso,Tarjeta de Identidad,Masculino,12,mestizo,Secundaria
Puntos Vive Digital,secundaria,General,El remanso,Cédula Ciudadanía,Femenino,20,mestizo,secundaria
Puntos Vive Digital,Primaria,General,El remanso,Tarjeta de Identidad,Masculino,10,Afrocolombiano,Primaria
Puntos Vive Digital,Secundaria,General,CENTRO CULUTRAL LUCY TEJADA,Tarjeta de Identidad,Masculino,17,mestizo,Secundaria
Puntos Vive Digital,Primaria,General,El remanso,Tarjeta de Identidad,Masculino,10,Afrocolombiano,Primaria
Puntos Vive Digital,Secundaria,General,El remanso,Tarjeta de Identidad,Masculino,12,Afrocolombiano,Secundaria
Puntos Vive Digital,Secundaria,General,El remanso,Tarjeta de Identidad,Masculino,15,Afrocolombiano,Secundaria
Puntos Vive Digital,Secundaria,General,CENTRO CULUTRAL LUCY TEJADA,Cédula Ciudadanía,Masculino,23,NA,Secundaria
Puntos Vive Digital,postgrado,General,CENTRO CULUTRAL LUCY TEJADA,Cédula Ciudadanía,Femenino,74,NA,postgrado
Puntos Vive Digital,Secundaria,General,CENTRO CULUTRAL LUCY TEJADA,Cédula Ciudadanía,Masculino,82,NA,Secundaria
Puntos Vive Digital,Secundaria,General,CENTRO CULUTRAL LUCY TEJADA,Cédula Ciudadanía,Masculino,61,NA,Secundaria
Puntos Vive Digital,postgrado,General,CENTRO CULUTRAL LUCY TEJADA,Cédula Ciudadanía,Femenino,62,NA,postgrado
Puntos Vive Digital,postgrado,General,CENTRO CULUTRAL LUCY TEJADA,Otro,Masculino,70,NA,postgrado
Puntos Vive Digital,primaria,General,CENTRO CULUTRAL LUCY TEJADA,Cédula Ciudadanía,Femenino,61,NA,primaria
Puntos Vive Digital,primaria,General,CENTRO CULUTRAL LUCY TEJADA,Cédula Ciudadanía,Femenino,56,NA,primaria
Puntos Vive Digital,universitario,General,CENTRO CULUTRAL LUCY TEJADA,Cédula Ciudadanía,Masculino,57,NA,universitario
Puntos Vive Digital,secundaria,General,CENTRO CULUTRAL LUCY TEJADA,Cédula Ciudadanía,Femenino,65,NA,secundaria
Puntos Vive Digital,postgrado,General,CENTRO CULUTRAL LUCY TEJADA,Cédula Ciudadanía,Femenino,74,NA,postgrado
Puntos Vive Digital,Secundaria,General,CENTRO CULUTRAL LUCY TEJADA,Cédula Ciudadanía,Masculino,33,NA,Secundaria
Puntos Vive Digital,universitario,General,CENTRO CULUTRAL LUCY TEJADA,Cédula Ciudadanía,Masculino,78,NA,universitario
Puntos Vive Digital,universitario,General,CENTRO CULUTRAL LUCY TEJADA,Cédula Ciudadanía,Femenino,69,NA,universitario
Puntos Vive Digital,universitario,General,CENTRO CULUTRAL LUCY TEJADA,Cédula Ciudadanía,Masculino,75,NA,universitario
Puntos Vive Digital,secundaria,General,CENTRO CULUTRAL LUCY TEJADA,Cédula Ciudadanía,Femenino,70,NA,secundaria
Puntos Vive Digital,secundaria,General,CENTRO CULUTRAL LUCY TEJADA,Cédula Ciudadanía,Femenino,57,NA,secundaria
Puntos Vive Digital,Primaria,General,El remanso,Tarjeta de Identidad,Masculino,14,Afrocolombiano,Primaria
Puntos Vive Digital,Primaria,General,El remanso,Tarjeta de Identidad,Masculino,12,mestizo,Primaria
Puntos Vive Digital,secundaria,General,CENTRO CULUTRAL LUCY TEJADA,Cédula Ciudadanía,Femenino,18,NA,secundaria
Puntos Vive Digital,universitario,General,CENTRO CULUTRAL LUCY TEJADA,Cédula Ciudadanía,Femenino,55,NA,universitario
Puntos Vive Digital,Secundaria,General,CENTRO CULUTRAL LUCY TEJADA,Cédula Ciudadanía,Masculino,43,NA,Secundaria
Puntos Vive Digital,postgrado,General,CENTRO CULUTRAL LUCY TEJADA,Cédula Ciudadanía,Femenino,-60,NA,postgrado
Puntos Vive Digital,secundaria,General,CENTRO CULUTRAL LUCY TEJADA,Cédula Ciudadanía,Femenino,18,NA,secundaria
Puntos Vive Digital,Secundaria,General,El remanso,Tarjeta de Identidad,Masculino,13,mestizo,Secundaria
Puntos Vive Digital,secundaria,General,Centro Administrativo La Bella,Tarjeta de Identidad,Femenino,13,NA,secundaria
Puntos Vive Digital,primaria,General,CENTRO CULUTRAL LUCY TEJADA,Cédula Ciudadanía,Femenino,60,NA,primaria
Puntos Vive Digital,Secundaria,General,El remanso,Tarjeta de Identidad,Masculino,12,mestizo,Secundaria
Puntos Vive Digital,secundaria,General,El remanso,Cédula Ciudadanía,Femenino,20,mestizo,secundaria
Puntos Vive Digital,Primaria,General,El remanso,Tarjeta de Identidad,Masculino,12,Afrocolombiano,Primaria
Puntos Vive Digital,secundaria,General,CENTRO CULUTRAL LUCY TEJADA,Cédula Ciudadanía,Femenino,76,NA,secundaria
Puntos Vive Digital,Primaria,General,Centro Administrativo La Bella,Tarjeta de Identidad,Masculino,11,NA,Primaria
Puntos Vive Digital,primaria,General,Centro Administrativo La Bella,Tarjeta de Identidad,Femenino,9,NA,primaria
Puntos Vive Digital,Secundaria,General,El remanso,Tarjeta de Identidad,Masculino,12,Afrocolombiano,Secundaria
Puntos Vive Digital,tecnologico,General,CENTRO CULUTRAL LUCY TEJADA,Cédula Ciudadanía,Femenino,55,mestizo,tecnologico
Puntos Vive Digital,Primaria,General,El remanso,Tarjeta de Identidad,Masculino,12,NA,Primaria
Puntos Vive Digital,secundaria,General,CENTRO CULUTRAL LUCY TEJADA,Cédula Ciudadanía,Femenino,74,NA,secundaria
Puntos Vive Digital,secundaria,General,CENTRO CULUTRAL LUCY TEJADA,Cédula Ciudadanía,Femenino,62,NA,secundaria
Puntos Vive Digital,tecnico,General,CENTRO CULUTRAL LUCY TEJADA,Cédula Ciudadanía,Femenino,63,NA,tecnico
Puntos Vive Digital,tecnico,General,CENTRO CULUTRAL LUCY TEJADA,Cédula Ciudadanía,Femenino,61,NA,tecnico
Puntos Vive Digital,tecnico,General,CENTRO CULUTRAL LUCY TEJADA,Cédula Ciudadanía,Femenino,65,mestizo,tecnico
Puntos Vive Digital,universitario,General,CENTRO CULUTRAL LUCY TEJADA,Cédula Ciudadanía,Masculino,76,NA,universitario
Puntos Vive Digital,tecnico,General,CENTRO CULUTRAL LUCY TEJADA,Cédula Ciudadanía,Femenino,65,mestizo,tecnico
Puntos Vive Digital,secundaria,General,CENTRO CULUTRAL LUCY TEJADA,Cédula Ciudadanía,Femenino,62,NA,secundaria
Puntos Vive Digital,Secundaria,General,El remanso,Tarjeta de Identidad,Masculino,12,Afrocolombiano,Secundaria
Puntos Vive Digital,tecnico,General,CENTRO CULUTRAL LUCY TEJADA,Cédula Ciudadanía,Femenino,57,NA,tecnico
Puntos Vive Digital,Primaria,General,El remanso,Tarjeta de Identidad,Masculino,10,mestizo,Primaria
Puntos Vive Digital,Primaria,General,El remanso,Tarjeta de Identidad,Masculino,9,mestizo,Primaria
Puntos Vive Digital,universitario,General,CENTRO CULUTRAL LUCY TEJADA,Cédula Ciudadanía,Femenino,53,NA,universitario
Puntos Vive Digital,Primaria,General,CENTRO CULUTRAL LUCY TEJADA,Cédula Ciudadanía,Masculino,78,NA,Primaria
Puntos Vive Digital,Secundaria,General,CENTRO CULUTRAL LUCY TEJADA,Cédula Ciudadanía,Masculino,63,NA,Secundaria
Puntos Vive Digital,tecnologico,General,CENTRO CULUTRAL LUCY TEJADA,Cédula Ciudadanía,Masculino,58,NA,tecnologico
Puntos Vive Digital,secundaria,General,CENTRO CULUTRAL LUCY TEJADA,Cédula Ciudadanía,Femenino,75,NA,secundaria
Puntos Vive Digital,tecnico,General,CENTRO CULUTRAL LUCY TEJADA,Cédula Ciudadanía,Femenino,32,NA,tecnico
Puntos Vive Digital,tecnologico,General,CENTRO CULUTRAL LUCY TEJADA,Otro,Masculino,27,NA,tecnologico
Puntos Vive Digital,tecnologico,General,CENTRO CULUTRAL LUCY TEJADA,Cédula Ciudadanía,Femenino,28,NA,tecnologico
Puntos Vive Digital,secundaria,General,CENTRO CULUTRAL LUCY TEJADA,Cédula Ciudadanía,Femenino,73,NA,secundaria
Puntos Vive Digital,Secundaria,General,CENTRO CULUTRAL LUCY TEJADA,Cédula Ciudadanía,Masculino,33,NA,Secundaria
Puntos Vive Digital,universitario,General,CENTRO CULUTRAL LUCY TEJADA,Cédula Ciudadanía,Masculino,67,NA,universitario
Puntos Vive Digital,universitario,General,CENTRO CULUTRAL LUCY TEJADA,Cédula Ciudadanía,Femenino,39,NA,universitario
Puntos Vive Digital,secundaria,General,CENTRO CULUTRAL LUCY TEJADA,Cédula Ciudadanía,Femenino,24,NA,secundaria
Puntos Vive Digital,secundaria,General,Centro Administrativo La Bella,Tarjeta de Identidad,Femenino,14,NA,secundaria
Puntos Vive Digital,Primaria,General,Centro Administrativo La Bella,Tarjeta de Identidad,Masculino,12,NA,Primaria
Puntos Vive Digital,primaria,General,Centro Administrativo La Bella,Tarjeta de Identidad,Femenino,9,NA,primaria
Puntos Vive Digital,Primaria,General,Centro Administrativo La Bella,Tarjeta de Identidad,Masculino,11,NA,Primaria
Puntos Vive Digital,Secundaria,General,Centro Administrativo La Bella,Cédula Ciudadanía,Masculino,23,NA,Secundaria
Puntos Vive Digital,Tecnico,General,CENTRO CULUTRAL LUCY TEJADA,Permiso por Protección Temporal,Masculino,33,NA,Tecnico
Puntos Vive Digital,universitario,General,CENTRO CULUTRAL LUCY TEJADA,Cédula Ciudadanía,Masculino,54,NA,universitario
Puntos Vive Digital,tecnologico,General,CENTRO CULUTRAL LUCY TEJADA,Cédula Ciudadanía,Masculino,71,NA,tecnologico
Puntos Vive Digital,secundaria,General,CENTRO CULUTRAL LUCY TEJADA,Cédula Ciudadanía,Femenino,69,NA,secundaria
Puntos Vive Digital,universitario,General,CENTRO CULUTRAL LUCY TEJADA,Cédula Ciudadanía,Femenino,63,NA,universitario
Puntos Vive Digital,postgrado,General,CENTRO CULUTRAL LUCY TEJADA,Cédula Ciudadanía,Femenino,60,NA,postgrado
Puntos Vive Digital,secundaria,General,CENTRO CULUTRAL LUCY TEJADA,Cédula Ciudadanía,Femenino,64,mestizo,secundaria
Puntos Vive Digital,secundaria,General,CENTRO CULUTRAL LUCY TEJADA,Cédula Ciudadanía,Femenino,31,NA,secundaria
Puntos Vive Digital,secundaria,General,CENTRO CULUTRAL LUCY TEJADA,Cédula Ciudadanía,Femenino,64,mestizo,secundaria
Puntos Vive Digital,Secundaria,General,CENTRO CULUTRAL LUCY TEJADA,Cédula Ciudadanía,Masculino,72,NA,Secundaria
Puntos Vive Digital,tecnico,General,CENTRO CULUTRAL LUCY TEJADA,Cédula Ciudadanía,Femenino,54,NA,tecnico
Puntos Vive Digital,Secundaria,General,CENTRO CULUTRAL LUCY TEJADA,Cédula Ciudadanía,Masculino,43,NA,Secundaria
Puntos Vive Digital,secundaria,General,CENTRO CULUTRAL LUCY TEJADA,Cédula Ciudadanía,Femenino,27,NA,secundaria
Puntos Vive Digital,tecnico,General,CENTRO CULUTRAL LUCY TEJADA,Cédula Ciudadanía,Femenino,32,NA,tecnico
Puntos Vive Digital,secundaria,General,CENTRO CULUTRAL LUCY TEJADA,Cédula Ciudadanía,Femenino,55,NA,secundaria
Puntos Vive Digital,secundaria,General,CENTRO CULUTRAL LUCY TEJADA,Cédula Ciudadanía,Femenino,71,NA,secundaria
Puntos Vive Digital,Primaria,General,CENTRO CULUTRAL LUCY TEJADA,Cédula Ciudadanía,Masculino,67,NA,Primaria
Puntos Vive Digital,secundaria,General,CENTRO CULUTRAL LUCY TEJADA,Cédula Ciudadanía,Femenino,62,mestizo,secundaria
Puntos Vive Digital,Secundaria,General,CENTRO CULUTRAL LUCY TEJADA,Cédula Ciudadanía,Masculino,17,NA,Secundaria
Puntos Vive Digital,Primaria,General,El remanso,Tarjeta de Identidad,Masculino,12,mestizo,Primaria
Puntos Vive Digital,Secundaria,General,El remanso,Tarjeta de Identidad,Masculino,14,mestizo,Secundaria
Puntos Vive Digital,Secundaria,General,El remanso,Tarjeta de Identidad,Masculino,12,Afrocolombiano,Secundaria
Puntos Vive Digital,secundaria,General,CENTRO CULUTRAL LUCY TEJADA,Cédula Ciudadanía,Femenino,73,NA,secundaria
Puntos Vive Digital,Primaria,General,CENTRO CULUTRAL LUCY TEJADA,Cédula Ciudadanía,Masculino,57,NA,Primaria
Puntos Vive Digital,Secundaria,General,El remanso,Tarjeta de Identidad,Masculino,12,mestizo,Secundaria
Puntos Vive Digital,primaria,General,El remanso,Tarjeta de Identidad,Femenino,10,Afrocolombiano,primaria
Puntos Vive Digital,secundaria,General,CENTRO CULUTRAL LUCY TEJADA,Cédula Ciudadanía,Femenino,51,NA,secundaria
Puntos Vive Digital,primaria,General,El remanso,Tarjeta de Identidad,Femenino,10,Afrocolombiano,primaria
Puntos Vive Digital,primaria,General,El remanso,Tarjeta de Identidad,Femenino,9,Afrocolombiano,primaria
Puntos Vive Digital,Secundaria,General,CENTRO CULUTRAL LUCY TEJADA,Cédula Ciudadanía,Masculino,56,NA,Secundaria
Puntos Vive Digital,primaria,General,El remanso,Tarjeta de Identidad,Femenino,11,Afrocolombiano,primaria
Puntos Vive Digital,secundaria,General,El remanso,Cédula Ciudadanía,Femenino,34,mestizo,secundaria
Puntos Vive Digital,tecnico,General,CENTRO CULUTRAL LUCY TEJADA,Cédula Ciudadanía,Femenino,37,NA,tecnico
Puntos Vive Digital,primaria,General,CENTRO CULUTRAL LUCY TEJADA,Cédula Ciudadanía,Femenino,87,NA,primaria
Puntos Vive Digital,secundaria,General,CENTRO CULUTRAL LUCY TEJADA,Cédula Ciudadanía,Femenino,59,NA,secundaria
Puntos Vive Digital,Secundaria,General,El remanso,Tarjeta de Identidad,Masculino,12,Afrocolombiano,Secundaria
Puntos Vive Digital,Secundaria,General,El remanso,Tarjeta de Identidad,Masculino,15,Afrocolombiano,Secundaria
Puntos Vive Digital,Secundaria,General,El remanso,Tarjeta de Identidad,Masculino,12,Afrocolombiano,Secundaria
Puntos Vive Digital,Primaria,General,El remanso,Tarjeta de Identidad,Masculino,8,Afrocolombiano,Primaria
Puntos Vive Digital,Primaria,General,El remanso,Tarjeta de Identidad,Masculino,9,Afrocolombiano,Primaria
Puntos Vive Digital,Primaria,General,El remanso,Tarjeta de Identidad,Masculino,12,NA,Primaria
Puntos Vive Digital,Primaria,General,El remanso,Tarjeta de Identidad,Masculino,10,mestizo,Primaria
Puntos Vive Digital,Primaria,General,CENTRO CULUTRAL LUCY TEJADA,Cédula Ciudadanía,Masculino,46,NA,Primaria
Puntos Vive Digital,secundaria,General,CENTRO CULUTRAL LUCY TEJADA,Cédula Ciudadanía,Femenino,76,NA,secundaria
Puntos Vive Digital,universitario,General,CENTRO CULUTRAL LUCY TEJADA,Cédula Ciudadanía,Masculino,76,NA,universitario
Puntos Vive Digital,universitario,General,CENTRO CULUTRAL LUCY TEJADA,Cédula Ciudadanía,Masculino,26,NA,universitario
Puntos Vive Digital,tecnico,General,CENTRO CULUTRAL LUCY TEJADA,Cédula Ciudadanía,Femenino,31,NA,tecnico
Puntos Vive Digital,primaria,General,CENTRO CULUTRAL LUCY TEJADA,Cédula Ciudadanía,Femenino,61,NA,primaria
Puntos Vive Digital,tecnico,General,CENTRO CULUTRAL LUCY TEJADA,Cédula Ciudadanía,Femenino,40,NA,tecnico
Puntos Vive Digital,tecnologico,General,CENTRO CULUTRAL LUCY TEJADA,Cédula Ciudadanía,Femenino,33,NA,tecnologico
Puntos Vive Digital,universitario,General,CENTRO CULUTRAL LUCY TEJADA,Cédula Ciudadanía,Masculino,31,NA,universitario
Puntos Vive Digital,universitario,General,CENTRO CULUTRAL LUCY TEJADA,Cédula Ciudadanía,Femenino,50,NA,universitario
Puntos Vive Digital,postgrado,General,CENTRO CULUTRAL LUCY TEJADA,Otro,Masculino,70,NA,postgrado
Puntos Vive Digital,postgrado,General,CENTRO CULUTRAL LUCY TEJADA,Cédula Ciudadanía,Femenino,62,NA,postgrado
Puntos Vive Digital,secundaria,General,CENTRO CULUTRAL LUCY TEJADA,Cédula Ciudadanía,Femenino,57,NA,secundaria
Puntos Vive Digital,universitario,General,CENTRO CULUTRAL LUCY TEJADA,Cédula Ciudadanía,Masculino,36,NA,universitario
Puntos Vive Digital,postgrado,General,CENTRO CULUTRAL LUCY TEJADA,Cédula Ciudadanía,Femenino,38,NA,postgrado
Puntos Vive Digital,secundaria,General,CENTRO CULUTRAL LUCY TEJADA,Cédula Ciudadanía,Femenino,55,NA,secundaria
Puntos Vive Digital,primaria,General,CENTRO CULUTRAL LUCY TEJADA,Cédula Ciudadanía,Femenino,67,NA,primaria
Puntos Vive Digital,secundaria,General,CENTRO CULUTRAL LUCY TEJADA,Cédula Ciudadanía,Femenino,70,NA,secundaria
Puntos Vive Digital,primaria,General,CENTRO CULUTRAL LUCY TEJADA,Cédula Ciudadanía,Femenino,60,NA,primaria
Puntos Vive Digital,Primaria,General,CENTRO CULUTRAL LUCY TEJADA,Cédula Ciudadanía,Masculino,69,NA,Primaria
Puntos Vive Digital,Secundaria,General,CENTRO CULUTRAL LUCY TEJADA,Cédula Ciudadanía,Masculino,33,NA,Secundaria
Puntos Vive Digital,secundaria,General,CENTRO CULUTRAL LUCY TEJADA,Cédula Ciudadanía,Femenino,60,NA,secundaria
Puntos Vive Digital,secundaria,General,CENTRO CULUTRAL LUCY TEJADA,Cédula Ciudadanía,Femenino,43,NA,secundaria
Puntos Vive Digital,primaria,General,CENTRO CULUTRAL LUCY TEJADA,Cédula Ciudadanía,Femenino,52,NA,primaria
Puntos Vive Digital,secundaria,General,CENTRO CULUTRAL LUCY TEJADA,Cédula Ciudadanía,Femenino,28,NA,secundaria
Puntos Vive Digital,tecnologico,General,CENTRO CULUTRAL LUCY TEJADA,Cédula Ciudadanía,Masculino,38,NA,tecnologico
Puntos Vive Digital,secundaria,General,CENTRO CULUTRAL LUCY TEJADA,Cédula Ciudadanía,Femenino,72,NA,secundaria
Puntos Vive Digital,secundaria,General,CENTRO CULUTRAL LUCY TEJADA,Cédula Ciudadanía,Femenino,70,NA,secundaria
Puntos Vive Digital,secundaria,General,CENTRO CULUTRAL LUCY TEJADA,Cédula Ciudadanía,Femenino,54,NA,secundaria
Puntos Vive Digital,tecnico,General,CENTRO CULUTRAL LUCY TEJADA,Cédula Ciudadanía,Femenino,57,NA,tecnico
Puntos Vive Digital,Tecnico,General,CENTRO CULUTRAL LUCY TEJADA,Cédula Ciudadanía,Masculino,49,NA,Tecnico
Puntos Vive Digital,Tecnico,General,CENTRO CULUTRAL LUCY TEJADA,Tarjeta de Identidad,Masculino,16,mestizo,Tecnico
Puntos Vive Digital,Secundaria,General,CENTRO CULUTRAL LUCY TEJADA,Cédula Ciudadanía,Masculino,63,NA,Secundaria
Puntos Vive Digital,primaria,General,Centro Administrativo La Bella,Tarjeta de Identidad,Femenino,10,NA,primaria
Puntos Vive Digital,secundaria,General,El remanso,Cédula Ciudadanía,Femenino,26,Afrocolombiano,secundaria
Puntos Vive Digital,primaria,General,El remanso,Tarjeta de Identidad,Femenino,10,Afrocolombiano,primaria
Puntos Vive Digital,secundaria,General,El remanso,Cédula Ciudadanía,Femenino,34,mestizo,secundaria
Puntos Vive Digital,universitario,General,CENTRO CULUTRAL LUCY TEJADA,Cédula Ciudadanía,Femenino,31,mestizo,universitario
Puntos Vive Digital,universitario,General,CENTRO CULUTRAL LUCY TEJADA,Cédula Ciudadanía,Femenino,31,mestizo,universitario
Puntos Vive Digital,Secundaria,General,El remanso,Tarjeta de Identidad,Masculino,12,mestizo,Secundaria
Puntos Vive Digital,Primaria,General,El remanso,Tarjeta de Identidad,Masculino,8,Afrocolombiano,Primaria
Puntos Vive Digital,Secundaria,General,El remanso,Tarjeta de Identidad,Masculino,13,mestizo,Secundaria
Puntos Vive Digital,Secundaria,General,CENTRO CULUTRAL LUCY TEJADA,Cédula Ciudadanía,Masculino,42,NA,Secundaria
Puntos Vive Digital,Primaria,General,Centro Administrativo La Bella,Tarjeta de Identidad,Masculino,11,NA,Primaria
Puntos Vive Digital,primaria,General,Centro Administrativo La Bella,Tarjeta de Identidad,Femenino,9,NA,primaria
Puntos Vive Digital,universitario,General,CENTRO CULUTRAL LUCY TEJADA,Cédula Ciudadanía,Femenino,40,NA,universitario
Puntos Vive Digital,universitario,General,CENTRO CULUTRAL LUCY TEJADA,Cédula Ciudadanía,Masculino,48,NA,universitario
Puntos Vive Digital,Primaria,General,El remanso,Tarjeta de Identidad,Masculino,12,NA,Primaria
Puntos Vive Digital,secundaria,General,CENTRO CULUTRAL LUCY TEJADA,Cédula Ciudadanía,Femenino,52,NA,secundaria
Puntos Vive Digital,Secundaria,General,CENTRO CULUTRAL LUCY TEJADA,Cédula Ciudadanía,Masculino,43,NA,Secundaria
Puntos Vive Digital,Tecnico,General,CENTRO CULUTRAL LUCY TEJADA,Cédula Ciudadanía,Masculino,56,NA,Tecnico
Puntos Vive Digital,Primaria,General,El remanso,Tarjeta de Identidad,Masculino,10,mestizo,Primaria
Puntos Vive Digital,secundaria,General,CENTRO CULUTRAL LUCY TEJADA,Cédula Ciudadanía,Femenino,73,NA,secundaria
Puntos Vive Digital,universitario,General,El remanso,Cédula Ciudadanía,Masculino,35,Afrocolombiano,universitario
Puntos Vive Digital,Secundaria,General,CENTRO CULUTRAL LUCY TEJADA,Cédula Ciudadanía,Masculino,33,NA,Secundaria
Puntos Vive Digital,Secundaria,General,CENTRO CULUTRAL LUCY TEJADA,Cédula Ciudadanía,Masculino,62,NA,Secundaria
Puntos Vive Digital,secundaria,General,CENTRO CULUTRAL LUCY TEJADA,Cédula Ciudadanía,Femenino,62,NA,secundaria
Puntos Vive Digital,secundaria,General,CENTRO CULUTRAL LUCY TEJADA,Cédula Ciudadanía,Femenino,27,NA,secundaria
Puntos Vive Digital,secundaria,General,CENTRO CULUTRAL LUCY TEJADA,Cédula Extranjería,Femenino,24,NA,secundaria
Puntos Vive Digital,Secundaria,General,El remanso,Tarjeta de Identidad,Masculino,12,Afrocolombiano,Secundaria
Puntos Vive Digital,Secundaria,General,El remanso,Tarjeta de Identidad,Masculino,12,Afrocolombiano,Secundaria
Puntos Vive Digital,Primaria,General,Centro Administrativo La Bella,Tarjeta de Identidad,Masculino,11,NA,Primaria
Puntos Vive Digital,primaria,General,Centro Administrativo La Bella,Tarjeta de Identidad,Femenino,9,NA,primaria
Puntos Vive Digital,primaria,General,Centro Administrativo La Bella,Tarjeta de Identidad,Femenino,10,NA,primaria
Puntos Vive Digital,Secundaria,General,El remanso,Tarjeta de Identidad,Masculino,12,mestizo,Secundaria
Puntos Vive Digital,Secundaria,General,El remanso,Tarjeta de Identidad,Masculino,11,mestizo,Secundaria
Puntos Vive Digital,Primaria,General,El remanso,Tarjeta de Identidad,Masculino,8,Afrocolombiano,Primaria
Puntos Vive Digital,primaria,General,El remanso,Tarjeta de Identidad,Femenino,10,Afrocolombiano,primaria
Puntos Vive Digital,secundaria,General,El remanso,Cédula Ciudadanía,Femenino,37,mestizo,secundaria
Puntos Vive Digital,Secundaria,General,El remanso,Tarjeta de Identidad,Masculino,12,mestizo,Secundaria
Puntos Vive Digital,secundaria,General,El remanso,Cédula Ciudadanía,Femenino,20,mestizo,secundaria
Puntos Vive Digital,Secundaria,General,El remanso,Cédula Ciudadanía,Masculino,32,mestizo,Secundaria
Puntos Vive Digital,secundaria,General,El remanso,Tarjeta de Identidad,Femenino,13,mestizo,secundaria
Puntos Vive Digital,Primaria,General,El remanso,Tarjeta de Identidad,Masculino,10,Afrocolombiano,Primaria
Puntos Vive Digital,Secundaria,General,CENTRO CULUTRAL LUCY TEJADA,Cédula Ciudadanía,Masculino,42,NA,Secundaria
Puntos Vive Digital,secundaria,General,CENTRO CULUTRAL LUCY TEJADA,Cédula Ciudadanía,Femenino,52,NA,secundaria
Puntos Vive Digital,Primaria,General,El remanso,Tarjeta de Identidad,Masculino,12,NA,Primaria
Puntos Vive Digital,Primaria,General,El remanso,Tarjeta de Identidad,Masculino,11,Afrocolombiano,Primaria
Puntos Vive Digital,Primaria,General,El remanso,Tarjeta de Identidad,Masculino,10,mestizo,Primaria
Puntos Vive Digital,Primaria,General,El remanso,Tarjeta de Identidad,Masculino,12,Afrocolombiano,Primaria
Puntos Vive Digital,Secundaria,General,CENTRO CULUTRAL LUCY TEJADA,Tarjeta de Identidad,Masculino,17,mestizo,Secundaria
Puntos Vive Digital,universitario,General,El remanso,Cédula Ciudadanía,Masculino,35,Afrocolombiano,universitario
Puntos Vive Digital,Secundaria,General,CENTRO CULUTRAL LUCY TEJADA,Cédula Ciudadanía,Masculino,23,NA,Secundaria
Puntos Vive Digital,Secundaria,General,CENTRO CULUTRAL LUCY TEJADA,Cédula Ciudadanía,Masculino,33,NA,Secundaria
Puntos Vive Digital,secundaria,General,CENTRO CULUTRAL LUCY TEJADA,Cédula Ciudadanía,Femenino,37,NA,secundaria
Puntos Vive Digital,universitario,General,CENTRO CULUTRAL LUCY TEJADA,Cédula Ciudadanía,Masculino,48,NA,universitario
Puntos Vive Digital,postgrado,General,CENTRO CULUTRAL LUCY TEJADA,Cédula Ciudadanía,Femenino,74,NA,postgrado
Puntos Vive Digital,Secundaria,General,CENTRO CULUTRAL LUCY TEJADA,Cédula Ciudadanía,Masculino,61,NA,Secundaria
Puntos Vive Digital,tecnologico,General,CENTRO CULUTRAL LUCY TEJADA,Cédula Ciudadanía,Masculino,58,NA,tecnologico
Puntos Vive Digital,secundaria,General,CENTRO CULUTRAL LUCY TEJADA,Cédula Ciudadanía,Femenino,73,NA,secundaria
Puntos Vive Digital,Secundaria,General,CENTRO CULUTRAL LUCY TEJADA,Cédula Ciudadanía,Masculino,33,NA,Secundaria
Puntos Vive Digital,universitario,General,CENTRO CULUTRAL LUCY TEJADA,Otro,Masculino,70,NA,universitario
Puntos Vive Digital,postgrado,General,CENTRO CULUTRAL LUCY TEJADA,Cédula Ciudadanía,Femenino,62,NA,postgrado
Puntos Vive Digital,universitario,General,CENTRO CULUTRAL LUCY TEJADA,Cédula Ciudadanía,Masculino,57,NA,universitario
Puntos Vive Digital,Secundaria,General,CENTRO CULUTRAL LUCY TEJADA,Cédula Ciudadanía,Masculino,60,NA,Secundaria
Puntos Vive Digital,Secundaria,General,CENTRO CULUTRAL LUCY TEJADA,Cédula Ciudadanía,Masculino,60,NA,Secundaria
Puntos Vive Digital,postgrado,General,CENTRO CULUTRAL LUCY TEJADA,Cédula Ciudadanía,Femenino,74,NA,postgrado
Puntos Vive Digital,secundaria,General,CENTRO CULUTRAL LUCY TEJADA,Cédula Ciudadanía,Femenino,54,NA,secundaria
Puntos Vive Digital,universitario,General,CENTRO CULUTRAL LUCY TEJADA,Cédula Ciudadanía,Femenino,69,NA,universitario
Puntos Vive Digital,primaria,General,CENTRO CULUTRAL LUCY TEJADA,Cédula Ciudadanía,Femenino,61,NA,primaria
Puntos Vive Digital,universitario,General,CENTRO CULUTRAL LUCY TEJADA,Cédula Ciudadanía,Masculino,78,NA,universitario
Puntos Vive Digital,secundaria,General,CENTRO CULUTRAL LUCY TEJADA,Cédula Ciudadanía,Femenino,57,NA,secundaria
Puntos Vive Digital,secundaria,General,CENTRO CULUTRAL LUCY TEJADA,Cédula Ciudadanía,Femenino,18,NA,secundaria
Puntos Vive Digital,secundaria,General,CENTRO CULUTRAL LUCY TEJADA,Tarjeta de Identidad,Femenino,17,NA,secundaria
Puntos Vive Digital,secundaria,General,CENTRO CULUTRAL LUCY TEJADA,Tarjeta de Identidad,Femenino,17,NA,secundaria
Puntos Vive Digital,secundaria,General,CENTRO CULUTRAL LUCY TEJADA,Tarjeta de Identidad,Femenino,17,NA,secundaria
Puntos Vive Digital,secundaria,General,CENTRO CULUTRAL LUCY TEJADA,Cédula Ciudadanía,Femenino,18,NA,secundaria
Puntos Vive Digital,secundaria,General,CENTRO CULUTRAL LUCY TEJADA,Cédula Ciudadanía,Femenino,61,NA,secundaria
Puntos Vive Digital,Secundaria,General,CENTRO CULUTRAL LUCY TEJADA,Cédula Ciudadanía,Masculino,43,NA,Secundaria
Puntos Vive Digital,Primaria,General,Centro Administrativo La Bella,Tarjeta de Identidad,Masculino,10,NA,Primaria
Puntos Vive Digital,postgrado,General,CENTRO CULUTRAL LUCY TEJADA,Cédula Ciudadanía,Femenino,-60,NA,postgrado
Puntos Vive Digital,Secundaria,General,Centro Administrativo La Bella,Cédula Ciudadanía,Masculino,42,NA,Secundaria
Puntos Vive Digital,Secundaria,General,Centro Administrativo La Bella,Tarjeta de Identidad,Masculino,15,NA,Secundaria
Puntos Vive Digital,secundaria,General,CENTRO CULUTRAL LUCY TEJADA,Cédula Ciudadanía,Femenino,72,NA,secundaria
Puntos Vive Digital,secundaria,General,CENTRO CULUTRAL LUCY TEJADA,Cédula Extranjería,Femenino,24,NA,secundaria
Puntos Vive Digital,Primaria,General,Centro Administrativo La Bella,Tarjeta de Identidad,Masculino,12,NA,Primaria
Puntos Vive Digital,universitario,General,El remanso,Cédula Ciudadanía,Masculino,35,Afrocolombiano,universitario
Puntos Vive Digital,Primaria,General,Centro Administrativo La Bella,Tarjeta de Identidad,Masculino,12,NA,Primaria
Puntos Vive Digital,Secundaria,General,CENTRO CULUTRAL LUCY TEJADA,Cédula Ciudadanía,Masculino,24,NA,Secundaria
Puntos Vive Digital,Secundaria,General,El remanso,Tarjeta de Identidad,Masculino,12,mestizo,Secundaria
Puntos Vive Digital,Primaria,General,El remanso,Tarjeta de Identidad,Masculino,12,NA,Primaria
Puntos Vive Digital,secundaria,General,Centro Administrativo La Bella,Tarjeta de Identidad,Femenino,17,NA,secundaria
Puntos Vive Digital,secundaria,General,Centro Administrativo La Bella,Tarjeta de Identidad,Femenino,15,NA,secundaria
Puntos Vive Digital,Primaria,General,Centro Administrativo La Bella,Tarjeta de Identidad,Masculino,11,NA,Primaria
Puntos Vive Digital,primaria,General,Centro Administrativo La Bella,Tarjeta de Identidad,Femenino,9,NA,primaria
Puntos Vive Digital,Primaria,General,Centro Administrativo La Bella,Tarjeta de Identidad,Masculino,11,NA,Primaria
Puntos Vive Digital,tecnico,General,CENTRO CULUTRAL LUCY TEJADA,Cédula Ciudadanía,Femenino,32,NA,tecnico
Puntos Vive Digital,tecnico,General,CENTRO CULUTRAL LUCY TEJADA,Cédula Ciudadanía,Femenino,71,NA,tecnico
Puntos Vive Digital,Secundaria,General,El remanso,Cédula Ciudadanía,Masculino,32,mestizo,Secundaria
Puntos Vive Digital,secundaria,General,El remanso,Cédula Ciudadanía,Femenino,20,mestizo,secundaria
Puntos Vive Digital,secundaria,General,CENTRO CULUTRAL LUCY TEJADA,Cédula Ciudadanía,Femenino,62,NA,secundaria
Puntos Vive Digital,Primaria,General,El remanso,Tarjeta de Identidad,Masculino,12,Afrocolombiano,Primaria
Puntos Vive Digital,Primaria,General,El remanso,Tarjeta de Identidad,Masculino,10,mestizo,Primaria
Puntos Vive Digital,secundaria,General,CENTRO CULUTRAL LUCY TEJADA,Cédula Ciudadanía,Femenino,62,NA,secundaria
Puntos Vive Digital,primaria,General,CENTRO CULUTRAL LUCY TEJADA,Cédula Ciudadanía,Femenino,60,NA,primaria
Puntos Vive Digital,tecnico,General,CENTRO CULUTRAL LUCY TEJADA,Cédula Ciudadanía,Femenino,54,NA,tecnico
Puntos Vive Digital,tecnico,General,CENTRO CULUTRAL LUCY TEJADA,Cédula Ciudadanía,Femenino,65,mestizo,tecnico
Puntos Vive Digital,postgrado,General,CENTRO CULUTRAL LUCY TEJADA,Cédula Ciudadanía,Femenino,-60,NA,postgrado
Puntos Vive Digital,secundaria,General,CENTRO CULUTRAL LUCY TEJADA,Cédula Ciudadanía,Femenino,76,NA,secundaria
Puntos Vive Digital,Secundaria,General,CENTRO CULUTRAL LUCY TEJADA,Cédula Ciudadanía,Masculino,63,NA,Secundaria
Puntos Vive Digital,tecnico,General,CENTRO CULUTRAL LUCY TEJADA,Cédula Ciudadanía,Femenino,57,NA,tecnico
Puntos Vive Digital,universitario,General,CENTRO CULUTRAL LUCY TEJADA,Cédula Ciudadanía,Masculino,76,NA,universitario
Puntos Vive Digital,secundaria,General,CENTRO CULUTRAL LUCY TEJADA,Cédula Ciudadanía,Femenino,74,NA,secundaria
Puntos Vive Digital,Primaria,General,CENTRO CULUTRAL LUCY TEJADA,Cédula Ciudadanía,Masculino,78,NA,Primaria
Puntos Vive Digital,tecnologico,General,CENTRO CULUTRAL LUCY TEJADA,Cédula Ciudadanía,Masculino,58,NA,tecnologico
Puntos Vive Digital,universitario,General,CENTRO CULUTRAL LUCY TEJADA,Cédula Ciudadanía,Femenino,53,NA,universitario
Puntos Vive Digital,secundaria,General,CENTRO CULUTRAL LUCY TEJADA,Cédula Ciudadanía,Femenino,64,NA,secundaria
Puntos Vive Digital,tecnico,General,CENTRO CULUTRAL LUCY TEJADA,Cédula Ciudadanía,Femenino,65,mestizo,tecnico
Puntos Vive Digital,tecnologico,General,CENTRO CULUTRAL LUCY TEJADA,Cédula Ciudadanía,Masculino,71,NA,tecnologico
Puntos Vive Digital,Secundaria,General,CENTRO CULUTRAL LUCY TEJADA,Cédula Ciudadanía,Masculino,42,NA,Secundaria
Puntos Vive Digital,Secundaria,General,CENTRO CULUTRAL LUCY TEJADA,Cédula Ciudadanía,Masculino,33,NA,Secundaria
Puntos Vive Digital,secundaria,General,CENTRO CULUTRAL LUCY TEJADA,Cédula Ciudadanía,Femenino,18,NA,secundaria
Puntos Vive Digital,secundaria,General,CENTRO CULUTRAL LUCY TEJADA,Tarjeta de Identidad,Femenino,17,NA,secundaria
Puntos Vive Digital,secundaria,General,CENTRO CULUTRAL LUCY TEJADA,Tarjeta de Identidad,Femenino,17,NA,secundaria
Puntos Vive Digital,secundaria,General,CENTRO CULUTRAL LUCY TEJADA,Cédula Ciudadanía,Femenino,18,NA,secundaria
Puntos Vive Digital,tecnologico,General,CENTRO CULUTRAL LUCY TEJADA,Cédula Ciudadanía,Femenino,42,NA,tecnologico
Puntos Vive Digital,secundaria,General,CENTRO CULUTRAL LUCY TEJADA,Cédula Ciudadanía,Femenino,32,NA,secundaria
Puntos Vive Digital,secundaria,General,CENTRO CULUTRAL LUCY TEJADA,Cédula Ciudadanía,Femenino,33,NA,secundaria
Puntos Vive Digital,secundaria,General,El remanso,Cédula Ciudadanía,Femenino,34,mestizo,secundaria
Puntos Vive Digital,secundaria,General,CENTRO CULUTRAL LUCY TEJADA,Cédula Ciudadanía,Femenino,24,NA,secundaria
Puntos Vive Digital,Secundaria,General,CENTRO CULUTRAL LUCY TEJADA,Tarjeta de Identidad,Masculino,17,NA,Secundaria
Puntos Vive Digital,universitario,General,CENTRO CULUTRAL LUCY TEJADA,Cédula Ciudadanía,Femenino,39,NA,universitario
Puntos Vive Digital,secundaria,General,CENTRO CULUTRAL LUCY TEJADA,Tarjeta de Identidad,Femenino,13,NA,secundaria
Puntos Vive Digital,secundaria,General,CENTRO CULUTRAL LUCY TEJADA,Cédula Ciudadanía,Femenino,51,NA,secundaria
Puntos Vive Digital,universitario,General,CENTRO CULUTRAL LUCY TEJADA,Cédula Ciudadanía,Masculino,67,NA,universitario
Puntos Vive Digital,secundaria,General,El remanso,Cédula Ciudadanía,Femenino,20,mestizo,secundaria
Puntos Vive Digital,Primaria,General,El remanso,Tarjeta de Identidad,Masculino,14,NA,Primaria
Puntos Vive Digital,Primaria,General,El remanso,Tarjeta de Identidad,Masculino,12,Afrocolombiano,Primaria
Puntos Vive Digital,Secundaria,General,El remanso,Tarjeta de Identidad,Masculino,12,mestizo,Secundaria
Puntos Vive Digital,tecnologico,General,CENTRO CULUTRAL LUCY TEJADA,Cédula Ciudadanía,Masculino,71,NA,tecnologico
Puntos Vive Digital,secundaria,General,El remanso,Cédula Ciudadanía,Femenino,19,NA,secundaria
Puntos Vive Digital,secundaria,General,CENTRO CULUTRAL LUCY TEJADA,Cédula Ciudadanía,Femenino,-18,NA,secundaria
Puntos Vive Digital,universitario,General,CENTRO CULUTRAL LUCY TEJADA,Cédula Ciudadanía,Masculino,54,NA,universitario
Puntos Vive Digital,secundaria,General,CENTRO CULUTRAL LUCY TEJADA,Cédula Ciudadanía,Femenino,62,NA,secundaria
Puntos Vive Digital,Secundaria,General,CENTRO CULUTRAL LUCY TEJADA,Cédula Ciudadanía,Masculino,43,NA,Secundaria
Puntos Vive Digital,secundaria,General,CENTRO CULUTRAL LUCY TEJADA,Cédula Ciudadanía,Femenino,31,NA,secundaria
Puntos Vive Digital,tecnico,General,CENTRO CULUTRAL LUCY TEJADA,Cédula Ciudadanía,Femenino,31,NA,tecnico
Puntos Vive Digital,Secundaria,General,Centro Administrativo La Bella,Tarjeta de Identidad,Masculino,17,NA,Secundaria
Puntos Vive Digital,Primaria,General,Centro Administrativo La Bella,Tarjeta de Identidad,Masculino,11,NA,Primaria
Puntos Vive Digital,primaria,General,Centro Administrativo La Bella,Tarjeta de Identidad,Femenino,10,NA,primaria
Puntos Vive Digital,tecnico,General,CENTRO CULUTRAL LUCY TEJADA,Cédula Ciudadanía,Femenino,54,NA,tecnico
Puntos Vive Digital,Secundaria,General,CENTRO CULUTRAL LUCY TEJADA,Cédula Ciudadanía,Masculino,72,NA,Secundaria
Puntos Vive Digital,secundaria,General,CENTRO CULUTRAL LUCY TEJADA,Cédula Ciudadanía,Femenino,62,mestizo,secundaria
Puntos Vive Digital,Secundaria,General,CENTRO CULUTRAL LUCY TEJADA,Cédula Ciudadanía,Masculino,33,NA,Secundaria
Puntos Vive Digital,tecnico,General,CENTRO CULUTRAL LUCY TEJADA,Cédula Ciudadanía,Femenino,65,mestizo,tecnico
Puntos Vive Digital,tecnico,General,CENTRO CULUTRAL LUCY TEJADA,Cédula Ciudadanía,Femenino,65,mestizo,tecnico
Puntos Vive Digital,tecnico,General,CENTRO CULUTRAL LUCY TEJADA,Cédula Ciudadanía,Femenino,65,mestizo,tecnico
Puntos Vive Digital,universitario,General,CENTRO CULUTRAL LUCY TEJADA,Cédula Ciudadanía,Femenino,42,NA,universitario
Puntos Vive Digital,secundaria,General,CENTRO CULUTRAL LUCY TEJADA,Cédula Ciudadanía,Femenino,27,NA,secundaria
Puntos Vive Digital,secundaria,General,CENTRO CULUTRAL LUCY TEJADA,Cédula Ciudadanía,Femenino,36,NA,secundaria
Puntos Vive Digital,postgrado,General,CENTRO CULUTRAL LUCY TEJADA,Cédula Ciudadanía,Femenino,43,NA,postgrado
Puntos Vive Digital,primaria,General,El remanso,Tarjeta de Identidad,Femenino,10,Afrocolombiano,primaria
Puntos Vive Digital,Secundaria,General,CENTRO CULUTRAL LUCY TEJADA,Cédula Ciudadanía,Masculino,48,NA,Secundaria
Puntos Vive Digital,Primaria,General,El remanso,Tarjeta de Identidad,Masculino,14,NA,Primaria
Puntos Vive Digital,secundaria,General,CENTRO CULUTRAL LUCY TEJADA,Cédula Ciudadanía,Femenino,62,NA,secundaria
Puntos Vive Digital,Primaria,General,El remanso,Tarjeta de Identidad,Masculino,12,Afrocolombiano,Primaria
Puntos Vive Digital,Secundaria,General,El remanso,Tarjeta de Identidad,Masculino,12,Afrocolombiano,Secundaria
Puntos Vive Digital,primaria,General,CENTRO CULUTRAL LUCY TEJADA,Cédula Ciudadanía,Femenino,60,NA,primaria
Puntos Vive Digital,secundaria,General,CENTRO CULUTRAL LUCY TEJADA,Cédula Ciudadanía,Femenino,62,NA,secundaria
Puntos Vive Digital,primaria,General,El remanso,Tarjeta de Identidad,Femenino,8,Afrocolombiano,primaria
Puntos Vive Digital,tecnico,General,CENTRO CULUTRAL LUCY TEJADA,Cédula Ciudadanía,Femenino,57,NA,tecnico
Puntos Vive Digital,Primaria,General,El remanso,Tarjeta de Identidad,Masculino,12,Afrocolombiano,Primaria
Puntos Vive Digital,universitario,General,CENTRO CULUTRAL LUCY TEJADA,Cédula Ciudadanía,Femenino,53,NA,universitario
Puntos Vive Digital,universitario,General,CENTRO CULUTRAL LUCY TEJADA,Cédula Ciudadanía,Femenino,53,NA,universitario
Puntos Vive Digital,primaria,General,CENTRO CULUTRAL LUCY TEJADA,Cédula Ciudadanía,Femenino,80,NA,primaria
Puntos Vive Digital,tecnologico,General,CENTRO CULUTRAL LUCY TEJADA,Cédula Ciudadanía,Femenino,46,NA,tecnologico
Puntos Vive Digital,tecnico,General,CENTRO CULUTRAL LUCY TEJADA,Cédula Ciudadanía,Femenino,63,NA,tecnico
Puntos Vive Digital,Secundaria,General,CENTRO CULUTRAL LUCY TEJADA,Cédula Ciudadanía,Masculino,63,NA,Secundaria
Puntos Vive Digital,universitario,General,CENTRO CULUTRAL LUCY TEJADA,Cédula Ciudadanía,Masculino,76,NA,universitario
Puntos Vive Digital,secundaria,General,El remanso,Cédula Ciudadanía,Femenino,37,mestizo,secundaria
Puntos Vive Digital,secundaria,General,El remanso,Cédula Ciudadanía,Femenino,20,mestizo,secundaria
Puntos Vive Digital,secundaria,General,CENTRO CULUTRAL LUCY TEJADA,Cédula Ciudadanía,Femenino,74,NA,secundaria
Puntos Vive Digital,Secundaria,General,El remanso,Tarjeta de Identidad,Masculino,12,mestizo,Secundaria
Puntos Vive Digital,secundaria,General,CENTRO CULUTRAL LUCY TEJADA,Cédula Ciudadanía,Femenino,62,NA,secundaria
Puntos Vive Digital,Secundaria,General,CENTRO CULUTRAL LUCY TEJADA,Cédula Ciudadanía,Masculino,23,NA,Secundaria
Puntos Vive Digital,secundaria,General,CENTRO CULUTRAL LUCY TEJADA,Cédula Extranjería,Femenino,24,NA,secundaria
Puntos Vive Digital,tecnico,General,CENTRO CULUTRAL LUCY TEJADA,Cédula Ciudadanía,Femenino,61,NA,tecnico
Puntos Vive Digital,tecnologico,General,CENTRO CULUTRAL LUCY TEJADA,Cédula Ciudadanía,Masculino,58,NA,tecnologico
Puntos Vive Digital,Secundaria,General,CENTRO CULUTRAL LUCY TEJADA,Tarjeta de Identidad,Masculino,17,mestizo,Secundaria
Puntos Vive Digital,secundaria,General,CENTRO CULUTRAL LUCY TEJADA,Cédula Extranjería,Femenino,24,NA,secundaria
Puntos Vive Digital,primaria,General,CENTRO CULUTRAL LUCY TEJADA,Cédula Ciudadanía,Femenino,53,NA,primaria
Puntos Vive Digital,secundaria,General,CENTRO CULUTRAL LUCY TEJADA,Cédula Ciudadanía,Femenino,75,NA,secundaria
Puntos Vive Digital,Secundaria,General,CENTRO CULUTRAL LUCY TEJADA,Cédula Ciudadanía,Masculino,82,NA,Secundaria
Puntos Vive Digital,secundaria,General,CENTRO CULUTRAL LUCY TEJADA,Cédula Ciudadanía,Femenino,70,NA,secundaria
Puntos Vive Digital,secundaria,General,CENTRO CULUTRAL LUCY TEJADA,Cédula Ciudadanía,Femenino,54,NA,secundaria
Puntos Vive Digital,Secundaria,General,CENTRO CULUTRAL LUCY TEJADA,Cédula Ciudadanía,Masculino,60,NA,Secundaria
Puntos Vive Digital,Secundaria,General,El remanso,Cédula Ciudadanía,Masculino,32,mestizo,Secundaria
Puntos Vive Digital,universitario,General,CENTRO CULUTRAL LUCY TEJADA,Cédula Ciudadanía,Masculino,78,NA,universitario
Puntos Vive Digital,primaria,General,CENTRO CULUTRAL LUCY TEJADA,Cédula Ciudadanía,Femenino,61,NA,primaria
Puntos Vive Digital,postgrado,General,CENTRO CULUTRAL LUCY TEJADA,Cédula Ciudadanía,Femenino,74,NA,postgrado
Puntos Vive Digital,universitario,General,CENTRO CULUTRAL LUCY TEJADA,Cédula Ciudadanía,Masculino,75,NA,universitario
Puntos Vive Digital,secundaria,General,CENTRO CULUTRAL LUCY TEJADA,Cédula Ciudadanía,Femenino,62,NA,secundaria
Puntos Vive Digital,secundaria,General,CENTRO CULUTRAL LUCY TEJADA,Cédula Ciudadanía,Femenino,57,NA,secundaria
Puntos Vive Digital,primaria,General,CENTRO CULUTRAL LUCY TEJADA,Cédula Ciudadanía,Femenino,56,NA,primaria
Puntos Vive Digital,universitario,General,CENTRO CULUTRAL LUCY TEJADA,Cédula Ciudadanía,Femenino,69,NA,universitario
Puntos Vive Digital,Secundaria,General,CENTRO CULUTRAL LUCY TEJADA,Cédula Ciudadanía,Masculino,63,NA,Secundaria
Puntos Vive Digital,Secundaria,General,CENTRO CULUTRAL LUCY TEJADA,Tarjeta de Identidad,Masculino,17,NA,Secundaria
Puntos Vive Digital,tecnico,General,CENTRO CULUTRAL LUCY TEJADA,Tarjeta de Identidad,Femenino,17,NA,tecnico
Puntos Vive Digital,Tecnico,General,CENTRO CULUTRAL LUCY TEJADA,Permiso por Protección Temporal,Masculino,33,NA,Tecnico
Puntos Vive Digital,Secundaria,General,El remanso,Cédula Ciudadanía,Masculino,32,mestizo,Secundaria
Puntos Vive Digital,secundaria,General,El remanso,Cédula Ciudadanía,Femenino,37,mestizo,secundaria
Puntos Vive Digital,Primaria,General,El remanso,Tarjeta de Identidad,Masculino,9,mestizo,Primaria
Puntos Vive Digital,Primaria,General,El remanso,Tarjeta de Identidad,Masculino,8,Afrocolombiano,Primaria
Puntos Vive Digital,secundaria,General,El remanso,Cédula Ciudadanía,Femenino,34,mestizo,secundaria
Puntos Vive Digital,Tecnico,General,CENTRO CULUTRAL LUCY TEJADA,Cédula Ciudadanía,Masculino,19,NA,Tecnico
Puntos Vive Digital,secundaria,General,El remanso,Tarjeta de Identidad,Femenino,13,mestizo,secundaria
Puntos Vive Digital,Secundaria,General,El remanso,Tarjeta de Identidad,Masculino,11,mestizo,Secundaria
Puntos Vive Digital,secundaria,General,CENTRO CULUTRAL LUCY TEJADA,Cédula Ciudadanía,Femenino,51,NA,secundaria
Puntos Vive Digital,secundaria,General,El remanso,Cédula Ciudadanía,Femenino,20,mestizo,secundaria
Puntos Vive Digital,Secundaria,General,El remanso,Tarjeta de Identidad,Masculino,12,mestizo,Secundaria
Puntos Vive Digital,secundaria,General,CENTRO CULUTRAL LUCY TEJADA,Cédula Ciudadanía,Femenino,24,NA,secundaria
Puntos Vive Digital,primaria,General,El remanso,Tarjeta de Identidad,Femenino,10,mestizo,primaria
Puntos Vive Digital,primaria,General,El remanso,Tarjeta de Identidad,Femenino,12,Afrocolombiano,primaria
Puntos Vive Digital,primaria,General,El remanso,Tarjeta de Identidad,Femenino,8,mestizo,primaria
Puntos Vive Digital,primaria,General,El remanso,Tarjeta de Identidad,Femenino,10,Afrocolombiano,primaria
Puntos Vive Digital,universitario,General,CENTRO CULUTRAL LUCY TEJADA,Cédula Ciudadanía,Masculino,67,NA,universitario
Puntos Vive Digital,Tecnico,General,CENTRO CULUTRAL LUCY TEJADA,Permiso por Protección Temporal,Masculino,33,NA,Tecnico
Puntos Vive Digital,universitario,General,CENTRO CULUTRAL LUCY TEJADA,Cédula Ciudadanía,Masculino,48,NA,universitario
Puntos Vive Digital,secundaria,General,El remanso,Cédula Ciudadanía,Femenino,19,NA,secundaria
Puntos Vive Digital,secundaria,General,CENTRO CULUTRAL LUCY TEJADA,Cédula Ciudadanía,Femenino,-18,NA,secundaria
Puntos Vive Digital,Primaria,General,El remanso,Tarjeta de Identidad,Masculino,10,mestizo,Primaria
Puntos Vive Digital,Secundaria,General,CENTRO CULUTRAL LUCY TEJADA,Cédula Ciudadanía,Masculino,43,NA,Secundaria
Puntos Vive Digital,universitario,General,CENTRO CULUTRAL LUCY TEJADA,Cédula Ciudadanía,Masculino,54,NA,universitario
Puntos Vive Digital,Tecnico,General,CENTRO CULUTRAL LUCY TEJADA,Tarjeta de Identidad,Masculino,17,NA,Tecnico
Puntos Vive Digital,universitario,General,CENTRO CULUTRAL LUCY TEJADA,Cédula Ciudadanía,Femenino,40,NA,universitario
Puntos Vive Digital,secundaria,General,CENTRO CULUTRAL LUCY TEJADA,Cédula Ciudadanía,Femenino,52,NA,secundaria
Puntos Vive Digital,Secundaria,General,CENTRO CULUTRAL LUCY TEJADA,Cédula Ciudadanía,Masculino,24,NA,Secundaria
Puntos Vive Digital,Secundaria,General,CENTRO CULUTRAL LUCY TEJADA,Cédula Ciudadanía,Masculino,42,NA,Secundaria
Puntos Vive Digital,Secundaria,General,CENTRO CULUTRAL LUCY TEJADA,Cédula Ciudadanía,Masculino,33,NA,Secundaria
Puntos Vive Digital,universitario,General,El remanso,Cédula Ciudadanía,Masculino,35,Afrocolombiano,universitario
Puntos Vive Digital,Secundaria,General,CENTRO CULUTRAL LUCY TEJADA,Cédula Ciudadanía,Masculino,33,NA,Secundaria
Puntos Vive Digital,Tecnico,General,CENTRO CULUTRAL LUCY TEJADA,Cédula Ciudadanía,Masculino,56,NA,Tecnico
Puntos Vive Digital,secundaria,General,CENTRO CULUTRAL LUCY TEJADA,Cédula Ciudadanía,Femenino,37,NA,secundaria
Puntos Vive Digital,Tecnico,General,CENTRO CULUTRAL LUCY TEJADA,Cédula Ciudadanía,Masculino,53,NA,Tecnico
Puntos Vive Digital,secundaria,General,CENTRO CULUTRAL LUCY TEJADA,Cédula Ciudadanía,Femenino,36,NA,secundaria
Puntos Vive Digital,secundaria,General,CENTRO CULUTRAL LUCY TEJADA,Cédula Ciudadanía,Femenino,27,NA,secundaria
Puntos Vive Digital,Primaria,General,Centro Administrativo La Bella,Tarjeta de Identidad,Masculino,11,NA,Primaria
Puntos Vive Digital,Secundaria,General,Centro Administrativo La Bella,Cédula Ciudadanía,Masculino,18,NA,Secundaria
Puntos Vive Digital,Secundaria,General,El remanso,Cédula Ciudadanía,Masculino,18,Afrocolombiano,Secundaria
Puntos Vive Digital,secundaria,General,Centro Administrativo La Bella,Tarjeta de Identidad,Femenino,13,NA,secundaria
Puntos Vive Digital,primaria,General,Centro Administrativo La Bella,Tarjeta de Identidad,Femenino,9,NA,primaria
Puntos Vive Digital,Primaria,General,Centro Administrativo La Bella,Tarjeta de Identidad,Masculino,12,NA,Primaria
Puntos Vive Digital,Secundaria,General,Centro Administrativo La Bella,Tarjeta de Identidad,Masculino,17,NA,Secundaria
Puntos Vive Digital,Secundaria,General,CENTRO CULUTRAL LUCY TEJADA,Cédula Ciudadanía,Masculino,45,NA,Secundaria
Puntos Vive Digital,Secundaria,General,CENTRO CULUTRAL LUCY TEJADA,Otro,Masculino,44,NA,Secundaria
Puntos Vive Digital,secundaria,General,El remanso,Cédula Ciudadanía,Femenino,20,mestizo,secundaria
Puntos Vive Digital,Secundaria,General,El remanso,Tarjeta de Identidad,Masculino,12,mestizo,Secundaria
Puntos Vive Digital,secundaria,General,CENTRO CULUTRAL LUCY TEJADA,Cédula Ciudadanía,Femenino,35,NA,secundaria
Puntos Vive Digital,Secundaria,General,CENTRO CULUTRAL LUCY TEJADA,Tarjeta de Identidad,Masculino,17,mestizo,Secundaria
Puntos Vive Digital,Secundaria,General,CENTRO CULUTRAL LUCY TEJADA,Cédula Ciudadanía,Masculino,23,NA,Secundaria
Puntos Vive Digital,Secundaria,General,El remanso,Tarjeta de Identidad,Masculino,12,Afrocolombiano,Secundaria
Puntos Vive Digital,Primaria,General,El remanso,Tarjeta de Identidad,Masculino,12,Afrocolombiano,Primaria
Puntos Vive Digital,Primaria,General,El remanso,Tarjeta de Identidad,Masculino,8,Afrocolombiano,Primaria
Puntos Vive Digital,Primaria,General,El remanso,Tarjeta de Identidad,Masculino,10,mestizo,Primaria
Puntos Vive Digital,postgrado,General,CENTRO CULUTRAL LUCY TEJADA,Cédula Ciudadanía,Femenino,74,NA,postgrado
Puntos Vive Digital,universitario,General,CENTRO CULUTRAL LUCY TEJADA,Cédula Ciudadanía,Femenino,69,NA,universitario
Puntos Vive Digital,postgrado,General,CENTRO CULUTRAL LUCY TEJADA,Cédula Ciudadanía,Femenino,74,NA,postgrado
Puntos Vive Digital,secundaria,General,CENTRO CULUTRAL LUCY TEJADA,Cédula Ciudadanía,Femenino,54,NA,secundaria
Puntos Vive Digital,secundaria,General,El remanso,Cédula Ciudadanía,Femenino,37,mestizo,secundaria
Puntos Vive Digital,Secundaria,General,El remanso,Tarjeta de Identidad,Masculino,12,mestizo,Secundaria
Puntos Vive Digital,Secundaria,General,El remanso,Cédula Ciudadanía,Masculino,32,mestizo,Secundaria
Puntos Vive Digital,Secundaria,General,CENTRO CULUTRAL LUCY TEJADA,Cédula Ciudadanía,Masculino,42,NA,Secundaria
Puntos Vive Digital,secundaria,General,CENTRO CULUTRAL LUCY TEJADA,Cédula Ciudadanía,Femenino,65,NA,secundaria
Puntos Vive Digital,Secundaria,General,CENTRO CULUTRAL LUCY TEJADA,Cédula Ciudadanía,Masculino,61,NA,Secundaria
Puntos Vive Digital,Secundaria,General,CENTRO CULUTRAL LUCY TEJADA,Cédula Ciudadanía,Masculino,82,NA,Secundaria
Puntos Vive Digital,universitario,General,CENTRO CULUTRAL LUCY TEJADA,Cédula Ciudadanía,Masculino,78,NA,universitario
Puntos Vive Digital,Secundaria,General,CENTRO CULUTRAL LUCY TEJADA,Cédula Ciudadanía,Masculino,60,NA,Secundaria
Puntos Vive Digital,secundaria,General,CENTRO CULUTRAL LUCY TEJADA,Cédula Ciudadanía,Femenino,62,NA,secundaria
Puntos Vive Digital,secundaria,General,CENTRO CULUTRAL LUCY TEJADA,Cédula Ciudadanía,Femenino,57,NA,secundaria
Puntos Vive Digital,secundaria,General,CENTRO CULUTRAL LUCY TEJADA,Cédula Ciudadanía,Femenino,57,NA,secundaria
Puntos Vive Digital,universitario,General,CENTRO CULUTRAL LUCY TEJADA,Cédula Ciudadanía,Masculino,75,NA,universitario
Puntos Vive Digital,Secundaria,General,El remanso,Tarjeta de Identidad,Masculino,11,mestizo,Secundaria
Puntos Vive Digital,Secundaria,General,El remanso,Cédula Ciudadanía,Masculino,32,mestizo,Secundaria
Puntos Vive Digital,primaria,General,Centro Administrativo La Bella,Tarjeta de Identidad,Femenino,10,NA,primaria
Puntos Vive Digital,Secundaria,General,Centro Administrativo La Bella,Tarjeta de Identidad,Masculino,17,NA,Secundaria
Puntos Vive Digital,universitario,General,CENTRO CULUTRAL LUCY TEJADA,Cédula Ciudadanía,Femenino,53,NA,universitario
Puntos Vive Digital,secundaria,General,CENTRO CULUTRAL LUCY TEJADA,Cédula Ciudadanía,Femenino,62,NA,secundaria
Puntos Vive Digital,primaria,General,El remanso,Tarjeta de Identidad,Femenino,12,Afrocolombiano,primaria
Puntos Vive Digital,secundaria,General,CENTRO CULUTRAL LUCY TEJADA,Cédula Ciudadanía,Femenino,73,NA,secundaria
Puntos Vive Digital,secundaria,General,El remanso,Cédula Ciudadanía,Femenino,34,mestizo,secundaria
Puntos Vive Digital,Primaria,General,El remanso,Tarjeta de Identidad,Masculino,10,Afrocolombiano,Primaria
Puntos Vive Digital,primaria,General,El remanso,Tarjeta de Identidad,Femenino,10,mestizo,primaria
Puntos Vive Digital,primaria,General,El remanso,Tarjeta de Identidad,Femenino,11,mestizo,primaria
Puntos Vive Digital,Primaria,General,Centro Administrativo La Bella,Tarjeta de Identidad,Masculino,11,NA,Primaria
Puntos Vive Digital,primaria,General,Centro Administrativo La Bella,Tarjeta de Identidad,Femenino,9,NA,primaria
Puntos Vive Digital,secundaria,General,Centro Administrativo La Bella,Tarjeta de Identidad,Femenino,13,NA,secundaria
Puntos Vive Digital,Primaria,General,CENTRO CULUTRAL LUCY TEJADA,Cédula Ciudadanía,Masculino,78,NA,Primaria
Puntos Vive Digital,secundaria,General,El remanso,Cédula Ciudadanía,Femenino,20,mestizo,secundaria
Puntos Vive Digital,Secundaria,General,El remanso,Tarjeta de Identidad,Masculino,12,mestizo,Secundaria
Puntos Vive Digital,tecnico,General,CENTRO CULUTRAL LUCY TEJADA,Cédula Ciudadanía,Femenino,61,NA,tecnico
Puntos Vive Digital,secundaria,General,CENTRO CULUTRAL LUCY TEJADA,Cédula Ciudadanía,Femenino,62,NA,secundaria
Puntos Vive Digital,primaria,General,CENTRO CULUTRAL LUCY TEJADA,Cédula Ciudadanía,Femenino,60,NA,primaria
Puntos Vive Digital,Secundaria,General,El remanso,Tarjeta de Identidad,Masculino,13,mestizo,Secundaria
Puntos Vive Digital,Primaria,General,El remanso,Tarjeta de Identidad,Masculino,9,mestizo,Primaria
Puntos Vive Digital,Secundaria,General,El remanso,Tarjeta de Identidad,Masculino,12,Afrocolombiano,Secundaria
Puntos Vive Digital,Secundaria,General,Centro de Desarrollo Vecinal Villa Consota,Tarjeta de Identidad,Masculino,13,Afrocolombiano,Secundaria
Puntos Vive Digital,Secundaria,General,Centro de Desarrollo Vecinal Villa Consota,Tarjeta de Identidad,Masculino,11,Afrocolombiano,Secundaria
Puntos Vive Digital,primaria,General,El remanso,Tarjeta de Identidad,Femenino,10,Afrocolombiano,primaria
Puntos Vive Digital,secundaria,General,CENTRO CULUTRAL LUCY TEJADA,Cédula Ciudadanía,Femenino,75,NA,secundaria
Puntos Vive Digital,Secundaria,General,CENTRO CULUTRAL LUCY TEJADA,Cédula Ciudadanía,Masculino,63,NA,Secundaria
Puntos Vive Digital,Primaria,General,El remanso,Tarjeta de Identidad,Masculino,11,Afrocolombiano,Primaria
Puntos Vive Digital,primaria,General,El remanso,Tarjeta de Identidad,Femenino,8,mestizo,primaria
Puntos Vive Digital,primaria,General,El remanso,Tarjeta de Identidad,Femenino,10,Afrocolombiano,primaria
Puntos Vive Digital,tecnologico,General,CENTRO CULUTRAL LUCY TEJADA,Cédula Ciudadanía,Femenino,55,mestizo,tecnologico
Puntos Vive Digital,Secundaria,General,El remanso,Tarjeta de Identidad,Masculino,15,Afrocolombiano,Secundaria
Puntos Vive Digital,Secundaria,General,El remanso,Tarjeta de Identidad,Masculino,12,Afrocolombiano,Secundaria
Puntos Vive Digital,Primaria,General,El remanso,Tarjeta de Identidad,Masculino,8,Afrocolombiano,Primaria
Puntos Vive Digital,universitario,General,CENTRO CULUTRAL LUCY TEJADA,Cédula Ciudadanía,Masculino,76,NA,universitario
Puntos Vive Digital,tecnico,General,CENTRO CULUTRAL LUCY TEJADA,Cédula Ciudadanía,Femenino,65,mestizo,tecnico
Puntos Vive Digital,secundaria,General,CENTRO CULUTRAL LUCY TEJADA,Cédula Ciudadanía,Femenino,61,NA,secundaria
Puntos Vive Digital,postgrado,General,CENTRO CULUTRAL LUCY TEJADA,Cédula Ciudadanía,Femenino,-60,NA,postgrado
Puntos Vive Digital,tecnico,General,CENTRO CULUTRAL LUCY TEJADA,Cédula Ciudadanía,Femenino,57,NA,tecnico
Puntos Vive Digital,tecnico,General,CENTRO CULUTRAL LUCY TEJADA,Cédula Ciudadanía,Femenino,63,NA,tecnico
Puntos Vive Digital,secundaria,General,CENTRO CULUTRAL LUCY TEJADA,Cédula Ciudadanía,Femenino,76,NA,secundaria
Puntos Vive Digital,primaria,General,CENTRO CULUTRAL LUCY TEJADA,Cédula Ciudadanía,Femenino,53,NA,primaria
Puntos Vive Digital,tecnologico,General,CENTRO CULUTRAL LUCY TEJADA,Cédula Ciudadanía,Masculino,58,NA,tecnologico
Puntos Vive Digital,Secundaria,General,Centro de Desarrollo Vecinal Villa Consota,Tarjeta de Identidad,Masculino,14,mestizo,Secundaria
Puntos Vive Digital,Secundaria,General,Centro de Desarrollo Vecinal Villa Consota,Tarjeta de Identidad,Masculino,13,mestizo,Secundaria
Puntos Vive Digital,Primaria,General,El remanso,Cédula Ciudadanía,Masculino,24,mestizo,Primaria
Puntos Vive Digital,Primaria,General,Centro de Desarrollo Vecinal Villa Consota,Tarjeta de Identidad,Masculino,9,mestizo,Primaria
Puntos Vive Digital,Primaria,General,Centro de Desarrollo Vecinal Villa Consota,Registro Civil,Masculino,7,mestizo,Primaria
Puntos Vive Digital,Secundaria,General,Centro de Desarrollo Vecinal Villa Consota,Tarjeta de Identidad,Masculino,14,Afrocolombiano,Secundaria
Puntos Vive Digital,Tecnico,General,CENTRO CULUTRAL LUCY TEJADA,Cédula Ciudadanía,Masculino,53,NA,Tecnico
Puntos Vive Digital,Primaria,General,El remanso,Tarjeta de Identidad,Masculino,14,Afrocolombiano,Primaria
Puntos Vive Digital,Secundaria,General,El remanso,Tarjeta de Identidad,Masculino,11,mestizo,Secundaria
Puntos Vive Digital,secundaria,General,El remanso,Cédula Ciudadanía,Femenino,20,mestizo,secundaria
Puntos Vive Digital,Secundaria,General,El remanso,Tarjeta de Identidad,Masculino,12,mestizo,Secundaria
Puntos Vive Digital,Primaria,General,El remanso,Tarjeta de Identidad,Masculino,8,Afrocolombiano,Primaria
Puntos Vive Digital,Primaria,General,Centro Administrativo La Bella,Tarjeta de Identidad,Masculino,11,NA,Primaria
Puntos Vive Digital,primaria,General,Centro Administrativo La Bella,Tarjeta de Identidad,Femenino,9,NA,primaria
Puntos Vive Digital,primaria,General,Centro Administrativo La Bella,Tarjeta de Identidad,Femenino,10,NA,primaria
Puntos Vive Digital,Secundaria,General,El remanso,Tarjeta de Identidad,Masculino,15,Afrocolombiano,Secundaria
Puntos Vive Digital,primaria,General,Centro de Desarrollo Vecinal Villa Consota,Tarjeta de Identidad,Femenino,10,Afrocolombiano,primaria
Puntos Vive Digital,Secundaria,General,El remanso,Tarjeta de Identidad,Masculino,12,Afrocolombiano,Secundaria
Puntos Vive Digital,primaria,General,El remanso,Tarjeta de Identidad,Femenino,8,mestizo,primaria
Puntos Vive Digital,primaria,General,El remanso,Tarjeta de Identidad,Femenino,10,Afrocolombiano,primaria
Puntos Vive Digital,Secundaria,General,El remanso,Tarjeta de Identidad,Masculino,12,mestizo,Secundaria
Puntos Vive Digital,Secundaria,General,El remanso,Tarjeta de Identidad,Masculino,12,mestizo,Secundaria
Puntos Vive Digital,Secundaria,General,El remanso,Cédula Ciudadanía,Masculino,32,mestizo,Secundaria
Puntos Vive Digital,secundaria,General,El remanso,Cédula Ciudadanía,Femenino,37,mestizo,secundaria
Puntos Vive Digital,Primaria,General,Centro de Desarrollo Vecinal Villa Consota,Registro Civil,Masculino,7,mestizo,Primaria
Puntos Vive Digital,Primaria,General,Centro de Desarrollo Vecinal Villa Consota,Tarjeta de Identidad,Masculino,9,mestizo,Primaria
Puntos Vive Digital,Secundaria,General,Centro de Desarrollo Vecinal Villa Consota,Tarjeta de Identidad,Masculino,14,mestizo,Secundaria
Puntos Vive Digital,Secundaria,General,Centro de Desarrollo Vecinal Villa Consota,Tarjeta de Identidad,Masculino,13,mestizo,Secundaria
Puntos Vive Digital,Secundaria,General,Centro de Desarrollo Vecinal Villa Consota,Tarjeta de Identidad,Masculino,14,Afrocolombiano,Secundaria
Puntos Vive Digital,universitario,General,CENTRO CULUTRAL LUCY TEJADA,Cédula Ciudadanía,Femenino,42,NA,universitario
Puntos Vive Digital,secundaria,General,CENTRO CULUTRAL LUCY TEJADA,Cédula Ciudadanía,Femenino,27,NA,secundaria
Puntos Vive Digital,primaria,General,Centro Administrativo La Bella,Tarjeta de Identidad,Femenino,10,NA,primaria
Puntos Vive Digital,secundaria,General,Centro de Desarrollo Vecinal Villa Consota,Tarjeta de Identidad,Femenino,12,mestizo,secundaria
Puntos Vive Digital,primaria,General,Centro Administrativo La Bella,Tarjeta de Identidad,Femenino,10,NA,primaria
Puntos Vive Digital,Primaria,General,Centro de Desarrollo Vecinal Villa Consota,Tarjeta de Identidad,Masculino,7,mestizo,Primaria
Puntos Vive Digital,Secundaria,General,Centro de Desarrollo Vecinal Villa Consota,Tarjeta de Identidad,Masculino,13,mestizo,Secundaria
Puntos Vive Digital,secundaria,General,El remanso,Cédula Ciudadanía,Femenino,34,mestizo,secundaria
Puntos Vive Digital,secundaria,General,El remanso,Tarjeta de Identidad,Femenino,13,mestizo,secundaria
Puntos Vive Digital,Primaria,General,El remanso,Tarjeta de Identidad,Masculino,8,mestizo,Primaria
Puntos Vive Digital,Secundaria,General,El remanso,Tarjeta de Identidad,Masculino,11,mestizo,Secundaria
Puntos Vive Digital,primaria,General,Centro Administrativo La Bella,Tarjeta de Identidad,Femenino,9,NA,primaria
Puntos Vive Digital,universitario,General,Centro Administrativo La Bella,Cédula Ciudadanía,Masculino,61,NA,universitario
Puntos Vive Digital,primaria,General,CENTRO CULUTRAL LUCY TEJADA,Registro Civil,Femenino,-16,NA,primaria
Puntos Vive Digital,postgrado,General,CENTRO CULUTRAL LUCY TEJADA,Cédula Ciudadanía,Femenino,-60,NA,postgrado
Puntos Vive Digital,primaria,General,CENTRO CULUTRAL LUCY TEJADA,Registro Civil,Femenino,-16,NA,primaria
Puntos Vive Digital,Secundaria,General,Centro Administrativo La Bella,Tarjeta de Identidad,Masculino,17,NA,Secundaria
Puntos Vive Digital,Primaria,General,Centro Administrativo La Bella,Tarjeta de Identidad,Masculino,11,NA,Primaria
Puntos Vive Digital,tecnologico,General,CENTRO CULUTRAL LUCY TEJADA,Cédula Ciudadanía,Masculino,71,NA,tecnologico
Puntos Vive Digital,Primaria,General,El remanso,Tarjeta de Identidad,Masculino,14,mestizo,Primaria
Puntos Vive Digital,primaria,General,El remanso,Tarjeta de Identidad,Femenino,10,Afrocolombiano,primaria
Puntos Vive Digital,Primaria,General,El remanso,Tarjeta de Identidad,Masculino,12,Afrocolombiano,Primaria
Puntos Vive Digital,primaria,General,CENTRO CULUTRAL LUCY TEJADA,Registro Civil,Femenino,16,NA,primaria
Puntos Vive Digital,secundaria,General,CENTRO CULUTRAL LUCY TEJADA,Cédula Ciudadanía,Femenino,73,NA,secundaria
Puntos Vive Digital,secundaria,General,CENTRO CULUTRAL LUCY TEJADA,Cédula Ciudadanía,Femenino,73,NA,secundaria
Puntos Vive Digital,tecnico,General,CENTRO CULUTRAL LUCY TEJADA,Cédula Ciudadanía,Femenino,57,NA,tecnico
Puntos Vive Digital,universitario,General,CENTRO CULUTRAL LUCY TEJADA,Cédula Ciudadanía,Masculino,76,NA,universitario
Puntos Vive Digital,tecnico,General,CENTRO CULUTRAL LUCY TEJADA,Cédula Ciudadanía,Femenino,61,NA,tecnico
Puntos Vive Digital,Primaria,General,CENTRO CULUTRAL LUCY TEJADA,Cédula Ciudadanía,Masculino,78,NA,Primaria
Puntos Vive Digital,secundaria,General,CENTRO CULUTRAL LUCY TEJADA,Cédula Ciudadanía,Femenino,62,NA,secundaria
Puntos Vive Digital,secundaria,General,CENTRO CULUTRAL LUCY TEJADA,Cédula Ciudadanía,Femenino,74,NA,secundaria
Puntos Vive Digital,Primaria,General,CENTRO CULUTRAL LUCY TEJADA,Cédula Ciudadanía,Masculino,78,NA,Primaria
Puntos Vive Digital,secundaria,General,CENTRO CULUTRAL LUCY TEJADA,Cédula Extranjería,Femenino,24,NA,secundaria
Puntos Vive Digital,primaria,General,CENTRO CULUTRAL LUCY TEJADA,Cédula Ciudadanía,Femenino,80,NA,primaria
Puntos Vive Digital,primaria,General,CENTRO CULUTRAL LUCY TEJADA,Cédula Ciudadanía,Femenino,53,NA,primaria
Puntos Vive Digital,tecnico,General,CENTRO CULUTRAL LUCY TEJADA,Cédula Ciudadanía,Femenino,63,NA,tecnico
Puntos Vive Digital,secundaria,General,CENTRO CULUTRAL LUCY TEJADA,Cédula Ciudadanía,Femenino,76,NA,secundaria
Puntos Vive Digital,secundaria,General,CENTRO CULUTRAL LUCY TEJADA,Cédula Ciudadanía,Femenino,61,NA,secundaria
Puntos Vive Digital,Secundaria,General,CENTRO CULUTRAL LUCY TEJADA,Cédula Ciudadanía,Masculino,63,NA,Secundaria
Puntos Vive Digital,universitario,General,CENTRO CULUTRAL LUCY TEJADA,Cédula Ciudadanía,Femenino,53,NA,universitario
Puntos Vive Digital,tecnologico,General,CENTRO CULUTRAL LUCY TEJADA,Cédula Ciudadanía,Masculino,58,NA,tecnologico
Puntos Vive Digital,secundaria,General,CENTRO CULUTRAL LUCY TEJADA,Cédula Ciudadanía,Femenino,62,NA,secundaria
Puntos Vive Digital,secundaria,General,CENTRO CULUTRAL LUCY TEJADA,Cédula Ciudadanía,Femenino,75,NA,secundaria
Puntos Vive Digital,Secundaria,General,CENTRO CULUTRAL LUCY TEJADA,Cédula Ciudadanía,Masculino,23,NA,Secundaria
Puntos Vive Digital,Secundaria,General,CENTRO CULUTRAL LUCY TEJADA,Tarjeta de Identidad,Masculino,17,NA,Secundaria
Puntos Vive Digital,secundaria,General,CENTRO CULUTRAL LUCY TEJADA,Cédula Extranjería,Femenino,24,NA,secundaria
Puntos Vive Digital,secundaria,General,CENTRO CULUTRAL LUCY TEJADA,Cédula Ciudadanía,Femenino,59,NA,secundaria
Puntos Vive Digital,secundaria,General,CENTRO CULUTRAL LUCY TEJADA,Cédula Ciudadanía,Femenino,70,NA,secundaria
Puntos Vive Digital,Secundaria,General,CENTRO CULUTRAL LUCY TEJADA,Cédula Ciudadanía,Masculino,61,NA,Secundaria
Puntos Vive Digital,Secundaria,General,CENTRO CULUTRAL LUCY TEJADA,Cédula Ciudadanía,Masculino,58,NA,Secundaria
Puntos Vive Digital,universitario,General,CENTRO CULUTRAL LUCY TEJADA,Cédula Ciudadanía,Masculino,57,NA,universitario
Puntos Vive Digital,universitario,General,CENTRO CULUTRAL LUCY TEJADA,Cédula Ciudadanía,Masculino,57,NA,universitario
Puntos Vive Digital,secundaria,General,CENTRO CULUTRAL LUCY TEJADA,Cédula Ciudadanía,Femenino,54,NA,secundaria
Puntos Vive Digital,secundaria,General,CENTRO CULUTRAL LUCY TEJADA,Cédula Ciudadanía,Femenino,29,NA,secundaria
Puntos Vive Digital,Secundaria,General,CENTRO CULUTRAL LUCY TEJADA,Cédula Ciudadanía,Masculino,60,NA,Secundaria
Puntos Vive Digital,secundaria,General,SAN FERNANDO CUBA,Cédula Ciudadanía,Femenino,45,NA,secundaria
Puntos Vive Digital,primaria,General,CENTRO CULUTRAL LUCY TEJADA,Cédula Ciudadanía,Femenino,61,NA,primaria
Puntos Vive Digital,postgrado,General,CENTRO CULUTRAL LUCY TEJADA,Cédula Ciudadanía,Femenino,62,NA,postgrado
Puntos Vive Digital,secundaria,General,SAN FERNANDO CUBA,Cédula Ciudadanía,Femenino,55,NA,secundaria
Puntos Vive Digital,tecnico,General,SAN FERNANDO CUBA,Cédula Ciudadanía,Femenino,60,NA,tecnico
Puntos Vive Digital,Primaria,General,Centro de Desarrollo Vecinal Villa Consota,Tarjeta de Identidad,Masculino,9,mestizo,Primaria
Puntos Vive Digital,Secundaria,General,CENTRO CULUTRAL LUCY TEJADA,Cédula Ciudadanía,Masculino,33,NA,Secundaria
Puntos Vive Digital,Primaria,General,Centro de Desarrollo Vecinal Villa Consota,Registro Civil,Masculino,7,mestizo,Primaria
Puntos Vive Digital,postgrado,General,CENTRO CULUTRAL LUCY TEJADA,Cédula Ciudadanía,Femenino,74,NA,postgrado
Puntos Vive Digital,postgrado,General,CENTRO CULUTRAL LUCY TEJADA,Cédula Ciudadanía,Femenino,74,NA,postgrado
Puntos Vive Digital,universitario,General,CENTRO CULUTRAL LUCY TEJADA,Cédula Ciudadanía,Masculino,70,NA,universitario
Puntos Vive Digital,universitario,General,CENTRO CULUTRAL LUCY TEJADA,Cédula Ciudadanía,Masculino,78,NA,universitario
Puntos Vive Digital,secundaria,General,CENTRO CULUTRAL LUCY TEJADA,Cédula Ciudadanía,Femenino,72,NA,secundaria
Puntos Vive Digital,Secundaria,General,Centro de Desarrollo Vecinal Villa Consota,Tarjeta de Identidad,Masculino,11,Afrocolombiano,Secundaria
Puntos Vive Digital,secundaria,General,CENTRO CULUTRAL LUCY TEJADA,Cédula Ciudadanía,Femenino,57,NA,secundaria
Puntos Vive Digital,Secundaria,General,Centro de Desarrollo Vecinal Villa Consota,Tarjeta de Identidad,Masculino,17,Afrocolombiano,Secundaria
Puntos Vive Digital,secundaria,General,CENTRO CULUTRAL LUCY TEJADA,Cédula Ciudadanía,Femenino,62,NA,secundaria
Puntos Vive Digital,secundaria,General,SAN FERNANDO CUBA,Cédula Ciudadanía,Femenino,43,NA,secundaria
Puntos Vive Digital,secundaria,General,SAN FERNANDO CUBA,Cédula Ciudadanía,Femenino,68,mestizo,secundaria
Puntos Vive Digital,Secundaria,General,Centro de Desarrollo Vecinal Villa Consota,Tarjeta de Identidad,Masculino,14,Afrocolombiano,Secundaria
Puntos Vive Digital,tecnico,General,SAN FERNANDO CUBA,Cédula Ciudadanía,Femenino,48,NA,tecnico
Puntos Vive Digital,secundaria,General,SAN FERNANDO CUBA,Cédula Ciudadanía,Femenino,19,NA,secundaria
Puntos Vive Digital,Secundaria,General,CENTRO CULUTRAL LUCY TEJADA,Cédula Ciudadanía,Masculino,17,NA,Secundaria
Puntos Vive Digital,tecnico,General,CENTRO CULUTRAL LUCY TEJADA,Cédula Ciudadanía,Femenino,37,NA,tecnico
Puntos Vive Digital,tecnologico,General,CENTRO CULUTRAL LUCY TEJADA,Cédula Ciudadanía,Femenino,42,NA,tecnologico
Puntos Vive Digital,universitario,General,CENTRO CULUTRAL LUCY TEJADA,Cédula Ciudadanía,Masculino,51,NA,universitario
Puntos Vive Digital,secundaria,General,CENTRO CULUTRAL LUCY TEJADA,Cédula Ciudadanía,Femenino,62,NA,secundaria
Puntos Vive Digital,secundaria,General,CENTRO CULUTRAL LUCY TEJADA,Cédula Ciudadanía,Femenino,18,indigena,secundaria
Puntos Vive Digital,Secundaria,General,CENTRO CULUTRAL LUCY TEJADA,Tarjeta de Identidad,Masculino,17,NA,Secundaria
Puntos Vive Digital,tecnico,General,CENTRO CULUTRAL LUCY TEJADA,Cédula Ciudadanía,Femenino,33,NA,tecnico
Puntos Vive Digital,tecnico,General,CENTRO CULUTRAL LUCY TEJADA,Tarjeta de Identidad,Femenino,17,NA,tecnico
Puntos Vive Digital,Primaria,General,El remanso,Tarjeta de Identidad,Masculino,14,Afrocolombiano,Primaria
Puntos Vive Digital,secundaria,General,El remanso,Cédula Ciudadanía,Femenino,34,mestizo,secundaria
Puntos Vive Digital,universitario,General,El remanso,Cédula Ciudadanía,Masculino,37,mestizo,universitario
Puntos Vive Digital,Tecnico,General,CENTRO CULUTRAL LUCY TEJADA,Permiso por Protección Temporal,Masculino,33,NA,Tecnico
Puntos Vive Digital,Primaria,General,El remanso,Tarjeta de Identidad,Masculino,12,mestizo,Primaria
Puntos Vive Digital,universitario,General,CENTRO CULUTRAL LUCY TEJADA,Cédula Ciudadanía,Masculino,54,NA,universitario
Puntos Vive Digital,Primaria,General,El remanso,Tarjeta de Identidad,Masculino,14,mestizo,Primaria
Puntos Vive Digital,tecnologico,General,CENTRO CULUTRAL LUCY TEJADA,Cédula Ciudadanía,Masculino,71,NA,tecnologico
Puntos Vive Digital,Tecnico,General,CENTRO CULUTRAL LUCY TEJADA,Tarjeta de Identidad,Masculino,17,NA,Tecnico
Puntos Vive Digital,Primaria,General,Centro Administrativo La Bella,Tarjeta de Identidad,Masculino,11,NA,Primaria
Puntos Vive Digital,Secundaria,General,CENTRO CULUTRAL LUCY TEJADA,Cédula Ciudadanía,Masculino,63,NA,Secundaria
Puntos Vive Digital,Secundaria,General,El remanso,Tarjeta de Identidad,Masculino,11,mestizo,Secundaria
Puntos Vive Digital,Secundaria,General,CENTRO CULUTRAL LUCY TEJADA,Permiso por Protección Temporal,Masculino,16,NA,Secundaria
Puntos Vive Digital,Secundaria,General,El remanso,Cédula Ciudadanía,Masculino,22,Afrocolombiano,Secundaria
Puntos Vive Digital,primaria,General,Centro Administrativo La Bella,Tarjeta de Identidad,Femenino,8,NA,primaria
Puntos Vive Digital,universitario,General,CENTRO CULUTRAL LUCY TEJADA,Cédula Ciudadanía,Masculino,67,NA,universitario
Puntos Vive Digital,primaria,General,Centro Administrativo La Bella,Tarjeta de Identidad,Femenino,9,NA,primaria
Puntos Vive Digital,Primaria,General,Centro Administrativo La Bella,Tarjeta de Identidad,Masculino,11,NA,Primaria
Puntos Vive Digital,Secundaria,General,Centro de Desarrollo Vecinal Villa Consota,Tarjeta de Identidad,Masculino,13,Afrocolombiano,Secundaria
Puntos Vive Digital,secundaria,General,El remanso,Cédula Ciudadanía,Femenino,19,NA,secundaria
Puntos Vive Digital,secundaria,General,El remanso,Cédula Ciudadanía,Femenino,19,NA,secundaria
Puntos Vive Digital,Secundaria,General,Centro de Desarrollo Vecinal Villa Consota,Tarjeta de Identidad,Masculino,11,Afrocolombiano,Secundaria
Puntos Vive Digital,Tecnico,General,Centro Administrativo La Bella,Cédula Ciudadanía,Masculino,19,NA,Tecnico
Puntos Vive Digital,Secundaria,General,CENTRO CULUTRAL LUCY TEJADA,Cédula Ciudadanía,Masculino,42,NA,Secundaria
Puntos Vive Digital,secundaria,General,CENTRO CULUTRAL LUCY TEJADA,Cédula Ciudadanía,Femenino,-18,NA,secundaria
Puntos Vive Digital,Secundaria,General,CENTRO CULUTRAL LUCY TEJADA,Cédula Ciudadanía,Masculino,20,Afrocolombiano,Secundaria
Puntos Vive Digital,tecnologico,General,CENTRO CULUTRAL LUCY TEJADA,Permiso por Protección Temporal,Masculino,33,NA,tecnologico
Puntos Vive Digital,Primaria,General,El remanso,Tarjeta de Identidad,Masculino,10,mestizo,Primaria
Puntos Vive Digital,Secundaria,General,El remanso,Tarjeta de Identidad,Masculino,12,mestizo,Secundaria
Puntos Vive Digital,primaria,General,El remanso,Tarjeta de Identidad,Femenino,8,mestizo,primaria
Puntos Vive Digital,secundaria,General,CENTRO CULUTRAL LUCY TEJADA,Cédula Ciudadanía,Femenino,52,NA,secundaria
Puntos Vive Digital,primaria,General,El remanso,Tarjeta de Identidad,Femenino,10,Afrocolombiano,primaria
Puntos Vive Digital,Secundaria,General,CENTRO CULUTRAL LUCY TEJADA,Cédula Ciudadanía,Masculino,38,NA,Secundaria
Puntos Vive Digital,secundaria,General,CENTRO CULUTRAL LUCY TEJADA,Cédula Ciudadanía,Femenino,28,NA,secundaria
Puntos Vive Digital,Tecnico,General,SAN FERNANDO CUBA,Cédula Ciudadanía,Masculino,45,NA,Tecnico
Puntos Vive Digital,Secundaria,General,Centro de Desarrollo Vecinal Villa Consota,Tarjeta de Identidad,Masculino,13,mestizo,Secundaria
Puntos Vive Digital,Secundaria,General,Centro de Desarrollo Vecinal Villa Consota,Tarjeta de Identidad,Masculino,13,mestizo,Secundaria
Puntos Vive Digital,Primaria,General,Centro de Desarrollo Vecinal Villa Consota,Tarjeta de Identidad,Masculino,9,mestizo,Primaria
Puntos Vive Digital,Secundaria,General,CENTRO CULUTRAL LUCY TEJADA,Cédula Ciudadanía,Masculino,43,NA,Secundaria
Puntos Vive Digital,Primaria,General,Centro de Desarrollo Vecinal Villa Consota,Registro Civil,Masculino,7,mestizo,Primaria
Puntos Vive Digital,Secundaria,General,Centro de Desarrollo Vecinal Villa Consota,Tarjeta de Identidad,Masculino,17,Afrocolombiano,Secundaria
Puntos Vive Digital,Secundaria,General,Centro de Desarrollo Vecinal Villa Consota,Tarjeta de Identidad,Masculino,14,mestizo,Secundaria
Puntos Vive Digital,Tecnico,General,CENTRO CULUTRAL LUCY TEJADA,Cédula Ciudadanía,Masculino,59,NA,Tecnico
Puntos Vive Digital,Secundaria,General,CENTRO CULUTRAL LUCY TEJADA,Cédula Ciudadanía,Masculino,33,NA,Secundaria
Puntos Vive Digital,secundaria,General,CENTRO CULUTRAL LUCY TEJADA,Tarjeta de Identidad,Femenino,17,NA,secundaria
Puntos Vive Digital,Tecnico,General,CENTRO CULUTRAL LUCY TEJADA,Cédula Ciudadanía,Masculino,56,NA,Tecnico
Puntos Vive Digital,secundaria,General,CENTRO CULUTRAL LUCY TEJADA,Tarjeta de Identidad,Femenino,17,NA,secundaria
Puntos Vive Digital,secundaria,General,CENTRO CULUTRAL LUCY TEJADA,Tarjeta de Identidad,Femenino,17,NA,secundaria
Puntos Vive Digital,secundaria,General,CENTRO CULUTRAL LUCY TEJADA,Tarjeta de Identidad,Femenino,17,NA,secundaria
Puntos Vive Digital,secundaria,General,CENTRO CULUTRAL LUCY TEJADA,Cédula Ciudadanía,Femenino,18,NA,secundaria
Puntos Vive Digital,tecnologico,General,CENTRO CULUTRAL LUCY TEJADA,Cédula Ciudadanía,Femenino,46,NA,tecnologico
Puntos Vive Digital,tecnologico,General,CENTRO CULUTRAL LUCY TEJADA,Cédula Ciudadanía,Femenino,46,NA,tecnologico
Puntos Vive Digital,secundaria,General,CENTRO CULUTRAL LUCY TEJADA,Cédula Extranjería,Femenino,24,NA,secundaria
Puntos Vive Digital,postgrado,General,CENTRO CULUTRAL LUCY TEJADA,Cédula Ciudadanía,Femenino,43,NA,postgrado
Puntos Vive Digital,secundaria,General,CENTRO CULUTRAL LUCY TEJADA,Cédula Ciudadanía,Femenino,72,mestizo,secundaria
Puntos Vive Digital,tecnologico,General,CENTRO CULUTRAL LUCY TEJADA,Cédula Ciudadanía,Femenino,61,NA,tecnologico
Puntos Vive Digital,tecnico,General,CENTRO CULUTRAL LUCY TEJADA,Cédula Ciudadanía,Femenino,36,NA,tecnico
Puntos Vive Digital,universitario,General,CENTRO CULUTRAL LUCY TEJADA,Cédula Ciudadanía,Femenino,42,NA,universitario
Puntos Vive Digital,tecnologico,General,CENTRO CULUTRAL LUCY TEJADA,Cédula Ciudadanía,Femenino,61,NA,tecnologico
Puntos Vive Digital,secundaria,General,CENTRO CULUTRAL LUCY TEJADA,Cédula Ciudadanía,Femenino,36,NA,secundaria
Puntos Vive Digital,tecnico,General,CENTRO CULUTRAL LUCY TEJADA,Cédula Ciudadanía,Femenino,37,NA,tecnico
Puntos Vive Digital,Secundaria,General,CENTRO CULUTRAL LUCY TEJADA,Tarjeta de Identidad,Masculino,15,NA,Secundaria
Puntos Vive Digital,secundaria,General,CENTRO CULUTRAL LUCY TEJADA,Cédula Ciudadanía,Femenino,37,NA,secundaria
Puntos Vive Digital,secundaria,General,CENTRO CULUTRAL LUCY TEJADA,Cédula Ciudadanía,Femenino,21,NA,secundaria
Puntos Vive Digital,Tecnico,General,CENTRO CULUTRAL LUCY TEJADA,Cédula Ciudadanía,Masculino,53,NA,Tecnico
Puntos Vive Digital,universitario,General,CENTRO CULUTRAL LUCY TEJADA,Cédula Ciudadanía,Femenino,25,NA,universitario
Puntos Vive Digital,universitario,General,CENTRO CULUTRAL LUCY TEJADA,Cédula Ciudadanía,Femenino,37,mestizo,universitario
Puntos Vive Digital,secundaria,General,CENTRO CULUTRAL LUCY TEJADA,Cédula Ciudadanía,Femenino,35,NA,secundaria
Puntos Vive Digital,secundaria,General,CENTRO CULUTRAL LUCY TEJADA,Cédula Ciudadanía,Femenino,27,NA,secundaria
Puntos Vive Digital,tecnologico,General,CENTRO CULUTRAL LUCY TEJADA,Cédula Ciudadanía,Masculino,38,NA,tecnologico
Puntos Vive Digital,Tecnico,General,CENTRO CULUTRAL LUCY TEJADA,Cédula Ciudadanía,Masculino,59,NA,Tecnico
Puntos Vive Digital,Secundaria,General,El remanso,Tarjeta de Identidad,Masculino,13,mestizo,Secundaria
Puntos Vive Digital,Secundaria,General,CENTRO CULUTRAL LUCY TEJADA,Tarjeta de Identidad,Masculino,17,NA,Secundaria
Puntos Vive Digital,Primaria,General,El remanso,Tarjeta de Identidad,Masculino,12,Afrocolombiano,Primaria
Puntos Vive Digital,primaria,General,El remanso,Tarjeta de Identidad,Femenino,8,mestizo,primaria
Puntos Vive Digital,primaria,General,El remanso,Tarjeta de Identidad,Femenino,10,Afrocolombiano,primaria
Puntos Vive Digital,Primaria,General,El remanso,Tarjeta de Identidad,Masculino,14,mestizo,Primaria
Puntos Vive Digital,Secundaria,General,El remanso,Cédula Ciudadanía,Masculino,22,Afrocolombiano,Secundaria
Puntos Vive Digital,Secundaria,General,El remanso,Cédula Ciudadanía,Masculino,20,mestizo,Secundaria
Puntos Vive Digital,Secundaria,General,El remanso,Cédula Ciudadanía,Masculino,19,mestizo,Secundaria
Puntos Vive Digital,Secundaria,General,Centro de Desarrollo Vecinal Villa Consota,Tarjeta de Identidad,Masculino,16,NA,Secundaria
Puntos Vive Digital,Primaria,General,Centro de Desarrollo Vecinal Villa Consota,Registro Civil,Masculino,7,mestizo,Primaria
Puntos Vive Digital,Primaria,General,Centro de Desarrollo Vecinal Villa Consota,Tarjeta de Identidad,Masculino,9,mestizo,Primaria
Puntos Vive Digital,Primaria,General,Centro de Desarrollo Vecinal Villa Consota,Tarjeta de Identidad,Masculino,11,mestizo,Primaria
Puntos Vive Digital,secundaria,General,CENTRO CULUTRAL LUCY TEJADA,Cédula Ciudadanía,Femenino,52,NA,secundaria
Puntos Vive Digital,secundaria,General,CENTRO CULUTRAL LUCY TEJADA,Cédula Ciudadanía,Femenino,73,NA,secundaria
Puntos Vive Digital,Secundaria,General,Centro de Desarrollo Vecinal Villa Consota,Tarjeta de Identidad,Masculino,13,mestizo,Secundaria
Puntos Vive Digital,Primaria,General,Centro de Desarrollo Vecinal Villa Consota,Registro Civil,Masculino,5,mestizo,Primaria
Puntos Vive Digital,Secundaria,General,El remanso,Tarjeta de Identidad,Masculino,11,mestizo,Secundaria
Puntos Vive Digital,secundaria,General,El remanso,Tarjeta de Identidad,Femenino,13,mestizo,secundaria
Puntos Vive Digital,Secundaria,General,El remanso,Tarjeta de Identidad,Masculino,12,mestizo,Secundaria
Puntos Vive Digital,Tecnico,General,CENTRO CULUTRAL LUCY TEJADA,Cédula Ciudadanía,Masculino,36,NA,Tecnico
Puntos Vive Digital,universitario,General,CENTRO CULUTRAL LUCY TEJADA,Cédula Ciudadanía,Femenino,31,mestizo,universitario
Puntos Vive Digital,universitario,General,CENTRO CULUTRAL LUCY TEJADA,Cédula Ciudadanía,Masculino,48,NA,universitario
Puntos Vive Digital,Secundaria,General,CENTRO CULUTRAL LUCY TEJADA,Cédula Ciudadanía,Masculino,63,NA,Secundaria
Puntos Vive Digital,primaria,General,CENTRO CULUTRAL LUCY TEJADA,Cédula Ciudadanía,Femenino,80,NA,primaria
Puntos Vive Digital,Secundaria,General,CENTRO CULUTRAL LUCY TEJADA,Cédula Ciudadanía,Masculino,42,NA,Secundaria
Puntos Vive Digital,Tecnico,General,Centro Administrativo La Bella,Cédula Ciudadanía,Masculino,19,NA,Tecnico
Puntos Vive Digital,Tecnico,General,CENTRO CULUTRAL LUCY TEJADA,Tarjeta de Identidad,Masculino,17,NA,Tecnico
Puntos Vive Digital,Secundaria,General,Centro de Desarrollo Vecinal Villa Consota,Tarjeta de Identidad,Masculino,13,mestizo,Secundaria
Puntos Vive Digital,Secundaria,General,SAN FERNANDO CUBA,Tarjeta de Identidad,Masculino,16,NA,Secundaria
Puntos Vive Digital,secundaria,General,SAN FERNANDO CUBA,Cédula Ciudadanía,Femenino,18,NA,secundaria
Puntos Vive Digital,secundaria,General,SAN FERNANDO CUBA,Tarjeta de Identidad,Femenino,17,NA,secundaria
Puntos Vive Digital,Secundaria,General,SAN FERNANDO CUBA,Tarjeta de Identidad,Masculino,15,NA,Secundaria
Puntos Vive Digital,Secundaria,General,Centro de Desarrollo Vecinal Villa Consota,Tarjeta de Identidad,Masculino,17,Afrocolombiano,Secundaria
Puntos Vive Digital,Secundaria,General,Centro de Desarrollo Vecinal Villa Consota,Tarjeta de Identidad,Masculino,14,Afrocolombiano,Secundaria
Puntos Vive Digital,Tecnico,General,CENTRO CULUTRAL LUCY TEJADA,Cédula Ciudadanía,Masculino,59,NA,Tecnico
Puntos Vive Digital,Secundaria,General,CENTRO CULUTRAL LUCY TEJADA,Cédula Ciudadanía,Masculino,63,NA,Secundaria
Puntos Vive Digital,secundaria,General,SAN FERNANDO CUBA,Tarjeta de Identidad,Femenino,16,NA,secundaria
Puntos Vive Digital,Secundaria,General,SAN FERNANDO CUBA,Cédula Ciudadanía,Masculino,19,NA,Secundaria
Puntos Vive Digital,secundaria,General,SAN FERNANDO CUBA,Tarjeta de Identidad,Femenino,17,NA,secundaria
Puntos Vive Digital,Secundaria,General,SAN FERNANDO CUBA,Tarjeta de Identidad,Masculino,17,NA,Secundaria
Puntos Vive Digital,secundaria,General,SAN FERNANDO CUBA,Tarjeta de Identidad,Femenino,17,NA,secundaria
Puntos Vive Digital,secundaria,General,CENTRO CULUTRAL LUCY TEJADA,Cédula Ciudadanía,Femenino,18,NA,secundaria
Puntos Vive Digital,Secundaria,General,SAN FERNANDO CUBA,Cédula Ciudadanía,Masculino,18,NA,Secundaria
Puntos Vive Digital,secundaria,General,CENTRO CULUTRAL LUCY TEJADA,Tarjeta de Identidad,Femenino,17,NA,secundaria
Puntos Vive Digital,secundaria,General,CENTRO CULUTRAL LUCY TEJADA,Tarjeta de Identidad,Femenino,17,NA,secundaria
Puntos Vive Digital,tecnico,General,CENTRO CULUTRAL LUCY TEJADA,Tarjeta de Identidad,Femenino,17,NA,tecnico
Puntos Vive Digital,Tecnico,General,CENTRO CULUTRAL LUCY TEJADA,Tarjeta de Identidad,Masculino,16,mestizo,Tecnico
Puntos Vive Digital,secundaria,General,CENTRO CULUTRAL LUCY TEJADA,Cédula Ciudadanía,Femenino,18,NA,secundaria
Puntos Vive Digital,Secundaria,General,CENTRO CULUTRAL LUCY TEJADA,Cédula Ciudadanía,Masculino,43,NA,Secundaria
Puntos Vive Digital,Tecnico,General,Centro Administrativo La Bella,Cédula Ciudadanía,Masculino,33,NA,Tecnico
Puntos Vive Digital,Secundaria,General,El remanso,Tarjeta de Identidad,Masculino,13,NA,Secundaria
Puntos Vive Digital,Primaria,General,El remanso,Tarjeta de Identidad,Masculino,12,mestizo,Primaria
Puntos Vive Digital,primaria,General,Centro Administrativo La Bella,Tarjeta de Identidad,Femenino,12,NA,primaria
Puntos Vive Digital,Primaria,General,El remanso,Tarjeta de Identidad,Masculino,11,mestizo,Primaria
Puntos Vive Digital,Secundaria,General,El remanso,Tarjeta de Identidad,Masculino,14,mestizo,Secundaria
Puntos Vive Digital,secundaria,General,CENTRO CULUTRAL LUCY TEJADA,Cédula Ciudadanía,Femenino,24,NA,secundaria
Puntos Vive Digital,Primaria,General,Centro de Desarrollo Vecinal Villa Consota,Tarjeta de Identidad,Masculino,9,Afrocolombiano,Primaria
Puntos Vive Digital,Secundaria,General,Centro de Desarrollo Vecinal Villa Consota,Tarjeta de Identidad,Masculino,14,Afrocolombiano,Secundaria
Puntos Vive Digital,Primaria,General,El remanso,Tarjeta de Identidad,Masculino,8,Afrocolombiano,Primaria
Puntos Vive Digital,Secundaria,General,Centro de Desarrollo Vecinal Villa Consota,Tarjeta de Identidad,Masculino,13,mestizo,Secundaria
Puntos Vive Digital,Secundaria,General,Centro de Desarrollo Vecinal Villa Consota,Tarjeta de Identidad,Masculino,12,Afrocolombiano,Secundaria
Puntos Vive Digital,tecnologico,General,CENTRO CULUTRAL LUCY TEJADA,Cédula Ciudadanía,Femenino,55,mestizo,tecnologico
Puntos Vive Digital,Secundaria,General,El remanso,Cédula Ciudadanía,Masculino,22,Afrocolombiano,Secundaria
Puntos Vive Digital,Secundaria,General,Centro de Desarrollo Vecinal Villa Consota,Tarjeta de Identidad,Masculino,11,Afrocolombiano,Secundaria
Puntos Vive Digital,Secundaria,General,El remanso,Tarjeta de Identidad,Masculino,11,mestizo,Secundaria
Puntos Vive Digital,secundaria,General,CENTRO CULUTRAL LUCY TEJADA,Cédula Ciudadanía,Femenino,62,NA,secundaria
Puntos Vive Digital,Secundaria,General,Centro Administrativo La Bella,Cédula Ciudadanía,Masculino,23,NA,Secundaria
Puntos Vive Digital,Primaria,General,Centro Administrativo La Bella,Tarjeta de Identidad,Masculino,11,NA,Primaria
Puntos Vive Digital,Secundaria,General,Centro Administrativo La Bella,Tarjeta de Identidad,Masculino,17,NA,Secundaria
Puntos Vive Digital,Tecnico,General,CENTRO CULUTRAL LUCY TEJADA,Cédula Ciudadanía,Masculino,59,NA,Tecnico
Puntos Vive Digital,primaria,General,Centro Administrativo La Bella,Tarjeta de Identidad,Femenino,9,NA,primaria
Puntos Vive Digital,Secundaria,General,CENTRO CULUTRAL LUCY TEJADA,Cédula Ciudadanía,Masculino,48,NA,Secundaria
Puntos Vive Digital,tecnico,General,CENTRO CULUTRAL LUCY TEJADA,Cédula Ciudadanía,Femenino,54,NA,tecnico
Puntos Vive Digital,postgrado,General,CENTRO CULUTRAL LUCY TEJADA,Cédula Ciudadanía,Femenino,-60,NA,postgrado
Puntos Vive Digital,postgrado,General,CENTRO CULUTRAL LUCY TEJADA,Cédula Ciudadanía,Femenino,-60,NA,postgrado
Puntos Vive Digital,Secundaria,General,Centro de Desarrollo Vecinal Villa Consota,Tarjeta de Identidad,Masculino,13,Afrocolombiano,Secundaria
Puntos Vive Digital,Primaria,General,Centro de Desarrollo Vecinal Villa Consota,Registro Civil,Masculino,7,mestizo,Primaria
Puntos Vive Digital,Primaria,General,Centro de Desarrollo Vecinal Villa Consota,Tarjeta de Identidad,Masculino,9,mestizo,Primaria
Puntos Vive Digital,postgrado,General,CENTRO CULUTRAL LUCY TEJADA,Cédula Ciudadanía,Femenino,-60,NA,postgrado
Puntos Vive Digital,tecnico,General,CENTRO CULUTRAL LUCY TEJADA,Cédula Ciudadanía,Femenino,32,NA,tecnico
Puntos Vive Digital,primaria,General,CENTRO CULUTRAL LUCY TEJADA,Cédula Ciudadanía,Femenino,53,NA,primaria
Puntos Vive Digital,Primaria,General,El remanso,Tarjeta de Identidad,Masculino,9,Afrocolombiano,Primaria
Puntos Vive Digital,Secundaria,General,El remanso,Tarjeta de Identidad,Masculino,12,mestizo,Secundaria
Puntos Vive Digital,Secundaria,General,El remanso,Tarjeta de Identidad,Masculino,15,mestizo,Secundaria
Puntos Vive Digital,secundaria,General,El remanso,Tarjeta de Identidad,Femenino,16,mestizo,secundaria
Puntos Vive Digital,primaria,General,El remanso,Tarjeta de Identidad,Femenino,11,mestizo,primaria
Puntos Vive Digital,primaria,General,El remanso,Tarjeta de Identidad,Femenino,8,mestizo,primaria
Puntos Vive Digital,tecnico,General,CENTRO CULUTRAL LUCY TEJADA,Cédula Ciudadanía,Femenino,61,NA,tecnico
Puntos Vive Digital,primaria,General,El remanso,Tarjeta de Identidad,Femenino,10,Afrocolombiano,primaria
Puntos Vive Digital,secundaria,General,CENTRO CULUTRAL LUCY TEJADA,Cédula Ciudadanía,Femenino,74,NA,secundaria
Puntos Vive Digital,tecnico,General,CENTRO CULUTRAL LUCY TEJADA,Cédula Ciudadanía,Femenino,61,NA,tecnico
Puntos Vive Digital,secundaria,General,CENTRO CULUTRAL LUCY TEJADA,Cédula Ciudadanía,Femenino,75,NA,secundaria
Puntos Vive Digital,tecnico,General,CENTRO CULUTRAL LUCY TEJADA,Cédula Ciudadanía,Femenino,61,NA,tecnico
Puntos Vive Digital,primaria,General,CENTRO CULUTRAL LUCY TEJADA,Cédula Ciudadanía,Femenino,1,NA,primaria
Puntos Vive Digital,universitario,General,CENTRO CULUTRAL LUCY TEJADA,Cédula Ciudadanía,Femenino,53,NA,universitario
Puntos Vive Digital,secundaria,General,CENTRO CULUTRAL LUCY TEJADA,Cédula Ciudadanía,Femenino,61,NA,secundaria
Puntos Vive Digital,secundaria,General,CENTRO CULUTRAL LUCY TEJADA,Cédula Ciudadanía,Femenino,73,NA,secundaria
Puntos Vive Digital,primaria,General,CENTRO CULUTRAL LUCY TEJADA,Cédula Ciudadanía,Femenino,80,NA,primaria
Puntos Vive Digital,secundaria,General,CENTRO CULUTRAL LUCY TEJADA,Cédula Ciudadanía,Femenino,75,NA,secundaria
Puntos Vive Digital,postgrado,General,CENTRO CULUTRAL LUCY TEJADA,Cédula Ciudadanía,Femenino,-60,NA,postgrado
Puntos Vive Digital,universitario,General,CENTRO CULUTRAL LUCY TEJADA,Cédula Ciudadanía,Masculino,76,NA,universitario
Puntos Vive Digital,postgrado,General,CENTRO CULUTRAL LUCY TEJADA,Cédula Ciudadanía,Femenino,-60,NA,postgrado
Puntos Vive Digital,primaria,General,CENTRO CULUTRAL LUCY TEJADA,Cédula Ciudadanía,Femenino,62,NA,primaria
Puntos Vive Digital,tecnico,General,CENTRO CULUTRAL LUCY TEJADA,Cédula Ciudadanía,Femenino,63,NA,tecnico
Puntos Vive Digital,secundaria,General,CENTRO CULUTRAL LUCY TEJADA,Cédula Ciudadanía,Femenino,76,NA,secundaria
Puntos Vive Digital,Secundaria,General,CENTRO CULUTRAL LUCY TEJADA,Cédula Ciudadanía,Masculino,63,NA,Secundaria
Puntos Vive Digital,tecnologico,General,CENTRO CULUTRAL LUCY TEJADA,Cédula Ciudadanía,Masculino,58,NA,tecnologico
Puntos Vive Digital,postgrado,General,CENTRO CULUTRAL LUCY TEJADA,Cédula Ciudadanía,Femenino,-60,NA,postgrado
Puntos Vive Digital,secundaria,General,CENTRO CULUTRAL LUCY TEJADA,Cédula Ciudadanía,Femenino,69,NA,secundaria
Puntos Vive Digital,secundaria,General,CENTRO CULUTRAL LUCY TEJADA,Cédula Ciudadanía,Femenino,31,NA,secundaria
Puntos Vive Digital,Secundaria,General,CENTRO CULUTRAL LUCY TEJADA,Cédula Ciudadanía,Masculino,43,NA,Secundaria
Puntos Vive Digital,Tecnico,General,SAN FERNANDO CUBA,Cédula Ciudadanía,Masculino,24,NA,Tecnico
Puntos Vive Digital,Secundaria,General,Centro de Desarrollo Vecinal Villa Consota,Tarjeta de Identidad,Masculino,14,Afrocolombiano,Secundaria
Puntos Vive Digital,secundaria,General,CENTRO CULUTRAL LUCY TEJADA,Cédula Ciudadanía,Femenino,27,NA,secundaria
Puntos Vive Digital,Secundaria,General,CENTRO CULUTRAL LUCY TEJADA,Cédula Ciudadanía,Masculino,72,NA,Secundaria
Puntos Vive Digital,secundaria,General,CENTRO CULUTRAL LUCY TEJADA,Cédula Ciudadanía,Femenino,62,mestizo,secundaria
Puntos Vive Digital,secundaria,General,CENTRO CULUTRAL LUCY TEJADA,Cédula Ciudadanía,Femenino,73,NA,secundaria
Puntos Vive Digital,secundaria,General,CENTRO CULUTRAL LUCY TEJADA,Cédula Ciudadanía,Femenino,53,NA,secundaria
Puntos Vive Digital,secundaria,General,CENTRO CULUTRAL LUCY TEJADA,Cédula Ciudadanía,Femenino,53,NA,secundaria
Puntos Vive Digital,Tecnico,General,CENTRO CULUTRAL LUCY TEJADA,Cédula Ciudadanía,Masculino,19,NA,Tecnico
Puntos Vive Digital,secundaria,General,CENTRO CULUTRAL LUCY TEJADA,Tarjeta de Identidad,Femenino,17,NA,secundaria
Puntos Vive Digital,secundaria,General,CENTRO CULUTRAL LUCY TEJADA,Tarjeta de Identidad,Femenino,17,NA,secundaria
Puntos Vive Digital,secundaria,General,CENTRO CULUTRAL LUCY TEJADA,Tarjeta de Identidad,Femenino,17,NA,secundaria
Puntos Vive Digital,Secundaria,General,CENTRO CULUTRAL LUCY TEJADA,Cédula Ciudadanía,Masculino,33,NA,Secundaria
Puntos Vive Digital,primaria,General,CENTRO CULUTRAL LUCY TEJADA,Cédula Ciudadanía,Femenino,1,NA,primaria
Puntos Vive Digital,primaria,General,CENTRO CULUTRAL LUCY TEJADA,Cédula Ciudadanía,Femenino,1,NA,primaria
Puntos Vive Digital,Primaria,General,El remanso,Tarjeta de Identidad,Masculino,9,Afrocolombiano,Primaria
Puntos Vive Digital,Secundaria,General,Centro Administrativo La Bella,Tarjeta de Identidad,Masculino,17,NA,Secundaria
Puntos Vive Digital,Primaria,General,El remanso,Tarjeta de Identidad,Masculino,12,mestizo,Primaria
Puntos Vive Digital,Secundaria,General,Centro de Desarrollo Vecinal Villa Consota,Tarjeta de Identidad,Masculino,14,mestizo,Secundaria
Puntos Vive Digital,primaria,General,Centro de Desarrollo Vecinal Villa Consota,Tarjeta de Identidad,Femenino,10,Afrocolombiano,primaria
Puntos Vive Digital,Primaria,General,Centro Administrativo La Bella,Tarjeta de Identidad,Masculino,11,NA,Primaria
Puntos Vive Digital,secundaria,General,Centro Administrativo La Bella,Tarjeta de Identidad,Femenino,13,NA,secundaria
Puntos Vive Digital,Primaria,General,Centro Administrativo La Bella,Tarjeta de Identidad,Masculino,11,NA,Primaria
Puntos Vive Digital,primaria,General,Centro Administrativo La Bella,Tarjeta de Identidad,Femenino,9,NA,primaria
Puntos Vive Digital,universitario,General,CENTRO CULUTRAL LUCY TEJADA,Cédula Ciudadanía,Femenino,39,NA,universitario
Puntos Vive Digital,secundaria,General,El remanso,Tarjeta de Identidad,Femenino,13,mestizo,secundaria
Puntos Vive Digital,Tecnico,General,CENTRO CULUTRAL LUCY TEJADA,Cédula Ciudadanía,Masculino,18,NA,Tecnico
Puntos Vive Digital,Secundaria,General,El remanso,Tarjeta de Identidad,Masculino,11,mestizo,Secundaria
Puntos Vive Digital,Primaria,General,El remanso,Tarjeta de Identidad,Masculino,8,Afrocolombiano,Primaria
Puntos Vive Digital,Secundaria,General,CENTRO CULUTRAL LUCY TEJADA,Cédula Ciudadanía,Masculino,20,NA,Secundaria
Puntos Vive Digital,Primaria,General,El remanso,Tarjeta de Identidad,Masculino,11,mestizo,Primaria
Puntos Vive Digital,Secundaria,General,El remanso,Tarjeta de Identidad,Masculino,14,mestizo,Secundaria
Puntos Vive Digital,Primaria,General,El remanso,Tarjeta de Identidad,Masculino,14,mestizo,Primaria
Puntos Vive Digital,primaria,General,El remanso,Tarjeta de Identidad,Femenino,8,mestizo,primaria
Puntos Vive Digital,primaria,General,El remanso,Tarjeta de Identidad,Femenino,8,Afrocolombiano,primaria
Puntos Vive Digital,secundaria,General,CENTRO CULUTRAL LUCY TEJADA,Cédula Ciudadanía,Femenino,73,NA,secundaria
Puntos Vive Digital,Secundaria,General,SAN FERNANDO CUBA,Tarjeta de Identidad,Masculino,13,NA,Secundaria
Puntos Vive Digital,Secundaria,General,SAN FERNANDO CUBA,Tarjeta de Identidad,Masculino,14,NA,Secundaria
Puntos Vive Digital,secundaria,General,CENTRO CULUTRAL LUCY TEJADA,Cédula Ciudadanía,Femenino,68,NA,secundaria
Puntos Vive Digital,postgrado,General,CENTRO CULUTRAL LUCY TEJADA,Cédula Ciudadanía,Femenino,-60,NA,postgrado
Puntos Vive Digital,secundaria,General,CENTRO CULUTRAL LUCY TEJADA,Cédula Ciudadanía,Femenino,53,NA,secundaria
Puntos Vive Digital,Secundaria,General,CENTRO CULUTRAL LUCY TEJADA,Cédula Ciudadanía,Masculino,43,NA,Secundaria
Puntos Vive Digital,secundaria,General,CENTRO CULUTRAL LUCY TEJADA,Cédula Ciudadanía,Femenino,31,NA,secundaria
Puntos Vive Digital,secundaria,General,CENTRO CULUTRAL LUCY TEJADA,Cédula Ciudadanía,Femenino,27,NA,secundaria
Puntos Vive Digital,tecnologico,General,CENTRO CULUTRAL LUCY TEJADA,Cédula Ciudadanía,Masculino,71,NA,tecnologico
Puntos Vive Digital,Secundaria,General,Centro de Desarrollo Vecinal Villa Consota,Tarjeta de Identidad,Masculino,14,Afrocolombiano,Secundaria
Puntos Vive Digital,Primaria,General,Centro de Desarrollo Vecinal Villa Consota,Tarjeta de Identidad,Masculino,9,mestizo,Primaria
Puntos Vive Digital,Primaria,General,Centro de Desarrollo Vecinal Villa Consota,Registro Civil,Masculino,7,mestizo,Primaria
Puntos Vive Digital,Secundaria,General,Centro de Desarrollo Vecinal Villa Consota,Tarjeta de Identidad,Masculino,17,Afrocolombiano,Secundaria
Puntos Vive Digital,Secundaria,General,Centro Administrativo La Bella,Cédula Ciudadanía,Masculino,23,NA,Secundaria
Puntos Vive Digital,secundaria,General,SAN FERNANDO CUBA,Cédula Ciudadanía,Femenino,18,NA,secundaria
Puntos Vive Digital,secundaria,General,SAN FERNANDO CUBA,Tarjeta de Identidad,Femenino,17,NA,secundaria
Puntos Vive Digital,Secundaria,General,SAN FERNANDO CUBA,Tarjeta de Identidad,Masculino,17,NA,Secundaria
Puntos Vive Digital,Secundaria,General,SAN FERNANDO CUBA,Cédula Ciudadanía,Masculino,19,NA,Secundaria
Puntos Vive Digital,Secundaria,General,SAN FERNANDO CUBA,Cédula Ciudadanía,Masculino,18,NA,Secundaria
Puntos Vive Digital,Secundaria,General,SAN FERNANDO CUBA,Tarjeta de Identidad,Masculino,17,NA,Secundaria
Puntos Vive Digital,secundaria,General,SAN FERNANDO CUBA,Tarjeta de Identidad,Femenino,16,NA,secundaria
Puntos Vive Digital,universitario,General,SAN FERNANDO CUBA,Cédula Ciudadanía,Masculino,39,NA,universitario
Puntos Vive Digital,secundaria,General,SAN FERNANDO CUBA,Tarjeta de Identidad,Femenino,15,NA,secundaria
Puntos Vive Digital,Secundaria,General,SAN FERNANDO CUBA,Tarjeta de Identidad,Masculino,17,NA,Secundaria
Puntos Vive Digital,Secundaria,General,SAN FERNANDO CUBA,Permiso por Protección Temporal,Masculino,18,NA,Secundaria
Puntos Vive Digital,secundaria,General,SAN FERNANDO CUBA,Tarjeta de Identidad,Femenino,17,NA,secundaria
Puntos Vive Digital,Secundaria,General,CENTRO CULUTRAL LUCY TEJADA,Cédula Ciudadanía,Masculino,72,NA,Secundaria
Puntos Vive Digital,tecnico,General,CENTRO CULUTRAL LUCY TEJADA,Cédula Ciudadanía,Femenino,31,NA,tecnico
Puntos Vive Digital,tecnico,General,CENTRO CULUTRAL LUCY TEJADA,Cédula Ciudadanía,Femenino,71,NA,tecnico
Puntos Vive Digital,Primaria,General,El remanso,Tarjeta de Identidad,Masculino,10,mestizo,Primaria
Puntos Vive Digital,universitario,General,CENTRO CULUTRAL LUCY TEJADA,Cédula Ciudadanía,Femenino,63,NA,universitario
Puntos Vive Digital,secundaria,General,CENTRO CULUTRAL LUCY TEJADA,Cédula Ciudadanía,Femenino,62,mestizo,secundaria
Puntos Vive Digital,Primaria,General,El remanso,Tarjeta de Identidad,Masculino,14,Afrocolombiano,Primaria
Puntos Vive Digital,Secundaria,General,CENTRO CULUTRAL LUCY TEJADA,Cédula Ciudadanía,Masculino,33,NA,Secundaria
Puntos Vive Digital,secundaria,General,CENTRO CULUTRAL LUCY TEJADA,Cédula Ciudadanía,Femenino,53,NA,secundaria
Puntos Vive Digital,primaria,General,Centro Administrativo La Bella,Tarjeta de Identidad,Femenino,9,NA,primaria
Puntos Vive Digital,tecnologico,General,Centro Administrativo La Bella,Cédula Ciudadanía,Femenino,42,NA,tecnologico
Puntos Vive Digital,universitario,General,CENTRO CULUTRAL LUCY TEJADA,Cédula Ciudadanía,Masculino,68,NA,universitario
Puntos Vive Digital,primaria,General,CENTRO CULUTRAL LUCY TEJADA,Registro Civil,Femenino,-16,NA,primaria
Puntos Vive Digital,secundaria,General,CENTRO CULUTRAL LUCY TEJADA,Cédula Ciudadanía,Femenino,36,NA,secundaria
Puntos Vive Digital,primaria,General,Centro Administrativo La Bella,Tarjeta de Identidad,Femenino,10,NA,primaria
Puntos Vive Digital,secundaria,General,CENTRO CULUTRAL LUCY TEJADA,Cédula Ciudadanía,Femenino,27,NA,secundaria
Puntos Vive Digital,secundaria,General,CENTRO CULUTRAL LUCY TEJADA,Cédula Extranjería,Femenino,24,NA,secundaria
Puntos Vive Digital,Primaria,General,El remanso,Tarjeta de Identidad,Masculino,10,mestizo,Primaria
Puntos Vive Digital,tecnico,General,CENTRO CULUTRAL LUCY TEJADA,Cédula Ciudadanía,Femenino,19,NA,tecnico
Puntos Vive Digital,secundaria,General,El remanso,Cédula Ciudadanía,Femenino,34,mestizo,secundaria
Puntos Vive Digital,Secundaria,General,Centro Administrativo La Bella,Tarjeta de Identidad,Masculino,12,NA,Secundaria
Puntos Vive Digital,Secundaria,General,SAN FERNANDO CUBA,Tarjeta de Identidad,Masculino,14,NA,Secundaria
Puntos Vive Digital,secundaria,General,Centro Administrativo La Bella,Tarjeta de Identidad,Femenino,15,NA,secundaria
Puntos Vive Digital,secundaria,General,Centro Administrativo La Bella,Tarjeta de Identidad,Femenino,17,NA,secundaria
Puntos Vive Digital,Secundaria,General,El remanso,Tarjeta de Identidad,Masculino,11,mestizo,Secundaria
Puntos Vive Digital,Primaria,General,El remanso,Tarjeta de Identidad,Masculino,12,mestizo,Primaria
Puntos Vive Digital,secundaria,General,El remanso,Tarjeta de Identidad,Femenino,13,mestizo,secundaria
Puntos Vive Digital,secundaria,General,El remanso,Tarjeta de Identidad,Femenino,13,mestizo,secundaria
Puntos Vive Digital,secundaria,General,CENTRO CULUTRAL LUCY TEJADA,Cédula Ciudadanía,Femenino,62,NA,secundaria
Puntos Vive Digital,universitario,General,CENTRO CULUTRAL LUCY TEJADA,Cédula Ciudadanía,Femenino,53,NA,universitario
Puntos Vive Digital,secundaria,General,CENTRO CULUTRAL LUCY TEJADA,Cédula Ciudadanía,Femenino,75,NA,secundaria
Puntos Vive Digital,Secundaria,General,Centro de Desarrollo Vecinal Villa Consota,Tarjeta de Identidad,Masculino,12,Afrocolombiano,Secundaria
Puntos Vive Digital,primaria,General,El remanso,Tarjeta de Identidad,Femenino,15,mestizo,primaria
Puntos Vive Digital,secundaria,General,Centro Administrativo La Bella,Tarjeta de Identidad,Femenino,13,NA,secundaria
Puntos Vive Digital,Secundaria,General,Centro de Desarrollo Vecinal Villa Consota,Tarjeta de Identidad,Masculino,13,Afrocolombiano,Secundaria
Puntos Vive Digital,secundaria,General,CENTRO CULUTRAL LUCY TEJADA,Cédula Ciudadanía,Femenino,61,NA,secundaria
Puntos Vive Digital,primaria,General,CENTRO CULUTRAL LUCY TEJADA,Cédula Ciudadanía,Femenino,80,NA,primaria
Puntos Vive Digital,universitario,General,CENTRO CULUTRAL LUCY TEJADA,Cédula Ciudadanía,Masculino,76,NA,universitario
Puntos Vive Digital,tecnico,General,CENTRO CULUTRAL LUCY TEJADA,Cédula Ciudadanía,Femenino,63,NA,tecnico
Puntos Vive Digital,secundaria,General,CENTRO CULUTRAL LUCY TEJADA,Cédula Ciudadanía,Femenino,74,NA,secundaria
Puntos Vive Digital,tecnico,General,CENTRO CULUTRAL LUCY TEJADA,Cédula Ciudadanía,Femenino,57,NA,tecnico
Puntos Vive Digital,primaria,General,CENTRO CULUTRAL LUCY TEJADA,Cédula Ciudadanía,Femenino,60,NA,primaria
Puntos Vive Digital,Secundaria,General,El remanso,Tarjeta de Identidad,Masculino,14,mestizo,Secundaria
Puntos Vive Digital,tecnico,General,CENTRO CULUTRAL LUCY TEJADA,Cédula Ciudadanía,Femenino,62,NA,tecnico
Puntos Vive Digital,Secundaria,General,CENTRO CULUTRAL LUCY TEJADA,Cédula Ciudadanía,Masculino,63,NA,Secundaria
Puntos Vive Digital,primaria,General,CENTRO CULUTRAL LUCY TEJADA,Cédula Ciudadanía,Femenino,53,NA,primaria
Puntos Vive Digital,Primaria,General,El remanso,Tarjeta de Identidad,Masculino,14,mestizo,Primaria
Puntos Vive Digital,Secundaria,General,El remanso,Cédula Ciudadanía,Masculino,22,Afrocolombiano,Secundaria
Puntos Vive Digital,Primaria,General,El remanso,Tarjeta de Identidad,Masculino,9,Afrocolombiano,Primaria
Puntos Vive Digital,secundaria,General,CENTRO CULUTRAL LUCY TEJADA,Cédula Ciudadanía,Femenino,62,NA,secundaria
Puntos Vive Digital,Primaria,General,El remanso,Tarjeta de Identidad,Masculino,12,NA,Primaria
Puntos Vive Digital,Primaria,General,El remanso,Tarjeta de Identidad,Masculino,12,Afrocolombiano,Primaria
Puntos Vive Digital,primaria,General,El remanso,Tarjeta de Identidad,Femenino,8,Afrocolombiano,primaria
Puntos Vive Digital,Secundaria,General,SAN FERNANDO CUBA,Tarjeta de Identidad,Masculino,12,Afrocolombiano,Secundaria
Puntos Vive Digital,primaria,General,Centro Administrativo La Bella,Tarjeta de Identidad,Femenino,15,NA,primaria
Puntos Vive Digital,secundaria,General,Centro Administrativo La Bella,Cédula Ciudadanía,Femenino,24,NA,secundaria
Puntos Vive Digital,Secundaria,General,El remanso,Cédula Ciudadanía,Masculino,40,mestizo,Secundaria
Puntos Vive Digital,secundaria,General,SAN FERNANDO CUBA,Cédula Ciudadanía,Femenino,55,NA,secundaria
Puntos Vive Digital,Secundaria,General,Centro Administrativo La Bella,Cédula Ciudadanía,Masculino,23,NA,Secundaria
Puntos Vive Digital,secundaria,General,SAN FERNANDO CUBA,Cédula Ciudadanía,Femenino,47,NA,secundaria
Puntos Vive Digital,Primaria,General,Centro de Desarrollo Vecinal Villa Consota,Registro Civil,Masculino,7,mestizo,Primaria
Puntos Vive Digital,Secundaria,General,Centro de Desarrollo Vecinal Villa Consota,Tarjeta de Identidad,Masculino,17,Afrocolombiano,Secundaria
Puntos Vive Digital,Secundaria,General,Centro de Desarrollo Vecinal Villa Consota,Tarjeta de Identidad,Masculino,14,Afrocolombiano,Secundaria
Puntos Vive Digital,Secundaria,General,SAN FERNANDO CUBA,Cédula Extranjería,Masculino,35,NA,Secundaria
Puntos Vive Digital,secundaria,General,SAN FERNANDO CUBA,Cédula Ciudadanía,Femenino,68,mestizo,secundaria
Puntos Vive Digital,Tecnico,General,CENTRO CULUTRAL LUCY TEJADA,Cédula Ciudadanía,Masculino,61,NA,Tecnico
Puntos Vive Digital,Secundaria,General,SAN FERNANDO CUBA,Cédula Ciudadanía,Masculino,62,NA,Secundaria
Puntos Vive Digital,tecnico,General,SAN FERNANDO CUBA,Cédula Ciudadanía,Femenino,60,NA,tecnico
Puntos Vive Digital,secundaria,General,SAN FERNANDO CUBA,Cédula Ciudadanía,Femenino,43,NA,secundaria
Puntos Vive Digital,tecnico,General,SAN FERNANDO CUBA,Cédula Ciudadanía,Femenino,48,NA,tecnico
Puntos Vive Digital,secundaria,General,SAN FERNANDO CUBA,Cédula Ciudadanía,Femenino,19,NA,secundaria
Puntos Vive Digital,tecnico,General,CENTRO CULUTRAL LUCY TEJADA,Cédula Ciudadanía,Femenino,48,NA,tecnico
Puntos Vive Digital,secundaria,General,CENTRO CULUTRAL LUCY TEJADA,Tarjeta de Identidad,Femenino,17,NA,secundaria
Puntos Vive Digital,secundaria,General,CENTRO CULUTRAL LUCY TEJADA,Tarjeta de Identidad,Femenino,17,NA,secundaria
Puntos Vive Digital,NA,General,CENTRO CULUTRAL LUCY TEJADA,Cédula Ciudadanía,Femenino,18,NA,NA
Puntos Vive Digital,Secundaria,General,Centro Administrativo La Bella,Tarjeta de Identidad,Masculino,14,NA,Secundaria
Puntos Vive Digital,Secundaria,General,Centro Administrativo La Bella,Tarjeta de Identidad,Masculino,12,NA,Secundaria
Puntos Vive Digital,Primaria,General,Centro Administrativo La Bella,Tarjeta de Identidad,Masculino,9,NA,Primaria
Puntos Vive Digital,Secundaria,General,Centro Administrativo La Bella,Tarjeta de Identidad,Masculino,13,NA,Secundaria
Puntos Vive Digital,Secundaria,General,Centro Administrativo La Bella,Tarjeta de Identidad,Masculino,13,NA,Secundaria
Puntos Vive Digital,Secundaria,General,El remanso,Tarjeta de Identidad,Masculino,14,mestizo,Secundaria
Puntos Vive Digital,Secundaria,General,El remanso,Tarjeta de Identidad,Masculino,13,NA,Secundaria
Puntos Vive Digital,secundaria,General,CENTRO CULUTRAL LUCY TEJADA,Cédula Ciudadanía,Femenino,60,NA,secundaria
Puntos Vive Digital,Tecnico,General,CENTRO CULUTRAL LUCY TEJADA,Cédula Ciudadanía,Masculino,52,NA,Tecnico
Puntos Vive Digital,Primaria,General,El remanso,Tarjeta de Identidad,Masculino,8,mestizo,Primaria
Puntos Vive Digital,Primaria,General,El remanso,Tarjeta de Identidad,Masculino,9,mestizo,Primaria
Puntos Vive Digital,Primaria,General,Centro Administrativo La Bella,Tarjeta de Identidad,Masculino,12,NA,Primaria
Puntos Vive Digital,Primaria,General,El remanso,Tarjeta de Identidad,Masculino,12,mestizo,Primaria
Puntos Vive Digital,primaria,General,Centro Administrativo La Bella,Tarjeta de Identidad,Femenino,10,NA,primaria
Puntos Vive Digital,Secundaria,General,CENTRO CULUTRAL LUCY TEJADA,Cédula Ciudadanía,Masculino,42,NA,Secundaria
Puntos Vive Digital,Tecnico,General,CENTRO CULUTRAL LUCY TEJADA,Cédula Ciudadanía,Masculino,18,NA,Tecnico
Puntos Vive Digital,secundaria,General,CENTRO CULUTRAL LUCY TEJADA,Cédula Ciudadanía,Femenino,40,NA,secundaria
Puntos Vive Digital,secundaria,General,CENTRO CULUTRAL LUCY TEJADA,Cédula Ciudadanía,Femenino,51,NA,secundaria
Puntos Vive Digital,secundaria,General,CENTRO CULUTRAL LUCY TEJADA,Cédula Ciudadanía,Femenino,39,NA,secundaria
Puntos Vive Digital,secundaria,General,CENTRO CULUTRAL LUCY TEJADA,Cédula Ciudadanía,Femenino,62,NA,secundaria
Puntos Vive Digital,Tecnico,General,CENTRO CULUTRAL LUCY TEJADA,Permiso por Protección Temporal,Masculino,33,NA,Tecnico
Puntos Vive Digital,secundaria,General,CENTRO CULUTRAL LUCY TEJADA,Cédula Ciudadanía,Femenino,32,NA,secundaria
Puntos Vive Digital,secundaria,General,El remanso,Tarjeta de Identidad,Femenino,13,mestizo,secundaria
Puntos Vive Digital,secundaria,General,CENTRO CULUTRAL LUCY TEJADA,Cédula Ciudadanía,Femenino,33,NA,secundaria
Puntos Vive Digital,secundaria,General,CENTRO CULUTRAL LUCY TEJADA,Cédula Ciudadanía,Femenino,24,NA,secundaria
Puntos Vive Digital,tecnico,General,CENTRO CULUTRAL LUCY TEJADA,Tarjeta de Identidad,Femenino,17,NA,tecnico
Puntos Vive Digital,tecnologico,General,CENTRO CULUTRAL LUCY TEJADA,Cédula Ciudadanía,Masculino,38,NA,tecnologico
Puntos Vive Digital,Secundaria,General,CENTRO CULUTRAL LUCY TEJADA,Tarjeta de Identidad,Masculino,17,NA,Secundaria
Puntos Vive Digital,universitario,General,CENTRO CULUTRAL LUCY TEJADA,Cédula Ciudadanía,Masculino,67,NA,universitario
Puntos Vive Digital,secundaria,General,CENTRO CULUTRAL LUCY TEJADA,Cédula Ciudadanía,Femenino,33,NA,secundaria
Puntos Vive Digital,secundaria,General,El remanso,Cédula Ciudadanía,Femenino,19,NA,secundaria
Puntos Vive Digital,universitario,General,CENTRO CULUTRAL LUCY TEJADA,Cédula Ciudadanía,Femenino,39,NA,universitario
Puntos Vive Digital,Secundaria,General,El remanso,Tarjeta de Identidad,Masculino,15,Afrocolombiano,Secundaria
Puntos Vive Digital,secundaria,General,CENTRO CULUTRAL LUCY TEJADA,Cédula Ciudadanía,Femenino,32,NA,secundaria
Puntos Vive Digital,Tecnico,General,CENTRO CULUTRAL LUCY TEJADA,Permiso por Protección Temporal,Masculino,33,NA,Tecnico
Puntos Vive Digital,Primaria,General,El remanso,Tarjeta de Identidad,Masculino,14,mestizo,Primaria
Puntos Vive Digital,universitario,General,CENTRO CULUTRAL LUCY TEJADA,Cédula Ciudadanía,Masculino,71,NA,universitario
Puntos Vive Digital,Secundaria,General,El remanso,Cédula Ciudadanía,Masculino,22,Afrocolombiano,Secundaria
Puntos Vive Digital,Tecnico,General,CENTRO CULUTRAL LUCY TEJADA,Permiso por Protección Temporal,Masculino,33,NA,Tecnico
Puntos Vive Digital,universitario,General,CENTRO CULUTRAL LUCY TEJADA,Cédula Ciudadanía,Masculino,54,NA,universitario
Puntos Vive Digital,secundaria,General,CENTRO CULUTRAL LUCY TEJADA,Cédula Ciudadanía,Femenino,-18,NA,secundaria
Puntos Vive Digital,primaria,General,El remanso,Tarjeta de Identidad,Femenino,9,Afrocolombiano,primaria
Puntos Vive Digital,secundaria,General,CENTRO CULUTRAL LUCY TEJADA,Cédula Ciudadanía,Femenino,34,NA,secundaria
Puntos Vive Digital,Secundaria,General,CENTRO CULUTRAL LUCY TEJADA,Cédula Ciudadanía,Masculino,20,NA,Secundaria
Puntos Vive Digital,primaria,General,Centro Administrativo La Bella,Tarjeta de Identidad,Femenino,8,NA,primaria
Puntos Vive Digital,primaria,General,El remanso,Tarjeta de Identidad,Femenino,15,mestizo,primaria
Puntos Vive Digital,primaria,General,Centro Administrativo La Bella,Tarjeta de Identidad,Femenino,9,NA,primaria
Puntos Vive Digital,Primaria,General,El remanso,Tarjeta de Identidad,Masculino,9,mestizo,Primaria
Puntos Vive Digital,Primaria,General,El remanso,Tarjeta de Identidad,Masculino,12,Afrocolombiano,Primaria
Puntos Vive Digital,primaria,General,El remanso,Tarjeta de Identidad,Femenino,8,Afrocolombiano,primaria
Puntos Vive Digital,Primaria,General,El remanso,Tarjeta de Identidad,Masculino,10,mestizo,Primaria
Puntos Vive Digital,Primaria,General,El remanso,Tarjeta de Identidad,Masculino,12,NA,Primaria
Puntos Vive Digital,Secundaria,General,El remanso,Tarjeta de Identidad,Masculino,11,mestizo,Secundaria
Puntos Vive Digital,universitario,General,CENTRO CULUTRAL LUCY TEJADA,Cédula Ciudadanía,Femenino,31,mestizo,universitario
Puntos Vive Digital,secundaria,General,CENTRO CULUTRAL LUCY TEJADA,Cédula Ciudadanía,Femenino,52,NA,secundaria
Puntos Vive Digital,Secundaria,General,CENTRO CULUTRAL LUCY TEJADA,Cédula Ciudadanía,Masculino,49,mestizo,Secundaria
Puntos Vive Digital,Tecnico,General,CENTRO CULUTRAL LUCY TEJADA,Cédula Ciudadanía,Masculino,19,NA,Tecnico
Puntos Vive Digital,Secundaria,General,CENTRO CULUTRAL LUCY TEJADA,Cédula Ciudadanía,Masculino,43,NA,Secundaria
Puntos Vive Digital,Secundaria,General,Centro Administrativo La Bella,Tarjeta de Identidad,Masculino,17,NA,Secundaria
Puntos Vive Digital,Primaria,General,Centro Administrativo La Bella,Tarjeta de Identidad,Masculino,11,NA,Primaria
Puntos Vive Digital,secundaria,General,CENTRO CULUTRAL LUCY TEJADA,Cédula Ciudadanía,Femenino,46,NA,secundaria
Puntos Vive Digital,Secundaria,General,Centro Administrativo La Bella,Cédula Ciudadanía,Masculino,23,NA,Secundaria
Puntos Vive Digital,Secundaria,General,Centro de Desarrollo Vecinal Villa Consota,Tarjeta de Identidad,Masculino,17,Afrocolombiano,Secundaria
Puntos Vive Digital,Secundaria,General,Centro de Desarrollo Vecinal Villa Consota,Tarjeta de Identidad,Masculino,14,Afrocolombiano,Secundaria
Puntos Vive Digital,Secundaria,General,CENTRO CULUTRAL LUCY TEJADA,Cédula Ciudadanía,Masculino,62,NA,Secundaria
Puntos Vive Digital,Secundaria,General,CENTRO CULUTRAL LUCY TEJADA,Cédula Ciudadanía,Masculino,63,NA,Secundaria
Puntos Vive Digital,tecnico,General,SAN FERNANDO CUBA,Cédula Ciudadanía,Femenino,55,NA,tecnico
Puntos Vive Digital,tecnico,General,SAN FERNANDO CUBA,Cédula Ciudadanía,Femenino,57,NA,tecnico
Puntos Vive Digital,Secundaria,General,CENTRO CULUTRAL LUCY TEJADA,Cédula Ciudadanía,Masculino,60,NA,Secundaria
Puntos Vive Digital,Secundaria,General,CENTRO CULUTRAL LUCY TEJADA,Cédula Ciudadanía,Masculino,33,NA,Secundaria
Puntos Vive Digital,secundaria,General,CENTRO CULUTRAL LUCY TEJADA,Cédula Ciudadanía,Femenino,18,NA,secundaria
Puntos Vive Digital,Tecnico,General,CENTRO CULUTRAL LUCY TEJADA,Tarjeta de Identidad,Masculino,16,mestizo,Tecnico
Puntos Vive Digital,Tecnico,General,CENTRO CULUTRAL LUCY TEJADA,Cédula Ciudadanía,Masculino,59,NA,Tecnico
Puntos Vive Digital,Tecnico,General,CENTRO CULUTRAL LUCY TEJADA,Cédula Ciudadanía,Masculino,56,NA,Tecnico
Puntos Vive Digital,secundaria,General,SAN FERNANDO CUBA,Cédula Ciudadanía,Femenino,35,NA,secundaria
Puntos Vive Digital,tecnico,General,SAN FERNANDO CUBA,Cédula Ciudadanía,Femenino,41,NA,tecnico
Puntos Vive Digital,tecnico,General,SAN FERNANDO CUBA,Cédula Ciudadanía,Femenino,42,NA,tecnico
Puntos Vive Digital,tecnico,General,SAN FERNANDO CUBA,Cédula Ciudadanía,Femenino,55,NA,tecnico
Puntos Vive Digital,tecnico,General,SAN FERNANDO CUBA,Cédula Ciudadanía,Femenino,49,NA,tecnico
Puntos Vive Digital,secundaria,General,SAN FERNANDO CUBA,Cédula Ciudadanía,Femenino,46,NA,secundaria
Puntos Vive Digital,universitario,General,SAN FERNANDO CUBA,Cédula Ciudadanía,Femenino,60,NA,universitario
Puntos Vive Digital,secundaria,General,CENTRO CULUTRAL LUCY TEJADA,Tarjeta de Identidad,Femenino,17,NA,secundaria
Puntos Vive Digital,secundaria,General,CENTRO CULUTRAL LUCY TEJADA,Tarjeta de Identidad,Femenino,17,NA,secundaria
Puntos Vive Digital,NA,General,CENTRO CULUTRAL LUCY TEJADA,Cédula Ciudadanía,Femenino,18,NA,NA
Puntos Vive Digital,secundaria,General,SAN FERNANDO CUBA,Cédula Ciudadanía,Femenino,38,NA,secundaria
Puntos Vive Digital,primaria,General,SAN FERNANDO CUBA,Cédula Ciudadanía,Femenino,46,NA,primaria
Puntos Vive Digital,tecnico,General,SAN FERNANDO CUBA,Cédula Ciudadanía,Femenino,53,NA,tecnico
Puntos Vive Digital,Primaria,General,Centro Administrativo La Bella,Tarjeta de Identidad,Masculino,11,NA,Primaria
Puntos Vive Digital,primaria,General,Centro Administrativo La Bella,Tarjeta de Identidad,Femenino,10,NA,primaria
Puntos Vive Digital,primaria,General,Centro Administrativo La Bella,Tarjeta de Identidad,Femenino,11,NA,primaria
Puntos Vive Digital,Secundaria,General,Centro Administrativo La Bella,Tarjeta de Identidad,Masculino,17,NA,Secundaria
Puntos Vive Digital,Secundaria,General,Centro Administrativo La Bella,Tarjeta de Identidad,Masculino,15,NA,Secundaria
Puntos Vive Digital,Primaria,General,Centro Administrativo La Bella,Tarjeta de Identidad,Masculino,12,NA,Primaria
Puntos Vive Digital,Primaria,General,Centro Administrativo La Bella,Tarjeta de Identidad,Masculino,10,NA,Primaria
Puntos Vive Digital,primaria,General,Centro Administrativo La Bella,Tarjeta de Identidad,Femenino,12,NA,primaria
Puntos Vive Digital,primaria,General,Centro Administrativo La Bella,Tarjeta de Identidad,Femenino,11,NA,primaria
Puntos Vive Digital,Primaria,General,El remanso,Tarjeta de Identidad,Masculino,7,Afrocolombiano,Primaria
Puntos Vive Digital,Primaria,General,Centro Administrativo La Bella,Tarjeta de Identidad,Masculino,11,NA,Primaria
Puntos Vive Digital,Secundaria,General,El remanso,Tarjeta de Identidad,Masculino,11,mestizo,Secundaria
Puntos Vive Digital,Primaria,General,El remanso,Tarjeta de Identidad,Masculino,7,mestizo,Primaria
Puntos Vive Digital,Primaria,General,El remanso,Tarjeta de Identidad,Masculino,14,mestizo,Primaria
Puntos Vive Digital,Primaria,General,El remanso,Tarjeta de Identidad,Masculino,14,Afrocolombiano,Primaria
Puntos Vive Digital,Primaria,General,El remanso,Tarjeta de Identidad,Masculino,12,mestizo,Primaria
Puntos Vive Digital,Primaria,General,El remanso,Tarjeta de Identidad,Masculino,10,mestizo,Primaria
Puntos Vive Digital,primaria,General,El remanso,Tarjeta de Identidad,Femenino,8,Afrocolombiano,primaria
Puntos Vive Digital,Primaria,General,El remanso,Tarjeta de Identidad,Masculino,12,NA,Primaria
Puntos Vive Digital,Primaria,General,El remanso,Tarjeta de Identidad,Masculino,12,Afrocolombiano,Primaria
Puntos Vive Digital,Secundaria,General,SAN FERNANDO CUBA,Tarjeta de Identidad,Masculino,12,Afrocolombiano,Secundaria
Puntos Vive Digital,secundaria,General,CENTRO CULUTRAL LUCY TEJADA,Cédula Ciudadanía,Femenino,52,NA,secundaria
Puntos Vive Digital,Secundaria,General,CENTRO CULUTRAL LUCY TEJADA,Cédula Ciudadanía,Masculino,49,mestizo,Secundaria
Puntos Vive Digital,Secundaria,General,CENTRO CULUTRAL LUCY TEJADA,Cédula Ciudadanía,Masculino,42,NA,Secundaria
Puntos Vive Digital,Secundaria,General,CENTRO CULUTRAL LUCY TEJADA,Cédula Ciudadanía,Masculino,62,NA,Secundaria
Puntos Vive Digital,Secundaria,General,CENTRO CULUTRAL LUCY TEJADA,Cédula Ciudadanía,Masculino,78,NA,Secundaria
Puntos Vive Digital,Secundaria,General,CENTRO CULUTRAL LUCY TEJADA,Cédula Ciudadanía,Masculino,60,NA,Secundaria
Puntos Vive Digital,secundaria,General,CENTRO CULUTRAL LUCY TEJADA,Cédula Ciudadanía,Femenino,65,NA,secundaria
Puntos Vive Digital,Secundaria,General,CENTRO CULUTRAL LUCY TEJADA,Cédula Ciudadanía,Masculino,60,NA,Secundaria
Puntos Vive Digital,primaria,General,CENTRO CULUTRAL LUCY TEJADA,Cédula Ciudadanía,Femenino,71,NA,primaria
Puntos Vive Digital,Secundaria,General,CENTRO CULUTRAL LUCY TEJADA,Cédula Ciudadanía,Masculino,38,NA,Secundaria
Puntos Vive Digital,Primaria,General,El remanso,Tarjeta de Identidad,Masculino,9,mestizo,Primaria
Puntos Vive Digital,universitario,General,CENTRO CULUTRAL LUCY TEJADA,Cédula Ciudadanía,Masculino,57,NA,universitario
Puntos Vive Digital,Secundaria,General,CENTRO CULUTRAL LUCY TEJADA,Cédula Ciudadanía,Masculino,42,NA,Secundaria
Puntos Vive Digital,Secundaria,General,Centro Administrativo La Bella,Tarjeta de Identidad,Masculino,17,NA,Secundaria
Puntos Vive Digital,Secundaria,General,Centro Administrativo La Bella,Tarjeta de Identidad,Masculino,14,NA,Secundaria
Puntos Vive Digital,primaria,General,Centro Administrativo La Bella,Tarjeta de Identidad,Femenino,9,NA,primaria
Puntos Vive Digital,Secundaria,General,El remanso,Cédula Ciudadanía,Masculino,22,Afrocolombiano,Secundaria
Puntos Vive Digital,NA,General,El remanso,Cédula Ciudadanía,Masculino,26,mestizo,NA
Puntos Vive Digital,Primaria,General,El remanso,Tarjeta de Identidad,Masculino,12,Afrocolombiano,Primaria
Puntos Vive Digital,Primaria,General,Centro de Desarrollo Vecinal Villa Consota,Registro Civil,Masculino,7,mestizo,Primaria
Puntos Vive Digital,Secundaria,General,Centro de Desarrollo Vecinal Villa Consota,Tarjeta de Identidad,Masculino,17,Afrocolombiano,Secundaria
Puntos Vive Digital,Secundaria,General,Centro de Desarrollo Vecinal Villa Consota,Tarjeta de Identidad,Masculino,14,Afrocolombiano,Secundaria
Puntos Vive Digital,postgrado,General,CENTRO CULUTRAL LUCY TEJADA,Cédula Ciudadanía,Femenino,74,NA,postgrado
Puntos Vive Digital,Secundaria,General,CENTRO CULUTRAL LUCY TEJADA,Cédula Ciudadanía,Masculino,61,NA,Secundaria
Puntos Vive Digital,secundaria,General,SAN FERNANDO CUBA,Tarjeta de Identidad,Femenino,17,NA,secundaria
Puntos Vive Digital,postgrado,General,CENTRO CULUTRAL LUCY TEJADA,Cédula Ciudadanía,Femenino,74,NA,postgrado
Puntos Vive Digital,universitario,General,CENTRO CULUTRAL LUCY TEJADA,Cédula Ciudadanía,Femenino,70,NA,universitario
Puntos Vive Digital,secundaria,General,CENTRO CULUTRAL LUCY TEJADA,Cédula Ciudadanía,Femenino,72,NA,secundaria
Puntos Vive Digital,secundaria,General,CENTRO CULUTRAL LUCY TEJADA,Cédula Ciudadanía,Femenino,57,NA,secundaria
Puntos Vive Digital,primaria,General,CENTRO CULUTRAL LUCY TEJADA,Cédula Ciudadanía,Femenino,61,NA,primaria
Puntos Vive Digital,universitario,General,CENTRO CULUTRAL LUCY TEJADA,Cédula Ciudadanía,Masculino,78,NA,universitario
Puntos Vive Digital,secundaria,General,CENTRO CULUTRAL LUCY TEJADA,Cédula Ciudadanía,Femenino,54,NA,secundaria
Puntos Vive Digital,secundaria,General,CENTRO CULUTRAL LUCY TEJADA,Cédula Ciudadanía,Femenino,62,NA,secundaria
Puntos Vive Digital,postgrado,General,CENTRO CULUTRAL LUCY TEJADA,Otro,Masculino,70,NA,postgrado
Puntos Vive Digital,postgrado,General,CENTRO CULUTRAL LUCY TEJADA,Cédula Ciudadanía,Femenino,62,NA,postgrado
Puntos Vive Digital,universitario,General,CENTRO CULUTRAL LUCY TEJADA,Cédula Ciudadanía,Femenino,69,NA,universitario
Puntos Vive Digital,primaria,General,CENTRO CULUTRAL LUCY TEJADA,Cédula Ciudadanía,Femenino,56,NA,primaria
Puntos Vive Digital,Tecnico,General,CENTRO CULUTRAL LUCY TEJADA,Cédula Ciudadanía,Masculino,59,NA,Tecnico
Puntos Vive Digital,Secundaria,General,CENTRO CULUTRAL LUCY TEJADA,Cédula Ciudadanía,Masculino,33,NA,Secundaria
Puntos Vive Digital,secundaria,General,CENTRO CULUTRAL LUCY TEJADA,Cédula Ciudadanía,Femenino,73,NA,secundaria
Puntos Vive Digital,Secundaria,General,SAN FERNANDO CUBA,Tarjeta de Identidad,Masculino,17,NA,Secundaria
Puntos Vive Digital,Secundaria,General,SAN FERNANDO CUBA,Cédula Ciudadanía,Masculino,19,NA,Secundaria
Puntos Vive Digital,secundaria,General,SAN FERNANDO CUBA,Tarjeta de Identidad,Femenino,16,NA,secundaria
Puntos Vive Digital,Secundaria,General,SAN FERNANDO CUBA,Cédula Ciudadanía,Masculino,18,NA,Secundaria
Puntos Vive Digital,Secundaria,General,SAN FERNANDO CUBA,Tarjeta de Identidad,Masculino,15,NA,Secundaria
Puntos Vive Digital,secundaria,General,SAN FERNANDO CUBA,Tarjeta de Identidad,Femenino,17,NA,secundaria
Puntos Vive Digital,Secundaria,General,SAN FERNANDO CUBA,Permiso por Protección Temporal,Masculino,18,NA,Secundaria
Puntos Vive Digital,Secundaria,General,SAN FERNANDO CUBA,Cédula Ciudadanía,Masculino,19,NA,Secundaria
Puntos Vive Digital,Secundaria,General,SAN FERNANDO CUBA,Tarjeta de Identidad,Masculino,17,NA,Secundaria
Puntos Vive Digital,universitario,General,SAN FERNANDO CUBA,Cédula Ciudadanía,Masculino,44,NA,universitario
Puntos Vive Digital,Secundaria,General,SAN FERNANDO CUBA,Tarjeta de Identidad,Masculino,16,NA,Secundaria
Puntos Vive Digital,secundaria,General,SAN FERNANDO CUBA,Cédula Ciudadanía,Femenino,18,NA,secundaria
Puntos Vive Digital,secundaria,General,SAN FERNANDO CUBA,Tarjeta de Identidad,Femenino,17,NA,secundaria
Puntos Vive Digital,secundaria,General,SAN FERNANDO CUBA,Permiso por Protección Temporal,Femenino,17,NA,secundaria
Puntos Vive Digital,Secundaria,General,SAN FERNANDO CUBA,Tarjeta de Identidad,Masculino,17,NA,Secundaria
Puntos Vive Digital,Secundaria,General,CENTRO CULUTRAL LUCY TEJADA,Cédula Ciudadanía,Masculino,63,NA,Secundaria
Puntos Vive Digital,Secundaria,General,CENTRO CULUTRAL LUCY TEJADA,Cédula Ciudadanía,Masculino,43,NA,Secundaria
Puntos Vive Digital,Secundaria,General,SAN FERNANDO CUBA,Tarjeta de Identidad,Masculino,14,NA,Secundaria
Puntos Vive Digital,Secundaria,General,SAN FERNANDO CUBA,Tarjeta de Identidad,Masculino,12,Afrocolombiano,Secundaria
Puntos Vive Digital,Secundaria,General,CENTRO CULUTRAL LUCY TEJADA,Cédula Ciudadanía,Masculino,62,NA,Secundaria
Puntos Vive Digital,secundaria,General,El remanso,Tarjeta de Identidad,Femenino,13,mestizo,secundaria
Puntos Vive Digital,postgrado,General,CENTRO CULUTRAL LUCY TEJADA,Cédula Ciudadanía,Femenino,-60,NA,postgrado
Puntos Vive Digital,tecnico,General,CENTRO CULUTRAL LUCY TEJADA,Cédula Ciudadanía,Femenino,54,NA,tecnico
Puntos Vive Digital,tecnologico,General,CENTRO CULUTRAL LUCY TEJADA,Cédula Ciudadanía,Femenino,55,mestizo,tecnologico
Puntos Vive Digital,Primaria,General,El remanso,Tarjeta de Identidad,Masculino,12,NA,Primaria
Puntos Vive Digital,Primaria,General,El remanso,Tarjeta de Identidad,Masculino,9,mestizo,Primaria
Puntos Vive Digital,Primaria,General,El remanso,Tarjeta de Identidad,Masculino,10,mestizo,Primaria
Puntos Vive Digital,Primaria,General,El remanso,Tarjeta de Identidad,Masculino,12,mestizo,Primaria
Puntos Vive Digital,primaria,General,Centro de Desarrollo Vecinal Villa Consota,Tarjeta de Identidad,Femenino,10,Afrocolombiano,primaria
Puntos Vive Digital,Primaria,General,Centro de Desarrollo Vecinal Villa Consota,Tarjeta de Identidad,Masculino,9,mestizo,Primaria
Puntos Vive Digital,universitario,General,CENTRO CULUTRAL LUCY TEJADA,Cédula Ciudadanía,Masculino,76,NA,universitario
Puntos Vive Digital,secundaria,General,CENTRO CULUTRAL LUCY TEJADA,Cédula Ciudadanía,Femenino,62,NA,secundaria
Puntos Vive Digital,primaria,General,CENTRO CULUTRAL LUCY TEJADA,Cédula Ciudadanía,Femenino,60,NA,primaria
Puntos Vive Digital,Primaria,General,El remanso,Tarjeta de Identidad,Masculino,14,Afrocolombiano,Primaria
Puntos Vive Digital,tecnico,General,CENTRO CULUTRAL LUCY TEJADA,Cédula Ciudadanía,Femenino,63,NA,tecnico
Puntos Vive Digital,Primaria,General,El remanso,Tarjeta de Identidad,Masculino,14,mestizo,Primaria
Puntos Vive Digital,tecnico,General,CENTRO CULUTRAL LUCY TEJADA,Cédula Ciudadanía,Femenino,52,NA,tecnico
Puntos Vive Digital,Primaria,General,El remanso,Tarjeta de Identidad,Masculino,10,mestizo,Primaria
Puntos Vive Digital,primaria,General,El remanso,Tarjeta de Identidad,Femenino,8,Afrocolombiano,primaria
Puntos Vive Digital,secundaria,General,CENTRO CULUTRAL LUCY TEJADA,Cédula Ciudadanía,Femenino,62,NA,secundaria
Puntos Vive Digital,Primaria,General,El remanso,Tarjeta de Identidad,Masculino,12,Afrocolombiano,Primaria
Puntos Vive Digital,tecnico,General,CENTRO CULUTRAL LUCY TEJADA,Cédula Ciudadanía,Femenino,32,NA,tecnico
Puntos Vive Digital,secundaria,General,CENTRO CULUTRAL LUCY TEJADA,Cédula Ciudadanía,Femenino,75,NA,secundaria
Puntos Vive Digital,universitario,General,CENTRO CULUTRAL LUCY TEJADA,Cédula Ciudadanía,Femenino,53,NA,universitario
Puntos Vive Digital,secundaria,General,CENTRO CULUTRAL LUCY TEJADA,Cédula Ciudadanía,Femenino,76,NA,secundaria
Puntos Vive Digital,tecnico,General,CENTRO CULUTRAL LUCY TEJADA,Cédula Ciudadanía,Femenino,57,NA,tecnico
Puntos Vive Digital,secundaria,General,CENTRO CULUTRAL LUCY TEJADA,Cédula Ciudadanía,Femenino,74,NA,secundaria
Puntos Vive Digital,secundaria,General,CENTRO CULUTRAL LUCY TEJADA,Cédula Ciudadanía,Femenino,73,NA,secundaria
Puntos Vive Digital,secundaria,General,CENTRO CULUTRAL LUCY TEJADA,Cédula Ciudadanía,Femenino,62,NA,secundaria
Puntos Vive Digital,primaria,General,CENTRO CULUTRAL LUCY TEJADA,Cédula Ciudadanía,Femenino,62,NA,primaria
Puntos Vive Digital,Primaria,General,CENTRO CULUTRAL LUCY TEJADA,Cédula Ciudadanía,Masculino,78,NA,Primaria
Puntos Vive Digital,Primaria,General,CENTRO CULUTRAL LUCY TEJADA,Cédula Ciudadanía,Masculino,78,NA,Primaria
Puntos Vive Digital,tecnologico,General,CENTRO CULUTRAL LUCY TEJADA,Cédula Ciudadanía,Masculino,58,NA,tecnologico
Puntos Vive Digital,secundaria,General,CENTRO CULUTRAL LUCY TEJADA,Cédula Ciudadanía,Femenino,61,NA,secundaria
Puntos Vive Digital,tecnico,General,CENTRO CULUTRAL LUCY TEJADA,Cédula Ciudadanía,Femenino,65,mestizo,tecnico
Puntos Vive Digital,tecnico,General,CENTRO CULUTRAL LUCY TEJADA,Cédula Ciudadanía,Femenino,61,NA,tecnico
Puntos Vive Digital,secundaria,General,CENTRO CULUTRAL LUCY TEJADA,Cédula Ciudadanía,Femenino,31,NA,secundaria
Puntos Vive Digital,secundaria,General,CENTRO CULUTRAL LUCY TEJADA,Cédula Ciudadanía,Femenino,27,NA,secundaria
Puntos Vive Digital,secundaria,General,CENTRO CULUTRAL LUCY TEJADA,Cédula Ciudadanía,Femenino,64,mestizo,secundaria
Puntos Vive Digital,Primaria,General,CENTRO CULUTRAL LUCY TEJADA,Cédula Ciudadanía,Masculino,67,mestizo,Primaria
Puntos Vive Digital,secundaria,General,CENTRO CULUTRAL LUCY TEJADA,Cédula Ciudadanía,Femenino,69,NA,secundaria
Puntos Vive Digital,secundaria,General,CENTRO CULUTRAL LUCY TEJADA,Cédula Ciudadanía,Femenino,58,NA,secundaria
Puntos Vive Digital,postgrado,General,CENTRO CULUTRAL LUCY TEJADA,Cédula Ciudadanía,Femenino,-60,NA,postgrado
Puntos Vive Digital,secundaria,General,CENTRO CULUTRAL LUCY TEJADA,Cédula Ciudadanía,Femenino,46,NA,secundaria
Puntos Vive Digital,secundaria,General,CENTRO CULUTRAL LUCY TEJADA,Cédula Ciudadanía,Femenino,68,NA,secundaria
Puntos Vive Digital,secundaria,General,CENTRO CULUTRAL LUCY TEJADA,Cédula Ciudadanía,Femenino,40,NA,secundaria
Puntos Vive Digital,secundaria,General,CENTRO CULUTRAL LUCY TEJADA,Cédula Ciudadanía,Femenino,71,NA,secundaria
Puntos Vive Digital,Secundaria,General,CENTRO CULUTRAL LUCY TEJADA,Cédula Ciudadanía,Masculino,43,NA,Secundaria
Puntos Vive Digital,secundaria,General,CENTRO CULUTRAL LUCY TEJADA,Cédula Ciudadanía,Femenino,53,NA,secundaria
Puntos Vive Digital,secundaria,General,CENTRO CULUTRAL LUCY TEJADA,Cédula Ciudadanía,Femenino,53,NA,secundaria
Puntos Vive Digital,Secundaria,General,CENTRO CULUTRAL LUCY TEJADA,Cédula Ciudadanía,Masculino,43,NA,Secundaria
Puntos Vive Digital,Secundaria,General,CENTRO CULUTRAL LUCY TEJADA,Cédula Ciudadanía,Masculino,43,NA,Secundaria
Puntos Vive Digital,universitario,General,CENTRO CULUTRAL LUCY TEJADA,Cédula Ciudadanía,Masculino,75,NA,universitario
Puntos Vive Digital,Primaria,General,El remanso,Tarjeta de Identidad,Masculino,12,Afrocolombiano,Primaria
Puntos Vive Digital,secundaria,General,CENTRO CULUTRAL LUCY TEJADA,Cédula Ciudadanía,Femenino,64,mestizo,secundaria
Puntos Vive Digital,secundaria,General,CENTRO CULUTRAL LUCY TEJADA,Cédula Ciudadanía,Femenino,71,NA,secundaria
Puntos Vive Digital,secundaria,General,CENTRO CULUTRAL LUCY TEJADA,Cédula Ciudadanía,Femenino,71,NA,secundaria
Puntos Vive Digital,secundaria,General,CENTRO CULUTRAL LUCY TEJADA,Cédula Ciudadanía,Femenino,71,NA,secundaria
Puntos Vive Digital,Secundaria,General,El remanso,Cédula Ciudadanía,Masculino,25,Afrocolombiano,Secundaria
Puntos Vive Digital,Secundaria,General,El remanso,Cédula Ciudadanía,Masculino,22,Afrocolombiano,Secundaria
Puntos Vive Digital,secundaria,General,CENTRO CULUTRAL LUCY TEJADA,Cédula Ciudadanía,Femenino,53,NA,secundaria
Puntos Vive Digital,Primaria,General,El remanso,Tarjeta de Identidad,Masculino,12,NA,Primaria
Puntos Vive Digital,Primaria,General,El remanso,Tarjeta de Identidad,Masculino,10,mestizo,Primaria
Puntos Vive Digital,secundaria,General,CENTRO CULUTRAL LUCY TEJADA,Cédula Ciudadanía,Femenino,31,NA,secundaria
Puntos Vive Digital,tecnico,General,CENTRO CULUTRAL LUCY TEJADA,Cédula Ciudadanía,Femenino,31,NA,tecnico
Puntos Vive Digital,secundaria,General,CENTRO CULUTRAL LUCY TEJADA,Cédula Ciudadanía,Femenino,27,NA,secundaria
Puntos Vive Digital,Primaria,General,El remanso,Tarjeta de Identidad,Masculino,14,Afrocolombiano,Primaria
Puntos Vive Digital,Primaria,General,Centro de Desarrollo Vecinal Villa Consota,Registro Civil,Masculino,7,mestizo,Primaria
Puntos Vive Digital,Secundaria,General,Centro de Desarrollo Vecinal Villa Consota,Tarjeta de Identidad,Masculino,17,Afrocolombiano,Secundaria
Puntos Vive Digital,Secundaria,General,Centro de Desarrollo Vecinal Villa Consota,Tarjeta de Identidad,Masculino,14,Afrocolombiano,Secundaria
Puntos Vive Digital,Secundaria,General,CENTRO CULUTRAL LUCY TEJADA,Cédula Ciudadanía,Masculino,72,mestizo,Secundaria
Puntos Vive Digital,secundaria,General,CENTRO CULUTRAL LUCY TEJADA,Cédula Ciudadanía,Femenino,62,mestizo,secundaria
Puntos Vive Digital,Secundaria,General,CENTRO CULUTRAL LUCY TEJADA,Cédula Ciudadanía,Masculino,33,NA,Secundaria
Puntos Vive Digital,Secundaria,General,CENTRO CULUTRAL LUCY TEJADA,Cédula Ciudadanía,Masculino,52,NA,Secundaria
Puntos Vive Digital,secundaria,General,El remanso,Tarjeta de Identidad,Femenino,16,mestizo,secundaria
Puntos Vive Digital,primaria,General,El remanso,Tarjeta de Identidad,Femenino,11,mestizo,primaria
Puntos Vive Digital,primaria,General,Centro Administrativo La Bella,Tarjeta de Identidad,Femenino,10,NA,primaria
Puntos Vive Digital,Secundaria,General,Centro Administrativo La Bella,Tarjeta de Identidad,Masculino,14,NA,Secundaria
Puntos Vive Digital,primaria,General,Centro de Desarrollo Vecinal Villa Consota,Tarjeta de Identidad,Femenino,10,mestizo,primaria
Puntos Vive Digital,Primaria,General,Centro de Desarrollo Vecinal Villa Consota,Registro Civil,Masculino,7,mestizo,Primaria
Puntos Vive Digital,Secundaria,General,Centro de Desarrollo Vecinal Villa Consota,Tarjeta de Identidad,Masculino,13,mestizo,Secundaria
Puntos Vive Digital,Secundaria,General,Centro de Desarrollo Vecinal Villa Consota,Tarjeta de Identidad,Masculino,13,mestizo,Secundaria
Puntos Vive Digital,Primaria,General,El remanso,Tarjeta de Identidad,Masculino,12,mestizo,Primaria
Puntos Vive Digital,Secundaria,General,Centro Administrativo La Bella,Tarjeta de Identidad,Masculino,12,NA,Secundaria
Puntos Vive Digital,Primaria,General,El remanso,Tarjeta de Identidad,Masculino,11,mestizo,Primaria
Puntos Vive Digital,Primaria,General,El remanso,Tarjeta de Identidad,Masculino,9,mestizo,Primaria
Puntos Vive Digital,secundaria,General,El remanso,Tarjeta de Identidad,Femenino,13,mestizo,secundaria
Puntos Vive Digital,Primaria,General,El remanso,Tarjeta de Identidad,Masculino,9,mestizo,Primaria
Puntos Vive Digital,Primaria,General,El remanso,Tarjeta de Identidad,Masculino,9,mestizo,Primaria
Puntos Vive Digital,Primaria,General,El remanso,Tarjeta de Identidad,Masculino,9,mestizo,Primaria
Puntos Vive Digital,Primaria,General,El remanso,Tarjeta de Identidad,Masculino,8,Afrocolombiano,Primaria
Puntos Vive Digital,Primaria,General,El remanso,Tarjeta de Identidad,Masculino,9,Afrocolombiano,Primaria
Puntos Vive Digital,Primaria,General,El remanso,Tarjeta de Identidad,Masculino,12,NA,Primaria
Puntos Vive Digital,Primaria,General,El remanso,Tarjeta de Identidad,Masculino,10,mestizo,Primaria
Puntos Vive Digital,Tecnico,General,CENTRO CULUTRAL LUCY TEJADA,Cédula Ciudadanía,Masculino,59,NA,Tecnico
Puntos Vive Digital,Primaria,General,El remanso,Tarjeta de Identidad,Masculino,12,Afrocolombiano,Primaria
Puntos Vive Digital,primaria,General,El remanso,Tarjeta de Identidad,Femenino,8,Afrocolombiano,primaria
Puntos Vive Digital,Secundaria,General,CENTRO CULUTRAL LUCY TEJADA,Cédula Ciudadanía,Masculino,63,NA,Secundaria
Puntos Vive Digital,tecnologico,General,CENTRO CULUTRAL LUCY TEJADA,Cédula Ciudadanía,Masculino,71,NA,tecnologico
Puntos Vive Digital,Primaria,General,Centro de Desarrollo Vecinal Villa Consota,Tarjeta de Identidad,Masculino,9,mestizo,Primaria
Puntos Vive Digital,Secundaria,General,Centro de Desarrollo Vecinal Villa Consota,Tarjeta de Identidad,Masculino,13,mestizo,Secundaria
Puntos Vive Digital,Secundaria,General,El remanso,Tarjeta de Identidad,Masculino,12,Afrocolombiano,Secundaria
Puntos Vive Digital,universitario,General,El remanso,Cédula Ciudadanía,Masculino,35,Afrocolombiano,universitario
Puntos Vive Digital,primaria,General,Centro Administrativo La Bella,Tarjeta de Identidad,Femenino,9,NA,primaria
Puntos Vive Digital,Primaria,General,Centro Administrativo La Bella,Tarjeta de Identidad,Masculino,11,NA,Primaria
Puntos Vive Digital,Secundaria,General,CENTRO CULUTRAL LUCY TEJADA,Cédula Ciudadanía,Masculino,60,NA,Secundaria
Puntos Vive Digital,Secundaria,General,CENTRO CULUTRAL LUCY TEJADA,Cédula Ciudadanía,Masculino,33,NA,Secundaria
Puntos Vive Digital,Secundaria,General,Centro de Desarrollo Vecinal Villa Consota,Tarjeta de Identidad,Masculino,11,Afrocolombiano,Secundaria
Puntos Vive Digital,Secundaria,General,Centro de Desarrollo Vecinal Villa Consota,Tarjeta de Identidad,Masculino,17,Afrocolombiano,Secundaria
Puntos Vive Digital,Secundaria,General,Centro de Desarrollo Vecinal Villa Consota,Tarjeta de Identidad,Masculino,14,Afrocolombiano,Secundaria
Puntos Vive Digital,Tecnico,General,CENTRO CULUTRAL LUCY TEJADA,Cédula Ciudadanía,Masculino,59,NA,Tecnico
Puntos Vive Digital,Secundaria,General,CENTRO CULUTRAL LUCY TEJADA,Cédula Ciudadanía,Masculino,63,NA,Secundaria
Puntos Vive Digital,secundaria,General,El remanso,Tarjeta de Identidad,Femenino,14,Afrocolombiano,secundaria
Puntos Vive Digital,Primaria,General,Centro de Desarrollo Vecinal Villa Consota,Tarjeta de Identidad,Masculino,9,mestizo,Primaria
Puntos Vive Digital,Secundaria,General,El remanso,Tarjeta de Identidad,Masculino,12,Afrocolombiano,Secundaria
Puntos Vive Digital,primaria,General,El remanso,Tarjeta de Identidad,Femenino,10,Afrocolombiano,primaria
Puntos Vive Digital,Secundaria,General,Centro de Desarrollo Vecinal Villa Consota,Tarjeta de Identidad,Masculino,13,mestizo,Secundaria
Puntos Vive Digital,Primaria,General,El remanso,Tarjeta de Identidad,Masculino,12,Afrocolombiano,Primaria
Puntos Vive Digital,primaria,General,El remanso,Tarjeta de Identidad,Femenino,8,Afrocolombiano,primaria
Puntos Vive Digital,primaria,General,Centro Administrativo La Bella,Tarjeta de Identidad,Femenino,10,NA,primaria
Puntos Vive Digital,tecnologico,General,Centro Administrativo La Bella,Cédula Ciudadanía,Femenino,42,NA,tecnologico
Puntos Vive Digital,secundaria,General,Centro Administrativo La Bella,Tarjeta de Identidad,Femenino,16,NA,secundaria
Puntos Vive Digital,universitario,General,Centro Administrativo La Bella,Cédula Ciudadanía,Masculino,61,NA,universitario
Puntos Vive Digital,primaria,General,CENTRO CULUTRAL LUCY TEJADA,Cédula Ciudadanía,Femenino,80,NA,primaria
Puntos Vive Digital,Primaria,General,El remanso,Tarjeta de Identidad,Masculino,9,mestizo,Primaria
Puntos Vive Digital,secundaria,General,El remanso,Tarjeta de Identidad,Femenino,13,mestizo,secundaria
Puntos Vive Digital,Secundaria,General,El remanso,Tarjeta de Identidad,Masculino,15,Afrocolombiano,Secundaria
Puntos Vive Digital,Primaria,General,CENTRO CULUTRAL LUCY TEJADA,Cédula Ciudadanía,Masculino,78,NA,Primaria
Puntos Vive Digital,Secundaria,General,El remanso,Cédula Ciudadanía,Masculino,22,Afrocolombiano,Secundaria
Puntos Vive Digital,Primaria,General,El remanso,Tarjeta de Identidad,Masculino,14,mestizo,Primaria
Puntos Vive Digital,Primaria,General,El remanso,Tarjeta de Identidad,Masculino,14,Afrocolombiano,Primaria
Puntos Vive Digital,tecnico,General,CENTRO CULUTRAL LUCY TEJADA,Cédula Ciudadanía,Femenino,57,NA,tecnico
Puntos Vive Digital,Primaria,General,El remanso,Tarjeta de Identidad,Masculino,9,Afrocolombiano,Primaria
Puntos Vive Digital,Secundaria,General,SAN FERNANDO CUBA,Cédula Ciudadanía,Masculino,18,NA,Secundaria
Puntos Vive Digital,Secundaria,General,El remanso,Tarjeta de Identidad,Masculino,15,mestizo,Secundaria
Puntos Vive Digital,tecnico,General,CENTRO CULUTRAL LUCY TEJADA,Cédula Ciudadanía,Femenino,63,NA,tecnico
Puntos Vive Digital,primaria,General,El remanso,Tarjeta de Identidad,Femenino,11,mestizo,primaria
Puntos Vive Digital,Primaria,General,El remanso,Tarjeta de Identidad,Masculino,12,mestizo,Primaria
Puntos Vive Digital,universitario,General,CENTRO CULUTRAL LUCY TEJADA,Cédula Ciudadanía,Femenino,53,NA,universitario
Puntos Vive Digital,primaria,General,El remanso,Tarjeta de Identidad,Femenino,11,mestizo,primaria
Puntos Vive Digital,Primaria,General,El remanso,Tarjeta de Identidad,Masculino,8,Afrocolombiano,Primaria
Puntos Vive Digital,Primaria,General,El remanso,Tarjeta de Identidad,Masculino,9,mestizo,Primaria
Puntos Vive Digital,Primaria,General,El remanso,Tarjeta de Identidad,Masculino,9,mestizo,Primaria
Puntos Vive Digital,Primaria,General,El remanso,Tarjeta de Identidad,Masculino,12,NA,Primaria
Puntos Vive Digital,Secundaria,General,CENTRO CULUTRAL LUCY TEJADA,Cédula Ciudadanía,Masculino,48,NA,Secundaria
Puntos Vive Digital,primaria,General,CENTRO CULUTRAL LUCY TEJADA,Cédula Ciudadanía,Femenino,79,NA,primaria
Puntos Vive Digital,Primaria,General,El remanso,Tarjeta de Identidad,Masculino,10,mestizo,Primaria
Puntos Vive Digital,secundaria,General,CENTRO CULUTRAL LUCY TEJADA,Cédula Ciudadanía,Femenino,73,NA,secundaria
Puntos Vive Digital,secundaria,General,CENTRO CULUTRAL LUCY TEJADA,Cédula Ciudadanía,Femenino,74,NA,secundaria
Puntos Vive Digital,tecnico,General,CENTRO CULUTRAL LUCY TEJADA,Cédula Ciudadanía,Femenino,61,NA,tecnico
Puntos Vive Digital,universitario,General,CENTRO CULUTRAL LUCY TEJADA,Cédula Ciudadanía,Masculino,76,NA,universitario
Puntos Vive Digital,Secundaria,General,CENTRO CULUTRAL LUCY TEJADA,Cédula Ciudadanía,Masculino,63,NA,Secundaria
Puntos Vive Digital,primaria,General,CENTRO CULUTRAL LUCY TEJADA,Cédula Ciudadanía,Femenino,61,NA,primaria
Puntos Vive Digital,secundaria,General,CENTRO CULUTRAL LUCY TEJADA,Cédula Ciudadanía,Femenino,62,NA,secundaria
Puntos Vive Digital,secundaria,General,CENTRO CULUTRAL LUCY TEJADA,Cédula Ciudadanía,Femenino,75,NA,secundaria
Puntos Vive Digital,tecnologico,General,CENTRO CULUTRAL LUCY TEJADA,Cédula Ciudadanía,Masculino,58,NA,tecnologico
Puntos Vive Digital,secundaria,General,CENTRO CULUTRAL LUCY TEJADA,Cédula Ciudadanía,Femenino,62,NA,secundaria
Puntos Vive Digital,primaria,General,CENTRO CULUTRAL LUCY TEJADA,Cédula Ciudadanía,Femenino,62,NA,primaria
Puntos Vive Digital,secundaria,General,CENTRO CULUTRAL LUCY TEJADA,Cédula Ciudadanía,Femenino,76,NA,secundaria
Puntos Vive Digital,secundaria,General,CENTRO CULUTRAL LUCY TEJADA,Cédula Ciudadanía,Femenino,61,NA,secundaria
Puntos Vive Digital,Secundaria,General,CENTRO CULUTRAL LUCY TEJADA,Cédula Ciudadanía,Masculino,42,NA,Secundaria
Puntos Vive Digital,secundaria,General,SAN FERNANDO CUBA,Cédula Ciudadanía,Femenino,35,NA,secundaria
Puntos Vive Digital,Primaria,General,Centro Administrativo La Bella,Tarjeta de Identidad,Masculino,11,NA,Primaria
Puntos Vive Digital,primaria,General,Centro Administrativo La Bella,Tarjeta de Identidad,Femenino,9,NA,primaria
Puntos Vive Digital,primaria,General,CENTRO CULUTRAL LUCY TEJADA,Cédula Ciudadanía,Femenino,56,NA,primaria
Puntos Vive Digital,Secundaria,General,Centro de Desarrollo Vecinal Villa Consota,Tarjeta de Identidad,Masculino,11,Afrocolombiano,Secundaria
Puntos Vive Digital,Primaria,General,Centro de Desarrollo Vecinal Villa Consota,Tarjeta de Identidad,Masculino,9,mestizo,Primaria
Puntos Vive Digital,Secundaria,General,Centro de Desarrollo Vecinal Villa Consota,Tarjeta de Identidad,Masculino,14,mestizo,Secundaria
Puntos Vive Digital,Secundaria,General,SAN FERNANDO CUBA,Cédula Ciudadanía,Masculino,66,NA,Secundaria
Puntos Vive Digital,Secundaria,General,Centro de Desarrollo Vecinal Villa Consota,Tarjeta de Identidad,Masculino,13,mestizo,Secundaria
Puntos Vive Digital,Secundaria,General,Centro de Desarrollo Vecinal Villa Consota,Tarjeta de Identidad,Masculino,14,Afrocolombiano,Secundaria
Puntos Vive Digital,Secundaria,General,Centro de Desarrollo Vecinal Villa Consota,Tarjeta de Identidad,Masculino,17,Afrocolombiano,Secundaria
Puntos Vive Digital,universitario,General,CENTRO CULUTRAL LUCY TEJADA,Cédula Ciudadanía,Femenino,69,NA,universitario
Puntos Vive Digital,secundaria,General,CENTRO CULUTRAL LUCY TEJADA,Cédula Ciudadanía,Femenino,82,NA,secundaria
Puntos Vive Digital,secundaria,General,SAN FERNANDO CUBA,Cédula Ciudadanía,Femenino,45,NA,secundaria
Puntos Vive Digital,Secundaria,General,CENTRO CULUTRAL LUCY TEJADA,Cédula Ciudadanía,Masculino,58,NA,Secundaria
Puntos Vive Digital,primaria,General,CENTRO CULUTRAL LUCY TEJADA,Cédula Ciudadanía,Femenino,63,NA,primaria
Puntos Vive Digital,secundaria,General,SAN FERNANDO CUBA,Cédula Ciudadanía,Femenino,46,NA,secundaria
Puntos Vive Digital,Secundaria,General,CENTRO CULUTRAL LUCY TEJADA,Cédula Ciudadanía,Masculino,61,NA,Secundaria
Puntos Vive Digital,postgrado,General,CENTRO CULUTRAL LUCY TEJADA,Otro,Masculino,70,NA,postgrado
Puntos Vive Digital,postgrado,General,CENTRO CULUTRAL LUCY TEJADA,Cédula Ciudadanía,Femenino,62,NA,postgrado
Puntos Vive Digital,universitario,General,CENTRO CULUTRAL LUCY TEJADA,Cédula Ciudadanía,Masculino,78,NA,universitario
Puntos Vive Digital,postgrado,General,CENTRO CULUTRAL LUCY TEJADA,Cédula Ciudadanía,Femenino,74,NA,postgrado
Puntos Vive Digital,secundaria,General,CENTRO CULUTRAL LUCY TEJADA,Cédula Ciudadanía,Femenino,78,NA,secundaria
Puntos Vive Digital,secundaria,General,CENTRO CULUTRAL LUCY TEJADA,Cédula Ciudadanía,Femenino,57,NA,secundaria
Puntos Vive Digital,postgrado,General,CENTRO CULUTRAL LUCY TEJADA,Cédula Ciudadanía,Femenino,74,NA,postgrado
Puntos Vive Digital,Secundaria,General,CENTRO CULUTRAL LUCY TEJADA,Cédula Ciudadanía,Masculino,71,NA,Secundaria
Puntos Vive Digital,secundaria,General,CENTRO CULUTRAL LUCY TEJADA,Cédula Ciudadanía,Femenino,65,NA,secundaria
Puntos Vive Digital,Secundaria,General,SAN FERNANDO CUBA,Cédula Ciudadanía,Masculino,62,NA,Secundaria
Puntos Vive Digital,tecnico,General,SAN FERNANDO CUBA,Cédula Ciudadanía,Femenino,60,NA,tecnico
Puntos Vive Digital,postgrado,General,CENTRO CULUTRAL LUCY TEJADA,Cédula Ciudadanía,Femenino,62,NA,postgrado
Puntos Vive Digital,secundaria,General,SAN FERNANDO CUBA,Cédula Ciudadanía,Femenino,68,mestizo,secundaria
Puntos Vive Digital,Secundaria,General,SAN FERNANDO CUBA,Cédula Ciudadanía,Masculino,53,NA,Secundaria
Puntos Vive Digital,secundaria,General,SAN FERNANDO CUBA,Registro Civil,Femenino,60,NA,secundaria
Puntos Vive Digital,primaria,General,CENTRO CULUTRAL LUCY TEJADA,Cédula Ciudadanía,Femenino,71,NA,primaria
Puntos Vive Digital,primaria,General,SAN FERNANDO CUBA,Cédula Ciudadanía,Femenino,46,NA,primaria
Puntos Vive Digital,tecnico,General,SAN FERNANDO CUBA,Cédula Ciudadanía,Femenino,48,NA,tecnico
Puntos Vive Digital,secundaria,General,SAN FERNANDO CUBA,Cédula Ciudadanía,Femenino,19,NA,secundaria
Puntos Vive Digital,tecnico,General,SAN FERNANDO CUBA,Cédula Ciudadanía,Femenino,55,NA,tecnico
Puntos Vive Digital,tecnico,General,SAN FERNANDO CUBA,Cédula Ciudadanía,Femenino,44,NA,tecnico
Puntos Vive Digital,secundaria,General,SAN FERNANDO CUBA,Cédula Ciudadanía,Femenino,35,NA,secundaria
Puntos Vive Digital,tecnico,General,SAN FERNANDO CUBA,Cédula Ciudadanía,Femenino,55,NA,tecnico
Puntos Vive Digital,Secundaria,General,SAN FERNANDO CUBA,Cédula Ciudadanía,Masculino,52,NA,Secundaria
Puntos Vive Digital,tecnico,General,SAN FERNANDO CUBA,Cédula Ciudadanía,Femenino,41,NA,tecnico
Puntos Vive Digital,tecnico,General,SAN FERNANDO CUBA,Cédula Ciudadanía,Femenino,49,NA,tecnico
Puntos Vive Digital,tecnico,General,SAN FERNANDO CUBA,Cédula Ciudadanía,Femenino,42,NA,tecnico
Puntos Vive Digital,universitario,General,SAN FERNANDO CUBA,Cédula Ciudadanía,Femenino,60,NA,universitario
Puntos Vive Digital,universitario,General,CENTRO CULUTRAL LUCY TEJADA,Cédula Ciudadanía,Femenino,26,NA,universitario
Puntos Vive Digital,secundaria,General,CENTRO CULUTRAL LUCY TEJADA,Cédula Ciudadanía,Femenino,60,NA,secundaria
Puntos Vive Digital,Primaria,General,El remanso,Tarjeta de Identidad,Masculino,9,mestizo,Primaria
Puntos Vive Digital,Secundaria,General,CENTRO CULUTRAL LUCY TEJADA,Cédula Ciudadanía,Masculino,65,NA,Secundaria
Puntos Vive Digital,Secundaria,General,El remanso,Tarjeta de Identidad,Masculino,13,mestizo,Secundaria
Puntos Vive Digital,Secundaria,General,Centro de Desarrollo Vecinal Villa Consota,Tarjeta de Identidad,Masculino,11,Afrocolombiano,Secundaria
Puntos Vive Digital,Secundaria,General,Centro de Desarrollo Vecinal Villa Consota,Tarjeta de Identidad,Masculino,12,Afrocolombiano,Secundaria
Puntos Vive Digital,secundaria,General,El remanso,Tarjeta de Identidad,Femenino,13,mestizo,secundaria
Puntos Vive Digital,Secundaria,General,Centro de Desarrollo Vecinal Villa Consota,Tarjeta de Identidad,Masculino,12,Afrocolombiano,Secundaria
Puntos Vive Digital,Secundaria,General,Centro de Desarrollo Vecinal Villa Consota,Tarjeta de Identidad,Masculino,13,Afrocolombiano,Secundaria
Puntos Vive Digital,Primaria,General,El remanso,Tarjeta de Identidad,Masculino,7,mestizo,Primaria
Puntos Vive Digital,Primaria,General,Centro de Desarrollo Vecinal Villa Consota,Tarjeta de Identidad,Masculino,9,mestizo,Primaria
Puntos Vive Digital,secundaria,General,Centro Administrativo La Bella,Tarjeta de Identidad,Femenino,13,NA,secundaria
Puntos Vive Digital,secundaria,General,Centro Administrativo La Bella,Tarjeta de Identidad,Femenino,14,NA,secundaria
Puntos Vive Digital,Primaria,General,El remanso,Tarjeta de Identidad,Masculino,8,Afrocolombiano,Primaria
Puntos Vive Digital,primaria,General,El remanso,Tarjeta de Identidad,Femenino,10,Afrocolombiano,primaria
Puntos Vive Digital,Primaria,General,Centro Administrativo La Bella,Tarjeta de Identidad,Masculino,9,NA,Primaria
Puntos Vive Digital,primaria,General,Centro Administrativo La Bella,Tarjeta de Identidad,Femenino,9,NA,primaria
Puntos Vive Digital,Primaria,General,Centro Administrativo La Bella,Tarjeta de Identidad,Masculino,11,NA,Primaria
Puntos Vive Digital,Secundaria,General,Centro de Desarrollo Vecinal Villa Consota,Tarjeta de Identidad,Masculino,12,mestizo,Secundaria
Puntos Vive Digital,primaria,General,Centro Administrativo La Bella,Tarjeta de Identidad,Femenino,8,NA,primaria
Puntos Vive Digital,Secundaria,General,Centro de Desarrollo Vecinal Villa Consota,Tarjeta de Identidad,Masculino,13,mestizo,Secundaria
Puntos Vive Digital,secundaria,General,Centro Administrativo La Bella,Tarjeta de Identidad,Femenino,16,NA,secundaria
Puntos Vive Digital,secundaria,General,Centro Administrativo La Bella,Tarjeta de Identidad,Femenino,13,NA,secundaria
Puntos Vive Digital,Secundaria,General,Centro de Desarrollo Vecinal Villa Consota,Tarjeta de Identidad,Masculino,11,Afrocolombiano,Secundaria
Puntos Vive Digital,Primaria,General,Centro de Desarrollo Vecinal Villa Consota,Tarjeta de Identidad,Masculino,9,mestizo,Primaria
Puntos Vive Digital,Secundaria,General,Centro de Desarrollo Vecinal Villa Consota,Tarjeta de Identidad,Masculino,14,mestizo,Secundaria
Puntos Vive Digital,Secundaria,General,CENTRO CULUTRAL LUCY TEJADA,Permiso por Protección Temporal,Masculino,16,NA,Secundaria
Puntos Vive Digital,universitario,General,CENTRO CULUTRAL LUCY TEJADA,Cédula Ciudadanía,Masculino,48,NA,universitario
Puntos Vive Digital,Secundaria,General,CENTRO CULUTRAL LUCY TEJADA,Cédula Ciudadanía,Masculino,45,NA,Secundaria
Puntos Vive Digital,NA,General,El remanso,Cédula Ciudadanía,Masculino,26,mestizo,NA
Puntos Vive Digital,Primaria,General,El remanso,Tarjeta de Identidad,Masculino,9,mestizo,Primaria
Puntos Vive Digital,Secundaria,General,El remanso,Tarjeta de Identidad,Masculino,13,mestizo,Secundaria
Puntos Vive Digital,Primaria,General,El remanso,Tarjeta de Identidad,Masculino,9,Afrocolombiano,Primaria
Puntos Vive Digital,Primaria,General,El remanso,Tarjeta de Identidad,Masculino,14,mestizo,Primaria
Puntos Vive Digital,Primaria,General,El remanso,Tarjeta de Identidad,Masculino,12,mestizo,Primaria
Puntos Vive Digital,Secundaria,General,El remanso,Tarjeta de Identidad,Masculino,15,mestizo,Secundaria
Puntos Vive Digital,primaria,General,El remanso,Tarjeta de Identidad,Femenino,11,mestizo,primaria
Puntos Vive Digital,Primaria,General,El remanso,Tarjeta de Identidad,Masculino,12,Afrocolombiano,Primaria
Puntos Vive Digital,Primaria,General,El remanso,Tarjeta de Identidad,Masculino,9,mestizo,Primaria
Puntos Vive Digital,Primaria,General,El remanso,Tarjeta de Identidad,Masculino,12,NA,Primaria
Puntos Vive Digital,Primaria,General,El remanso,Tarjeta de Identidad,Masculino,10,mestizo,Primaria
Puntos Vive Digital,Secundaria,General,CENTRO CULUTRAL LUCY TEJADA,Cédula Ciudadanía,Masculino,42,NA,Secundaria
Puntos Vive Digital,universitario,General,CENTRO CULUTRAL LUCY TEJADA,Cédula Ciudadanía,Femenino,31,mestizo,universitario
Puntos Vive Digital,Secundaria,General,CENTRO CULUTRAL LUCY TEJADA,Cédula Ciudadanía,Masculino,49,mestizo,Secundaria
Puntos Vive Digital,Secundaria,General,CENTRO CULUTRAL LUCY TEJADA,Cédula Ciudadanía,Masculino,25,NA,Secundaria
Puntos Vive Digital,Secundaria,General,CENTRO CULUTRAL LUCY TEJADA,Cédula Ciudadanía,Masculino,42,NA,Secundaria
Puntos Vive Digital,Secundaria,General,CENTRO CULUTRAL LUCY TEJADA,Cédula Ciudadanía,Masculino,24,NA,Secundaria
Puntos Vive Digital,secundaria,General,CENTRO CULUTRAL LUCY TEJADA,Cédula Ciudadanía,Femenino,52,NA,secundaria
Puntos Vive Digital,Secundaria,General,CENTRO CULUTRAL LUCY TEJADA,Cédula Ciudadanía,Masculino,62,NA,Secundaria
Puntos Vive Digital,Secundaria,General,CENTRO CULUTRAL LUCY TEJADA,Cédula Ciudadanía,Masculino,43,NA,Secundaria
Puntos Vive Digital,Secundaria,General,Centro Administrativo La Bella,Cédula Ciudadanía,Masculino,23,NA,Secundaria
Puntos Vive Digital,Secundaria,General,SAN FERNANDO CUBA,Cédula Ciudadanía,Masculino,66,NA,Secundaria
Puntos Vive Digital,Secundaria,General,Centro de Desarrollo Vecinal Villa Consota,Tarjeta de Identidad,Masculino,13,mestizo,Secundaria
Puntos Vive Digital,Secundaria,General,CENTRO CULUTRAL LUCY TEJADA,Cédula Ciudadanía,Masculino,60,NA,Secundaria
Puntos Vive Digital,tecnico,General,CENTRO CULUTRAL LUCY TEJADA,Cédula Ciudadanía,Femenino,52,NA,tecnico
Puntos Vive Digital,postgrado,General,CENTRO CULUTRAL LUCY TEJADA,Cédula Ciudadanía,Femenino,-60,NA,postgrado
Puntos Vive Digital,tecnico,General,CENTRO CULUTRAL LUCY TEJADA,Cédula Ciudadanía,Femenino,54,NA,tecnico
Puntos Vive Digital,Secundaria,General,CENTRO CULUTRAL LUCY TEJADA,Cédula Ciudadanía,Masculino,42,NA,Secundaria
Puntos Vive Digital,primaria,General,SAN FERNANDO CUBA,Cédula Ciudadanía,Femenino,46,NA,primaria
Puntos Vive Digital,secundaria,General,CENTRO CULUTRAL LUCY TEJADA,Cédula Ciudadanía,Femenino,61,NA,secundaria
Puntos Vive Digital,tecnico,General,SAN FERNANDO CUBA,Cédula Ciudadanía,Femenino,55,NA,tecnico
Puntos Vive Digital,Secundaria,General,Centro de Desarrollo Vecinal Villa Consota,Tarjeta de Identidad,Masculino,14,Afrocolombiano,Secundaria
Puntos Vive Digital,Secundaria,General,Centro de Desarrollo Vecinal Villa Consota,Tarjeta de Identidad,Masculino,17,Afrocolombiano,Secundaria
Puntos Vive Digital,Secundaria,General,CENTRO CULUTRAL LUCY TEJADA,Cédula Ciudadanía,Masculino,33,NA,Secundaria
Puntos Vive Digital,secundaria,General,CENTRO CULUTRAL LUCY TEJADA,Cédula Ciudadanía,Femenino,62,NA,secundaria
Puntos Vive Digital,tecnico,General,SAN FERNANDO CUBA,Cédula Ciudadanía,Femenino,42,NA,tecnico
Puntos Vive Digital,secundaria,General,SAN FERNANDO CUBA,Cédula Ciudadanía,Femenino,46,NA,secundaria
Puntos Vive Digital,Secundaria,General,SAN FERNANDO CUBA,Cédula Ciudadanía,Masculino,52,NA,Secundaria
Puntos Vive Digital,tecnico,General,SAN FERNANDO CUBA,Cédula Ciudadanía,Femenino,39,NA,tecnico
Puntos Vive Digital,secundaria,General,SAN FERNANDO CUBA,Cédula Ciudadanía,Femenino,35,NA,secundaria
Puntos Vive Digital,tecnico,General,SAN FERNANDO CUBA,Cédula Ciudadanía,Femenino,49,NA,tecnico
Puntos Vive Digital,tecnico,General,SAN FERNANDO CUBA,Cédula Ciudadanía,Femenino,44,NA,tecnico
Puntos Vive Digital,tecnico,General,SAN FERNANDO CUBA,Cédula Ciudadanía,Femenino,53,NA,tecnico
Puntos Vive Digital,Secundaria,General,CENTRO CULUTRAL LUCY TEJADA,Cédula Ciudadanía,Masculino,42,NA,Secundaria
Puntos Vive Digital,Primaria,General,Centro Administrativo La Bella,Tarjeta de Identidad,Masculino,11,NA,Primaria
Puntos Vive Digital,Primaria,General,Centro Administrativo La Bella,Tarjeta de Identidad,Masculino,11,NA,Primaria
Puntos Vive Digital,Secundaria,General,El remanso,Cédula Ciudadanía,Masculino,20,Afrocolombiano,Secundaria
Puntos Vive Digital,primaria,General,El remanso,Tarjeta de Identidad,Femenino,8,mestizo,primaria
Puntos Vive Digital,primaria,General,El remanso,Tarjeta de Identidad,Femenino,10,Afrocolombiano,primaria
Puntos Vive Digital,Primaria,General,El remanso,Tarjeta de Identidad,Masculino,8,Afrocolombiano,Primaria
Puntos Vive Digital,Primaria,General,El remanso,Tarjeta de Identidad,Masculino,12,NA,Primaria
Puntos Vive Digital,Primaria,General,El remanso,Tarjeta de Identidad,Masculino,10,mestizo,Primaria
Puntos Vive Digital,secundaria,General,Centro Administrativo La Bella,Tarjeta de Identidad,Femenino,13,NA,secundaria
Puntos Vive Digital,Secundaria,General,CENTRO CULUTRAL LUCY TEJADA,Cédula Extranjería,Masculino,16,mestizo,Secundaria
Puntos Vive Digital,Tecnico,General,CENTRO CULUTRAL LUCY TEJADA,Cédula Ciudadanía,Masculino,36,NA,Tecnico
Puntos Vive Digital,Secundaria,General,CENTRO CULUTRAL LUCY TEJADA,Permiso por Protección Temporal,Masculino,16,NA,Secundaria
Puntos Vive Digital,Primaria,General,El remanso,Tarjeta de Identidad,Masculino,9,mestizo,Primaria
Puntos Vive Digital,primaria,General,El remanso,Tarjeta de Identidad,Femenino,10,mestizo,primaria
Puntos Vive Digital,Primaria,General,Centro Administrativo La Bella,Tarjeta de Identidad,Masculino,12,NA,Primaria
Puntos Vive Digital,primaria,General,Centro Administrativo La Bella,Tarjeta de Identidad,Femenino,9,NA,primaria
Puntos Vive Digital,Tecnico,General,CENTRO CULUTRAL LUCY TEJADA,Tarjeta de Identidad,Masculino,17,NA,Tecnico
Puntos Vive Digital,Tecnico,General,CENTRO CULUTRAL LUCY TEJADA,Cédula Ciudadanía,Masculino,19,NA,Tecnico
Puntos Vive Digital,primaria,General,Centro de Desarrollo Vecinal Villa Consota,Tarjeta de Identidad,Femenino,10,Afrocolombiano,primaria
Puntos Vive Digital,Secundaria,General,Centro de Desarrollo Vecinal Villa Consota,Tarjeta de Identidad,Masculino,13,mestizo,Secundaria
Puntos Vive Digital,Primaria,General,El remanso,Tarjeta de Identidad,Masculino,11,Afrocolombiano,Primaria
Puntos Vive Digital,primaria,General,El remanso,Tarjeta de Identidad,Femenino,10,Afrocolombiano,primaria
Puntos Vive Digital,universitario,General,CENTRO CULUTRAL LUCY TEJADA,Cédula Ciudadanía,Masculino,48,NA,universitario
Puntos Vive Digital,Secundaria,General,SAN FERNANDO CUBA,Cédula Ciudadanía,Masculino,18,NA,Secundaria
Puntos Vive Digital,Secundaria,General,El remanso,Cédula Ciudadanía,Masculino,22,Afrocolombiano,Secundaria
Puntos Vive Digital,Primaria,General,El remanso,Tarjeta de Identidad,Masculino,14,mestizo,Primaria
Puntos Vive Digital,NA,General,El remanso,Cédula Ciudadanía,Masculino,26,mestizo,NA
Puntos Vive Digital,Primaria,General,El remanso,Tarjeta de Identidad,Masculino,12,mestizo,Primaria
Puntos Vive Digital,Primaria,General,El remanso,Tarjeta de Identidad,Masculino,13,mestizo,Primaria
Puntos Vive Digital,Secundaria,General,El remanso,Tarjeta de Identidad,Masculino,15,mestizo,Secundaria
Puntos Vive Digital,primaria,General,El remanso,Tarjeta de Identidad,Femenino,11,mestizo,primaria
Puntos Vive Digital,Secundaria,General,CENTRO CULUTRAL LUCY TEJADA,Cédula Ciudadanía,Masculino,49,mestizo,Secundaria
Puntos Vive Digital,Secundaria,General,CENTRO CULUTRAL LUCY TEJADA,Cédula Ciudadanía,Masculino,24,NA,Secundaria
Puntos Vive Digital,secundaria,General,CENTRO CULUTRAL LUCY TEJADA,Cédula Ciudadanía,Femenino,52,NA,secundaria
Puntos Vive Digital,universitario,General,CENTRO CULUTRAL LUCY TEJADA,Cédula Ciudadanía,Femenino,31,mestizo,universitario
Puntos Vive Digital,Secundaria,General,CENTRO CULUTRAL LUCY TEJADA,Cédula Ciudadanía,Masculino,43,NA,Secundaria
Puntos Vive Digital,Secundaria,General,CENTRO CULUTRAL LUCY TEJADA,Cédula Ciudadanía,Masculino,43,NA,Secundaria
Puntos Vive Digital,Secundaria,General,CENTRO CULUTRAL LUCY TEJADA,Cédula Ciudadanía,Masculino,62,NA,Secundaria
Puntos Vive Digital,Secundaria,General,Centro de Desarrollo Vecinal Villa Consota,Tarjeta de Identidad,Masculino,14,mestizo,Secundaria
Puntos Vive Digital,Secundaria,General,Centro de Desarrollo Vecinal Villa Consota,Tarjeta de Identidad,Masculino,12,mestizo,Secundaria
Puntos Vive Digital,Secundaria,General,Centro de Desarrollo Vecinal Villa Consota,Tarjeta de Identidad,Masculino,13,mestizo,Secundaria
Puntos Vive Digital,Secundaria,General,Centro Administrativo La Bella,Tarjeta de Identidad,Masculino,17,NA,Secundaria
Puntos Vive Digital,Secundaria,General,Centro Administrativo La Bella,Cédula Ciudadanía,Masculino,23,NA,Secundaria
Puntos Vive Digital,secundaria,General,CENTRO CULUTRAL LUCY TEJADA,Cédula Ciudadanía,Femenino,54,NA,secundaria
Puntos Vive Digital,Secundaria,General,Centro de Desarrollo Vecinal Villa Consota,Tarjeta de Identidad,Masculino,11,Afrocolombiano,Secundaria
Puntos Vive Digital,Primaria,General,Centro de Desarrollo Vecinal Villa Consota,Tarjeta de Identidad,Masculino,9,mestizo,Primaria
Puntos Vive Digital,primaria,General,CENTRO CULUTRAL LUCY TEJADA,Cédula Ciudadanía,Femenino,71,NA,primaria
Puntos Vive Digital,primaria,General,CENTRO CULUTRAL LUCY TEJADA,Cédula Ciudadanía,Femenino,63,NA,primaria
Puntos Vive Digital,Secundaria,General,CENTRO CULUTRAL LUCY TEJADA,Cédula Ciudadanía,Masculino,82,NA,Secundaria
Puntos Vive Digital,Secundaria,General,CENTRO CULUTRAL LUCY TEJADA,Cédula Ciudadanía,Masculino,60,NA,Secundaria
Puntos Vive Digital,universitario,General,CENTRO CULUTRAL LUCY TEJADA,Cédula Ciudadanía,Femenino,69,NA,universitario
Puntos Vive Digital,primaria,General,CENTRO CULUTRAL LUCY TEJADA,Cédula Ciudadanía,Femenino,64,NA,primaria
Puntos Vive Digital,postgrado,General,CENTRO CULUTRAL LUCY TEJADA,Cédula Ciudadanía,Femenino,62,NA,postgrado
Puntos Vive Digital,postgrado,General,CENTRO CULUTRAL LUCY TEJADA,Otro,Masculino,70,NA,postgrado
Puntos Vive Digital,Secundaria,General,CENTRO CULUTRAL LUCY TEJADA,Cédula Ciudadanía,Masculino,71,NA,Secundaria
Puntos Vive Digital,primaria,General,CENTRO CULUTRAL LUCY TEJADA,Cédula Ciudadanía,Femenino,61,NA,primaria
Puntos Vive Digital,Secundaria,General,CENTRO CULUTRAL LUCY TEJADA,Cédula Ciudadanía,Masculino,61,NA,Secundaria
Puntos Vive Digital,secundaria,General,CENTRO CULUTRAL LUCY TEJADA,Cédula Ciudadanía,Femenino,70,NA,secundaria
Puntos Vive Digital,secundaria,General,CENTRO CULUTRAL LUCY TEJADA,Cédula Ciudadanía,Femenino,72,NA,secundaria
Puntos Vive Digital,primaria,General,CENTRO CULUTRAL LUCY TEJADA,Cédula Ciudadanía,Femenino,63,NA,primaria
Puntos Vive Digital,secundaria,General,CENTRO CULUTRAL LUCY TEJADA,Cédula Ciudadanía,Femenino,82,NA,secundaria
Puntos Vive Digital,secundaria,General,CENTRO CULUTRAL LUCY TEJADA,Cédula Ciudadanía,Femenino,65,NA,secundaria
Puntos Vive Digital,tecnologico,General,CENTRO CULUTRAL LUCY TEJADA,Cédula Ciudadanía,Masculino,38,NA,tecnologico
Puntos Vive Digital,secundaria,General,CENTRO CULUTRAL LUCY TEJADA,Cédula Ciudadanía,Femenino,72,NA,secundaria
Puntos Vive Digital,Secundaria,General,CENTRO CULUTRAL LUCY TEJADA,Cédula Ciudadanía,Masculino,58,NA,Secundaria
Puntos Vive Digital,secundaria,General,CENTRO CULUTRAL LUCY TEJADA,Cédula Ciudadanía,Femenino,62,NA,secundaria
Puntos Vive Digital,tecnologico,General,CENTRO CULUTRAL LUCY TEJADA,Cédula Ciudadanía,Masculino,38,NA,tecnologico
Puntos Vive Digital,primaria,General,CENTRO CULUTRAL LUCY TEJADA,Cédula Ciudadanía,Femenino,56,NA,primaria
Puntos Vive Digital,postgrado,General,CENTRO CULUTRAL LUCY TEJADA,Cédula Ciudadanía,Femenino,74,NA,postgrado
Puntos Vive Digital,Secundaria,General,CENTRO CULUTRAL LUCY TEJADA,Cédula Ciudadanía,Masculino,78,NA,Secundaria
Puntos Vive Digital,universitario,General,CENTRO CULUTRAL LUCY TEJADA,Cédula Ciudadanía,Masculino,57,NA,universitario
Puntos Vive Digital,secundaria,General,CENTRO CULUTRAL LUCY TEJADA,Cédula Ciudadanía,Femenino,71,NA,secundaria
Puntos Vive Digital,Secundaria,General,CENTRO CULUTRAL LUCY TEJADA,Cédula Ciudadanía,Masculino,61,NA,Secundaria
Puntos Vive Digital,Secundaria,General,CENTRO CULUTRAL LUCY TEJADA,Cédula Ciudadanía,Masculino,71,NA,Secundaria
Puntos Vive Digital,universitario,General,CENTRO CULUTRAL LUCY TEJADA,Cédula Ciudadanía,Masculino,57,NA,universitario
Puntos Vive Digital,postgrado,General,CENTRO CULUTRAL LUCY TEJADA,Cédula Ciudadanía,Femenino,74,NA,postgrado
Puntos Vive Digital,postgrado,General,CENTRO CULUTRAL LUCY TEJADA,Cédula Ciudadanía,Femenino,74,NA,postgrado
Puntos Vive Digital,secundaria,General,CENTRO CULUTRAL LUCY TEJADA,Cédula Ciudadanía,Femenino,57,NA,secundaria
Puntos Vive Digital,universitario,General,CENTRO CULUTRAL LUCY TEJADA,Cédula Ciudadanía,Masculino,57,NA,universitario
Puntos Vive Digital,Secundaria,General,CENTRO CULUTRAL LUCY TEJADA,Cédula Ciudadanía,Masculino,58,NA,Secundaria
Puntos Vive Digital,universitario,General,CENTRO CULUTRAL LUCY TEJADA,Cédula Ciudadanía,Femenino,69,NA,universitario
Puntos Vive Digital,Primaria,General,Centro de Desarrollo Vecinal Villa Consota,Registro Civil,Masculino,7,mestizo,Primaria
Puntos Vive Digital,Secundaria,General,Centro de Desarrollo Vecinal Villa Consota,Tarjeta de Identidad,Masculino,14,Afrocolombiano,Secundaria
Puntos Vive Digital,Secundaria,General,Centro de Desarrollo Vecinal Villa Consota,Tarjeta de Identidad,Masculino,17,Afrocolombiano,Secundaria
Puntos Vive Digital,Tecnico,General,CENTRO CULUTRAL LUCY TEJADA,Cédula Ciudadanía,Masculino,59,NA,Tecnico
Puntos Vive Digital,universitario,General,CENTRO CULUTRAL LUCY TEJADA,Cédula Ciudadanía,Masculino,78,NA,universitario
Puntos Vive Digital,Secundaria,General,CENTRO CULUTRAL LUCY TEJADA,Cédula Ciudadanía,Masculino,33,NA,Secundaria
Puntos Vive Digital,universitario,General,CENTRO CULUTRAL LUCY TEJADA,Cédula Ciudadanía,Masculino,75,NA,universitario
Puntos Vive Digital,secundaria,General,CENTRO CULUTRAL LUCY TEJADA,Cédula Ciudadanía,Femenino,57,NA,secundaria
Puntos Vive Digital,Secundaria,General,CENTRO CULUTRAL LUCY TEJADA,Cédula Ciudadanía,Masculino,43,NA,Secundaria
Puntos Vive Digital,Primaria,General,Centro Administrativo La Bella,Tarjeta de Identidad,Masculino,12,NA,Primaria
Puntos Vive Digital,Primaria,General,El remanso,Tarjeta de Identidad,Masculino,9,mestizo,Primaria
Puntos Vive Digital,secundaria,General,El remanso,Tarjeta de Identidad,Femenino,13,mestizo,secundaria
Puntos Vive Digital,Primaria,General,El remanso,Tarjeta de Identidad,Masculino,12,NA,Primaria
Puntos Vive Digital,tecnico,General,CENTRO CULUTRAL LUCY TEJADA,Cédula Ciudadanía,Femenino,32,NA,tecnico
Puntos Vive Digital,Primaria,General,Centro Administrativo La Bella,Tarjeta de Identidad,Masculino,11,NA,Primaria
Puntos Vive Digital,primaria,General,El remanso,Tarjeta de Identidad,Femenino,8,Afrocolombiano,primaria
Puntos Vive Digital,Tecnico,General,CENTRO CULUTRAL LUCY TEJADA,Cédula Ciudadanía,Masculino,59,NA,Tecnico
Puntos Vive Digital,primaria,General,SAN FERNANDO CUBA,Tarjeta de Identidad,Femenino,9,NA,primaria
Puntos Vive Digital,Primaria,General,El remanso,Tarjeta de Identidad,Masculino,9,mestizo,Primaria
Puntos Vive Digital,primaria,General,Centro de Desarrollo Vecinal Villa Consota,Tarjeta de Identidad,Femenino,10,Afrocolombiano,primaria
Puntos Vive Digital,Primaria,General,Centro Administrativo La Bella,Tarjeta de Identidad,Masculino,10,NA,Primaria
Puntos Vive Digital,primaria,General,Centro Administrativo La Bella,Tarjeta de Identidad,Femenino,10,NA,primaria
Puntos Vive Digital,Secundaria,General,Centro Administrativo La Bella,Cédula Ciudadanía,Masculino,23,NA,Secundaria
Puntos Vive Digital,Secundaria,General,Centro Administrativo La Bella,Tarjeta de Identidad,Masculino,17,NA,Secundaria
Puntos Vive Digital,primaria,General,Centro Administrativo La Bella,Tarjeta de Identidad,Femenino,9,NA,primaria
Puntos Vive Digital,Primaria,General,El remanso,Tarjeta de Identidad,Masculino,11,mestizo,Primaria
Puntos Vive Digital,Secundaria,General,Centro de Desarrollo Vecinal Villa Consota,Tarjeta de Identidad,Masculino,12,Afrocolombiano,Secundaria
Puntos Vive Digital,Secundaria,General,CENTRO CULUTRAL LUCY TEJADA,Cédula Ciudadanía,Masculino,45,NA,Secundaria
Puntos Vive Digital,Primaria,General,SAN FERNANDO CUBA,Cédula Ciudadanía,Masculino,60,NA,Primaria
Puntos Vive Digital,Primaria,General,El remanso,Tarjeta de Identidad,Masculino,12,NA,Primaria
Puntos Vive Digital,Secundaria,General,SAN FERNANDO CUBA,Tarjeta de Identidad,Masculino,11,NA,Secundaria
Puntos Vive Digital,Secundaria,General,SAN FERNANDO CUBA,Tarjeta de Identidad,Masculino,11,NA,Secundaria
Puntos Vive Digital,Primaria,General,El remanso,Tarjeta de Identidad,Masculino,10,mestizo,Primaria
Puntos Vive Digital,universitario,General,SAN FERNANDO CUBA,Cédula Ciudadanía,Femenino,39,NA,universitario
Puntos Vive Digital,Primaria,General,El remanso,Tarjeta de Identidad,Masculino,8,Afrocolombiano,Primaria
Puntos Vive Digital,primaria,General,El remanso,Tarjeta de Identidad,Femenino,8,mestizo,primaria
Puntos Vive Digital,primaria,General,El remanso,Tarjeta de Identidad,Femenino,10,Afrocolombiano,primaria
Puntos Vive Digital,Primaria,General,El remanso,Tarjeta de Identidad,Masculino,9,mestizo,Primaria
Puntos Vive Digital,Primaria,General,El remanso,Tarjeta de Identidad,Masculino,9,Afrocolombiano,Primaria
Puntos Vive Digital,primaria,General,El remanso,Tarjeta de Identidad,Femenino,8,mestizo,primaria
Puntos Vive Digital,Tecnico,General,SAN FERNANDO CUBA,Cédula Ciudadanía,Masculino,64,NA,Tecnico
Puntos Vive Digital,tecnico,General,CENTRO CULUTRAL LUCY TEJADA,Cédula Ciudadanía,Femenino,54,NA,tecnico
Puntos Vive Digital,Secundaria,General,SAN FERNANDO CUBA,Cédula Ciudadanía,Masculino,18,NA,Secundaria
Puntos Vive Digital,secundaria,General,CENTRO CULUTRAL LUCY TEJADA,Cédula Ciudadanía,Femenino,62,NA,secundaria
Puntos Vive Digital,Secundaria,General,CENTRO CULUTRAL LUCY TEJADA,Cédula Ciudadanía,Masculino,25,NA,Secundaria
Puntos Vive Digital,tecnico,General,CENTRO CULUTRAL LUCY TEJADA,Cédula Ciudadanía,Femenino,52,NA,tecnico
Puntos Vive Digital,Secundaria,General,CENTRO CULUTRAL LUCY TEJADA,Cédula Ciudadanía,Masculino,34,NA,Secundaria
Puntos Vive Digital,secundaria,General,CENTRO CULUTRAL LUCY TEJADA,Cédula Ciudadanía,Femenino,68,NA,secundaria
Puntos Vive Digital,universitario,General,CENTRO CULUTRAL LUCY TEJADA,Cédula Ciudadanía,Femenino,63,NA,universitario
Puntos Vive Digital,postgrado,General,CENTRO CULUTRAL LUCY TEJADA,Cédula Ciudadanía,Femenino,-60,NA,postgrado
Puntos Vive Digital,secundaria,General,CENTRO CULUTRAL LUCY TEJADA,Cédula Ciudadanía,Femenino,58,NA,secundaria
Puntos Vive Digital,secundaria,General,CENTRO CULUTRAL LUCY TEJADA,Cédula Ciudadanía,Femenino,31,NA,secundaria
Puntos Vive Digital,tecnico,General,CENTRO CULUTRAL LUCY TEJADA,Cédula Ciudadanía,Femenino,54,NA,tecnico
Puntos Vive Digital,Primaria,General,CENTRO CULUTRAL LUCY TEJADA,Cédula Ciudadanía,Masculino,67,mestizo,Primaria
Puntos Vive Digital,secundaria,General,CENTRO CULUTRAL LUCY TEJADA,Cédula Ciudadanía,Femenino,27,NA,secundaria
Puntos Vive Digital,secundaria,General,CENTRO CULUTRAL LUCY TEJADA,Cédula Ciudadanía,Femenino,69,NA,secundaria
Puntos Vive Digital,Secundaria,General,SAN FERNANDO CUBA,Cédula Ciudadanía,Masculino,18,NA,Secundaria
Puntos Vive Digital,Secundaria,General,SAN FERNANDO CUBA,Cédula Ciudadanía,Masculino,66,NA,Secundaria
Puntos Vive Digital,Secundaria,General,Centro de Desarrollo Vecinal Villa Consota,Tarjeta de Identidad,Masculino,13,mestizo,Secundaria
Puntos Vive Digital,Primaria,General,Centro de Desarrollo Vecinal Villa Consota,Tarjeta de Identidad,Masculino,9,mestizo,Primaria
Puntos Vive Digital,Tecnico,General,SAN FERNANDO CUBA,Cédula Ciudadanía,Masculino,64,NA,Tecnico
Puntos Vive Digital,Primaria,General,Centro de Desarrollo Vecinal Villa Consota,Registro Civil,Masculino,7,mestizo,Primaria
Puntos Vive Digital,Secundaria,General,Centro de Desarrollo Vecinal Villa Consota,Tarjeta de Identidad,Masculino,14,Afrocolombiano,Secundaria
Puntos Vive Digital,Secundaria,General,Centro de Desarrollo Vecinal Villa Consota,Tarjeta de Identidad,Masculino,17,Afrocolombiano,Secundaria
Puntos Vive Digital,secundaria,General,CENTRO CULUTRAL LUCY TEJADA,Cédula Ciudadanía,Femenino,40,NA,secundaria
Puntos Vive Digital,secundaria,General,CENTRO CULUTRAL LUCY TEJADA,Cédula Ciudadanía,Femenino,62,mestizo,secundaria
Puntos Vive Digital,secundaria,General,CENTRO CULUTRAL LUCY TEJADA,Cédula Ciudadanía,Femenino,53,NA,secundaria
Puntos Vive Digital,tecnico,General,CENTRO CULUTRAL LUCY TEJADA,Cédula Ciudadanía,Femenino,31,NA,tecnico
Puntos Vive Digital,NA,General,El remanso,Cédula Ciudadanía,Masculino,26,mestizo,NA
Puntos Vive Digital,Secundaria,General,El remanso,Tarjeta de Identidad,Masculino,10,mestizo,Secundaria
Puntos Vive Digital,Secundaria,General,CENTRO CULUTRAL LUCY TEJADA,Cédula Ciudadanía,Masculino,60,NA,Secundaria
Puntos Vive Digital,Secundaria,General,CENTRO CULUTRAL LUCY TEJADA,Cédula Ciudadanía,Masculino,33,NA,Secundaria
Puntos Vive Digital,Primaria,General,Centro Administrativo La Bella,Tarjeta de Identidad,Masculino,11,NA,Primaria
Puntos Vive Digital,Secundaria,General,El remanso,Tarjeta de Identidad,Masculino,11,mestizo,Secundaria
Puntos Vive Digital,Primaria,General,El remanso,Tarjeta de Identidad,Masculino,9,mestizo,Primaria
Puntos Vive Digital,secundaria,General,El remanso,Tarjeta de Identidad,Femenino,13,mestizo,secundaria
Puntos Vive Digital,Primaria,General,El remanso,Tarjeta de Identidad,Masculino,14,NA,Primaria
Puntos Vive Digital,Secundaria,General,El remanso,Tarjeta de Identidad,Masculino,12,Afrocolombiano,Secundaria
Puntos Vive Digital,primaria,General,El remanso,Tarjeta de Identidad,Femenino,8,mestizo,primaria
Puntos Vive Digital,primaria,General,El remanso,Tarjeta de Identidad,Femenino,8,mestizo,primaria
Puntos Vive Digital,primaria,General,El remanso,Tarjeta de Identidad,Femenino,10,Afrocolombiano,primaria
Puntos Vive Digital,primaria,General,El remanso,Tarjeta de Identidad,Femenino,10,Afrocolombiano,primaria
Puntos Vive Digital,primaria,General,El remanso,Tarjeta de Identidad,Femenino,11,mestizo,primaria
Puntos Vive Digital,Secundaria,General,El remanso,Tarjeta de Identidad,Masculino,15,mestizo,Secundaria
Puntos Vive Digital,Primaria,General,El remanso,Tarjeta de Identidad,Masculino,14,mestizo,Primaria
Puntos Vive Digital,Secundaria,General,El remanso,Cédula Ciudadanía,Masculino,22,Afrocolombiano,Secundaria
Puntos Vive Digital,Secundaria,General,El remanso,Cédula Ciudadanía,Masculino,22,Afrocolombiano,Secundaria
Puntos Vive Digital,Primaria,General,El remanso,Cédula Ciudadanía,Masculino,19,NA,Primaria
Puntos Vive Digital,Primaria,General,El remanso,Tarjeta de Identidad,Masculino,10,mestizo,Primaria
Puntos Vive Digital,primaria,General,El remanso,Tarjeta de Identidad,Femenino,10,mestizo,primaria
Puntos Vive Digital,Secundaria,General,Centro Administrativo La Bella,Tarjeta de Identidad,Masculino,12,NA,Secundaria
Puntos Vive Digital,Primaria,General,El remanso,Tarjeta de Identidad,Masculino,9,mestizo,Primaria
Puntos Vive Digital,primaria,General,Centro Administrativo La Bella,Tarjeta de Identidad,Femenino,9,NA,primaria
Puntos Vive Digital,Primaria,General,Centro Administrativo La Bella,Tarjeta de Identidad,Masculino,11,NA,Primaria
Puntos Vive Digital,Secundaria,General,Centro Administrativo La Bella,Tarjeta de Identidad,Masculino,17,NA,Secundaria
Puntos Vive Digital,Primaria,General,Centro Administrativo La Bella,Tarjeta de Identidad,Masculino,11,NA,Primaria
Puntos Vive Digital,Primaria,General,El remanso,Tarjeta de Identidad,Masculino,8,NA,Primaria
Puntos Vive Digital,Secundaria,General,Centro Administrativo La Bella,Cédula Ciudadanía,Masculino,23,NA,Secundaria
Puntos Vive Digital,primaria,General,El remanso,Tarjeta de Identidad,Femenino,10,Afrocolombiano,primaria
Puntos Vive Digital,secundaria,General,CENTRO CULUTRAL LUCY TEJADA,Cédula Ciudadanía,Femenino,64,mestizo,secundaria
Puntos Vive Digital,Secundaria,General,CENTRO CULUTRAL LUCY TEJADA,Cédula Ciudadanía,Masculino,72,mestizo,Secundaria
Puntos Vive Digital,secundaria,General,CENTRO CULUTRAL LUCY TEJADA,Cédula Ciudadanía,Femenino,69,NA,secundaria
Puntos Vive Digital,secundaria,General,CENTRO CULUTRAL LUCY TEJADA,Cédula Ciudadanía,Femenino,62,mestizo,secundaria
Puntos Vive Digital,secundaria,General,CENTRO CULUTRAL LUCY TEJADA,Cédula Ciudadanía,Femenino,27,NA,secundaria
Puntos Vive Digital,secundaria,General,CENTRO CULUTRAL LUCY TEJADA,Cédula Ciudadanía,Femenino,31,NA,secundaria
Puntos Vive Digital,tecnico,General,CENTRO CULUTRAL LUCY TEJADA,Cédula Ciudadanía,Femenino,31,NA,tecnico
Puntos Vive Digital,Secundaria,General,Centro de Desarrollo Vecinal Villa Consota,Tarjeta de Identidad,Masculino,13,mestizo,Secundaria
Puntos Vive Digital,Secundaria,General,Centro de Desarrollo Vecinal Villa Consota,Tarjeta de Identidad,Masculino,14,Afrocolombiano,Secundaria
Puntos Vive Digital,Secundaria,General,Centro de Desarrollo Vecinal Villa Consota,Tarjeta de Identidad,Masculino,17,Afrocolombiano,Secundaria
Puntos Vive Digital,NA,General,El remanso,Cédula Ciudadanía,Masculino,26,mestizo,NA
Puntos Vive Digital,secundaria,General,CENTRO CULUTRAL LUCY TEJADA,Cédula Ciudadanía,Femenino,54,NA,secundaria
Puntos Vive Digital,tecnico,General,CENTRO CULUTRAL LUCY TEJADA,Cédula Ciudadanía,Femenino,54,NA,tecnico
Puntos Vive Digital,secundaria,General,CENTRO CULUTRAL LUCY TEJADA,Cédula Ciudadanía,Femenino,71,NA,secundaria
Puntos Vive Digital,secundaria,General,CENTRO CULUTRAL LUCY TEJADA,Cédula Ciudadanía,Femenino,57,NA,secundaria
Puntos Vive Digital,secundaria,General,CENTRO CULUTRAL LUCY TEJADA,Cédula Ciudadanía,Femenino,53,NA,secundaria
Puntos Vive Digital,Secundaria,General,El remanso,Cédula Ciudadanía,Masculino,40,mestizo,Secundaria
Puntos Vive Digital,Secundaria,General,CENTRO CULUTRAL LUCY TEJADA,Cédula Ciudadanía,Masculino,33,NA,Secundaria
Puntos Vive Digital,Tecnico,General,CENTRO CULUTRAL LUCY TEJADA,Cédula Ciudadanía,Masculino,59,NA,Tecnico
Puntos Vive Digital,universitario,General,CENTRO CULUTRAL LUCY TEJADA,Cédula Ciudadanía,Masculino,71,NA,universitario
Puntos Vive Digital,Secundaria,General,El remanso,Tarjeta de Identidad,Masculino,13,mestizo,Secundaria
Puntos Vive Digital,Primaria,General,Centro Administrativo La Bella,Tarjeta de Identidad,Masculino,12,NA,Primaria
Puntos Vive Digital,Primaria,General,El remanso,Tarjeta de Identidad,Masculino,14,Afrocolombiano,Primaria
Puntos Vive Digital,Primaria,General,Centro Administrativo La Bella,Tarjeta de Identidad,Masculino,11,NA,Primaria
Puntos Vive Digital,primaria,General,CENTRO CULUTRAL LUCY TEJADA,Cédula Ciudadanía,Femenino,1,NA,primaria
Puntos Vive Digital,Secundaria,General,El remanso,Tarjeta de Identidad,Masculino,12,Afrocolombiano,Secundaria
Puntos Vive Digital,tecnico,General,CENTRO CULUTRAL LUCY TEJADA,Cédula Ciudadanía,Femenino,65,mestizo,tecnico
Puntos Vive Digital,universitario,General,CENTRO CULUTRAL LUCY TEJADA,Cédula Ciudadanía,Femenino,53,NA,universitario
Puntos Vive Digital,Primaria,General,Centro de Desarrollo Vecinal Villa Consota,Registro Civil,Masculino,7,mestizo,Primaria
Puntos Vive Digital,secundaria,General,CENTRO CULUTRAL LUCY TEJADA,Cédula Ciudadanía,Femenino,62,NA,secundaria
Puntos Vive Digital,Primaria,General,Centro de Desarrollo Vecinal Villa Consota,Tarjeta de Identidad,Masculino,9,Afrocolombiano,Primaria
Puntos Vive Digital,secundaria,General,CENTRO CULUTRAL LUCY TEJADA,Cédula Ciudadanía,Femenino,75,NA,secundaria
Puntos Vive Digital,secundaria,General,CENTRO CULUTRAL LUCY TEJADA,Cédula Ciudadanía,Femenino,62,NA,secundaria
Puntos Vive Digital,Secundaria,General,Centro de Desarrollo Vecinal Villa Consota,Tarjeta de Identidad,Masculino,12,Afrocolombiano,Secundaria
Puntos Vive Digital,tecnico,General,CENTRO CULUTRAL LUCY TEJADA,Cédula Ciudadanía,Femenino,65,mestizo,tecnico
Puntos Vive Digital,Secundaria,General,CENTRO CULUTRAL LUCY TEJADA,Cédula Ciudadanía,Masculino,48,NA,Secundaria
Puntos Vive Digital,Secundaria,General,Centro de Desarrollo Vecinal Villa Consota,Tarjeta de Identidad,Masculino,13,mestizo,Secundaria
Puntos Vive Digital,secundaria,General,CENTRO CULUTRAL LUCY TEJADA,Cédula Ciudadanía,Femenino,76,NA,secundaria
Puntos Vive Digital,postgrado,General,CENTRO CULUTRAL LUCY TEJADA,Cédula Ciudadanía,Femenino,-60,NA,postgrado
Puntos Vive Digital,primaria,General,CENTRO CULUTRAL LUCY TEJADA,Cédula Ciudadanía,Femenino,53,NA,primaria
Puntos Vive Digital,tecnico,General,CENTRO CULUTRAL LUCY TEJADA,Cédula Ciudadanía,Femenino,62,NA,tecnico
Puntos Vive Digital,Secundaria,General,CENTRO CULUTRAL LUCY TEJADA,Cédula Ciudadanía,Masculino,63,NA,Secundaria
Puntos Vive Digital,Primaria,General,Centro Administrativo La Bella,Tarjeta de Identidad,Masculino,12,NA,Primaria
Puntos Vive Digital,tecnologico,General,CENTRO CULUTRAL LUCY TEJADA,Cédula Ciudadanía,Femenino,55,mestizo,tecnologico
Puntos Vive Digital,universitario,General,Centro Administrativo La Bella,Tarjeta de Identidad,Masculino,16,NA,universitario
Puntos Vive Digital,primaria,General,CENTRO CULUTRAL LUCY TEJADA,Cédula Ciudadanía,Femenino,60,NA,primaria
Puntos Vive Digital,Secundaria,General,SAN FERNANDO CUBA,Cédula Ciudadanía,Masculino,18,NA,Secundaria
Puntos Vive Digital,universitario,General,CENTRO CULUTRAL LUCY TEJADA,Permiso por Protección Temporal,Femenino,50,NA,universitario
Puntos Vive Digital,Primaria,General,El remanso,Tarjeta de Identidad,Masculino,8,Afrocolombiano,Primaria
Puntos Vive Digital,primaria,General,El remanso,Tarjeta de Identidad,Femenino,10,Afrocolombiano,primaria
Puntos Vive Digital,primaria,General,El remanso,Tarjeta de Identidad,Femenino,8,mestizo,primaria
Puntos Vive Digital,primaria,General,El remanso,Tarjeta de Identidad,Femenino,8,mestizo,primaria
Puntos Vive Digital,primaria,General,El remanso,Tarjeta de Identidad,Femenino,10,Afrocolombiano,primaria
Puntos Vive Digital,Secundaria,General,CENTRO CULUTRAL LUCY TEJADA,Cédula Ciudadanía,Masculino,17,NA,Secundaria
Puntos Vive Digital,Primaria,General,Centro Administrativo La Bella,Tarjeta de Identidad,Masculino,7,NA,Primaria
Puntos Vive Digital,primaria,General,Centro Administrativo La Bella,Tarjeta de Identidad,Femenino,10,NA,primaria
Puntos Vive Digital,Secundaria,General,Centro Administrativo La Bella,Cédula Ciudadanía,Masculino,23,NA,Secundaria
Puntos Vive Digital,Primaria,General,Centro Administrativo La Bella,Tarjeta de Identidad,Masculino,11,NA,Primaria
Puntos Vive Digital,Secundaria,General,Centro Administrativo La Bella,Tarjeta de Identidad,Masculino,17,NA,Secundaria
Puntos Vive Digital,secundaria,General,El remanso,Tarjeta de Identidad,Femenino,13,mestizo,secundaria
Puntos Vive Digital,tecnico,General,CENTRO CULUTRAL LUCY TEJADA,Cédula Ciudadanía,Femenino,37,NA,tecnico
Puntos Vive Digital,secundaria,General,Centro de Desarrollo Vecinal Villa Consota,Tarjeta de Identidad,Femenino,16,mestizo,secundaria
Puntos Vive Digital,Primaria,General,El remanso,Tarjeta de Identidad,Masculino,14,mestizo,Primaria
Puntos Vive Digital,Secundaria,General,El remanso,Cédula Ciudadanía,Masculino,22,Afrocolombiano,Secundaria
Puntos Vive Digital,universitario,General,CENTRO CULUTRAL LUCY TEJADA,Cédula Ciudadanía,Masculino,31,NA,universitario
Puntos Vive Digital,Secundaria,General,El remanso,Tarjeta de Identidad,Masculino,14,mestizo,Secundaria
Puntos Vive Digital,Secundaria,General,El remanso,Tarjeta de Identidad,Masculino,16,mestizo,Secundaria
Puntos Vive Digital,Primaria,General,El remanso,Tarjeta de Identidad,Masculino,9,Afrocolombiano,Primaria
Puntos Vive Digital,Primaria,General,El remanso,Tarjeta de Identidad,Masculino,9,mestizo,Primaria
Puntos Vive Digital,Primaria,General,El remanso,Tarjeta de Identidad,Masculino,12,mestizo,Primaria
Puntos Vive Digital,universitario,General,CENTRO CULUTRAL LUCY TEJADA,Cédula Ciudadanía,Femenino,53,NA,universitario
Puntos Vive Digital,secundaria,General,CENTRO CULUTRAL LUCY TEJADA,Cédula Ciudadanía,Femenino,73,NA,secundaria
Puntos Vive Digital,universitario,General,CENTRO CULUTRAL LUCY TEJADA,Cédula Ciudadanía,Masculino,76,NA,universitario
Puntos Vive Digital,universitario,General,CENTRO CULUTRAL LUCY TEJADA,Permiso por Protección Temporal,Femenino,50,NA,universitario
Puntos Vive Digital,primaria,General,CENTRO CULUTRAL LUCY TEJADA,Cédula Ciudadanía,Femenino,62,NA,primaria
Puntos Vive Digital,Secundaria,General,CENTRO CULUTRAL LUCY TEJADA,Cédula Ciudadanía,Masculino,63,NA,Secundaria
Puntos Vive Digital,tecnico,General,CENTRO CULUTRAL LUCY TEJADA,Cédula Ciudadanía,Femenino,63,NA,tecnico
Puntos Vive Digital,secundaria,General,CENTRO CULUTRAL LUCY TEJADA,Cédula Ciudadanía,Femenino,61,NA,secundaria
Puntos Vive Digital,secundaria,General,SAN FERNANDO CUBA,Cédula Ciudadanía,Femenino,45,NA,secundaria
Puntos Vive Digital,secundaria,General,SAN FERNANDO CUBA,Cédula Ciudadanía,Femenino,35,NA,secundaria
Puntos Vive Digital,secundaria,General,SAN FERNANDO CUBA,Cédula Ciudadanía,Femenino,35,NA,secundaria
Puntos Vive Digital,tecnico,General,SAN FERNANDO CUBA,Cédula Ciudadanía,Femenino,41,NA,tecnico
Puntos Vive Digital,tecnico,General,SAN FERNANDO CUBA,Cédula Ciudadanía,Femenino,39,NA,tecnico
Puntos Vive Digital,tecnico,General,SAN FERNANDO CUBA,Cédula Ciudadanía,Femenino,57,NA,tecnico
Puntos Vive Digital,tecnico,General,SAN FERNANDO CUBA,Cédula Ciudadanía,Femenino,55,NA,tecnico
Puntos Vive Digital,Secundaria,General,SAN FERNANDO CUBA,Cédula Ciudadanía,Masculino,52,NA,Secundaria
Puntos Vive Digital,postgrado,General,CENTRO CULUTRAL LUCY TEJADA,Cédula Ciudadanía,Femenino,74,NA,postgrado
Puntos Vive Digital,postgrado,General,CENTRO CULUTRAL LUCY TEJADA,Otro,Masculino,70,NA,postgrado
Puntos Vive Digital,secundaria,General,CENTRO CULUTRAL LUCY TEJADA,Cédula Ciudadanía,Femenino,54,NA,secundaria
Puntos Vive Digital,Secundaria,General,CENTRO CULUTRAL LUCY TEJADA,Cédula Ciudadanía,Masculino,60,NA,Secundaria
Puntos Vive Digital,postgrado,General,CENTRO CULUTRAL LUCY TEJADA,Cédula Ciudadanía,Femenino,74,NA,postgrado
Puntos Vive Digital,postgrado,General,CENTRO CULUTRAL LUCY TEJADA,Cédula Ciudadanía,Femenino,74,NA,postgrado
Puntos Vive Digital,tecnologico,General,El remanso,Cédula Ciudadanía,Masculino,23,Afrocolombiano,tecnologico
Puntos Vive Digital,universitario,General,CENTRO CULUTRAL LUCY TEJADA,Cédula Ciudadanía,Masculino,57,NA,universitario
Puntos Vive Digital,universitario,General,CENTRO CULUTRAL LUCY TEJADA,Cédula Ciudadanía,Masculino,78,NA,universitario
Puntos Vive Digital,universitario,General,CENTRO CULUTRAL LUCY TEJADA,Cédula Ciudadanía,Masculino,75,NA,universitario
Puntos Vive Digital,postgrado,General,CENTRO CULUTRAL LUCY TEJADA,Cédula Ciudadanía,Femenino,62,NA,postgrado
Puntos Vive Digital,Secundaria,General,CENTRO CULUTRAL LUCY TEJADA,Cédula Ciudadanía,Masculino,60,NA,Secundaria
Puntos Vive Digital,Primaria,General,Centro de Desarrollo Vecinal Villa Consota,Tarjeta de Identidad,Masculino,9,mestizo,Primaria
Puntos Vive Digital,Secundaria,General,CENTRO CULUTRAL LUCY TEJADA,Cédula Ciudadanía,Masculino,38,NA,Secundaria
Puntos Vive Digital,Secundaria,General,Centro de Desarrollo Vecinal Villa Consota,Tarjeta de Identidad,Masculino,13,mestizo,Secundaria
Puntos Vive Digital,Secundaria,General,Centro de Desarrollo Vecinal Villa Consota,Tarjeta de Identidad,Masculino,14,Afrocolombiano,Secundaria
Puntos Vive Digital,Tecnico,General,CENTRO CULUTRAL LUCY TEJADA,Cédula Ciudadanía,Masculino,59,NA,Tecnico
Puntos Vive Digital,Secundaria,General,CENTRO CULUTRAL LUCY TEJADA,Cédula Ciudadanía,Masculino,42,NA,Secundaria
Puntos Vive Digital,Secundaria,General,CENTRO CULUTRAL LUCY TEJADA,Cédula Ciudadanía,Masculino,33,NA,Secundaria
Puntos Vive Digital,NA,General,El remanso,Cédula Ciudadanía,Masculino,26,mestizo,NA
Puntos Vive Digital,Secundaria,General,El remanso,Tarjeta de Identidad,Masculino,14,Afrocolombiano,Secundaria
Puntos Vive Digital,Primaria,General,El remanso,Tarjeta de Identidad,Masculino,9,mestizo,Primaria
Puntos Vive Digital,Secundaria,General,El remanso,Tarjeta de Identidad,Masculino,11,Afrocolombiano,Secundaria
Puntos Vive Digital,Primaria,General,El remanso,Tarjeta de Identidad,Masculino,14,Afrocolombiano,Primaria
Puntos Vive Digital,Primaria,General,El remanso,Tarjeta de Identidad,Masculino,12,mestizo,Primaria
Puntos Vive Digital,Secundaria,General,El remanso,Tarjeta de Identidad,Masculino,12,Afrocolombiano,Secundaria
Puntos Vive Digital,Tecnico,General,CENTRO CULUTRAL LUCY TEJADA,Cédula Ciudadanía,Masculino,59,NA,Tecnico
Puntos Vive Digital,Primaria,General,El remanso,Tarjeta de Identidad,Masculino,9,mestizo,Primaria
Puntos Vive Digital,primaria,General,El remanso,Tarjeta de Identidad,Femenino,10,Afrocolombiano,primaria
Puntos Vive Digital,primaria,General,El remanso,Tarjeta de Identidad,Femenino,10,NA,primaria
Puntos Vive Digital,primaria,General,El remanso,Tarjeta de Identidad,Femenino,10,Afrocolombiano,primaria
Puntos Vive Digital,Primaria,General,El remanso,Tarjeta de Identidad,Masculino,8,Afrocolombiano,Primaria
Puntos Vive Digital,Primaria,General,Centro Administrativo La Bella,Tarjeta de Identidad,Masculino,12,NA,Primaria
Puntos Vive Digital,Primaria,General,Centro Administrativo La Bella,Tarjeta de Identidad,Masculino,11,NA,Primaria
Puntos Vive Digital,secundaria,General,Centro Administrativo La Bella,Tarjeta de Identidad,Femenino,13,NA,secundaria
Puntos Vive Digital,secundaria,General,Centro Administrativo La Bella,Tarjeta de Identidad,Femenino,16,NA,secundaria
Puntos Vive Digital,primaria,General,Centro Administrativo La Bella,Tarjeta de Identidad,Femenino,9,NA,primaria
Puntos Vive Digital,Primaria,General,Centro Administrativo La Bella,Tarjeta de Identidad,Masculino,11,NA,Primaria
Puntos Vive Digital,Secundaria,General,El remanso,Tarjeta de Identidad,Masculino,13,mestizo,Secundaria
Puntos Vive Digital,Secundaria,General,Centro Administrativo La Bella,Tarjeta de Identidad,Masculino,17,NA,Secundaria
Puntos Vive Digital,Secundaria,General,Centro Administrativo La Bella,Cédula Ciudadanía,Masculino,23,NA,Secundaria
Puntos Vive Digital,primaria,General,Centro Administrativo La Bella,Tarjeta de Identidad,Femenino,10,NA,primaria
Puntos Vive Digital,secundaria,General,CENTRO CULUTRAL LUCY TEJADA,Cédula Ciudadanía,Femenino,76,NA,secundaria
Puntos Vive Digital,Primaria,General,El remanso,Tarjeta de Identidad,Masculino,9,Afrocolombiano,Primaria
Puntos Vive Digital,primaria,General,El remanso,Tarjeta de Identidad,Femenino,10,Afrocolombiano,primaria
Puntos Vive Digital,primaria,General,El remanso,Tarjeta de Identidad,Femenino,8,mestizo,primaria
Puntos Vive Digital,primaria,General,El remanso,Tarjeta de Identidad,Femenino,8,mestizo,primaria
Puntos Vive Digital,Secundaria,General,SAN FERNANDO CUBA,Cédula Ciudadanía,Masculino,18,NA,Secundaria
Puntos Vive Digital,primaria,General,El remanso,Tarjeta de Identidad,Femenino,8,Afrocolombiano,primaria
Puntos Vive Digital,universitario,General,CENTRO CULUTRAL LUCY TEJADA,Cédula Ciudadanía,Femenino,31,NA,universitario
Puntos Vive Digital,Secundaria,General,CENTRO CULUTRAL LUCY TEJADA,Cédula Ciudadanía,Masculino,42,NA,Secundaria
Puntos Vive Digital,Secundaria,General,CENTRO CULUTRAL LUCY TEJADA,Cédula Ciudadanía,Masculino,49,mestizo,Secundaria
Puntos Vive Digital,Secundaria,General,CENTRO CULUTRAL LUCY TEJADA,Cédula Ciudadanía,Masculino,25,NA,Secundaria
Puntos Vive Digital,Tecnico,General,CENTRO CULUTRAL LUCY TEJADA,Cédula Ciudadanía,Masculino,19,NA,Tecnico
Puntos Vive Digital,Tecnico,General,CENTRO CULUTRAL LUCY TEJADA,Tarjeta de Identidad,Masculino,17,NA,Tecnico
Puntos Vive Digital,Secundaria,General,CENTRO CULUTRAL LUCY TEJADA,Cédula Ciudadanía,Masculino,42,NA,Secundaria
Puntos Vive Digital,universitario,General,CENTRO CULUTRAL LUCY TEJADA,Cédula Ciudadanía,Masculino,48,NA,universitario
Puntos Vive Digital,secundaria,General,CENTRO CULUTRAL LUCY TEJADA,Cédula Ciudadanía,Femenino,52,NA,secundaria
Puntos Vive Digital,secundaria,General,SAN FERNANDO CUBA,Cédula Ciudadanía,Femenino,45,NA,secundaria
Puntos Vive Digital,tecnico,General,SAN FERNANDO CUBA,Cédula Ciudadanía,Femenino,55,NA,tecnico
Puntos Vive Digital,secundaria,General,SAN FERNANDO CUBA,Cédula Ciudadanía,Femenino,35,NA,secundaria
Puntos Vive Digital,tecnico,General,SAN FERNANDO CUBA,Cédula Ciudadanía,Femenino,41,NA,tecnico
Puntos Vive Digital,tecnico,General,SAN FERNANDO CUBA,Cédula Ciudadanía,Femenino,39,NA,tecnico
Puntos Vive Digital,tecnico,General,SAN FERNANDO CUBA,Cédula Ciudadanía,Femenino,57,NA,tecnico
Puntos Vive Digital,tecnico,General,SAN FERNANDO CUBA,Cédula Ciudadanía,Femenino,55,NA,tecnico
Puntos Vive Digital,Secundaria,General,SAN FERNANDO CUBA,Cédula Ciudadanía,Masculino,52,NA,Secundaria
Puntos Vive Digital,tecnologico,General,CENTRO CULUTRAL LUCY TEJADA,Cédula Ciudadanía,Masculino,29,NA,tecnologico
Puntos Vive Digital,Tecnico,General,CENTRO CULUTRAL LUCY TEJADA,Cédula Ciudadanía,Masculino,56,NA,Tecnico
Puntos Vive Digital,Tecnico,General,CENTRO CULUTRAL LUCY TEJADA,Cédula Ciudadanía,Masculino,59,NA,Tecnico
Puntos Vive Digital,Secundaria,General,Centro de Desarrollo Vecinal Villa Consota,Tarjeta de Identidad,Masculino,14,Afrocolombiano,Secundaria
Puntos Vive Digital,Secundaria,General,Centro de Desarrollo Vecinal Villa Consota,Tarjeta de Identidad,Masculino,13,mestizo,Secundaria
Puntos Vive Digital,Primaria,General,Centro de Desarrollo Vecinal Villa Consota,Registro Civil,Masculino,7,mestizo,Primaria
Puntos Vive Digital,Secundaria,General,Centro de Desarrollo Vecinal Villa Consota,Tarjeta de Identidad,Masculino,17,Afrocolombiano,Secundaria
Puntos Vive Digital,tecnico,General,CENTRO CULUTRAL LUCY TEJADA,Cédula Ciudadanía,Femenino,54,NA,tecnico
Puntos Vive Digital,primaria,General,CENTRO CULUTRAL LUCY TEJADA,Cédula Extranjería,Femenino,15,NA,primaria
Puntos Vive Digital,Secundaria,General,CENTRO CULUTRAL LUCY TEJADA,Cédula Ciudadanía,Masculino,33,NA,Secundaria
Puntos Vive Digital,secundaria,General,CENTRO CULUTRAL LUCY TEJADA,Cédula Ciudadanía,Femenino,61,NA,secundaria
Puntos Vive Digital,secundaria,General,CENTRO CULUTRAL LUCY TEJADA,Cédula Ciudadanía,Femenino,62,NA,secundaria
Puntos Vive Digital,tecnico,General,CENTRO CULUTRAL LUCY TEJADA,Cédula Ciudadanía,Femenino,52,NA,tecnico
Puntos Vive Digital,tecnico,General,CENTRO CULUTRAL LUCY TEJADA,Cédula Ciudadanía,Femenino,32,NA,tecnico
Puntos Vive Digital,secundaria,General,CENTRO CULUTRAL LUCY TEJADA,Tarjeta de Identidad,Femenino,17,NA,secundaria
Puntos Vive Digital,Tecnico,General,CENTRO CULUTRAL LUCY TEJADA,Tarjeta de Identidad,Masculino,17,NA,Tecnico
Puntos Vive Digital,secundaria,General,CENTRO CULUTRAL LUCY TEJADA,Tarjeta de Identidad,Femenino,17,NA,secundaria
Puntos Vive Digital,secundaria,General,CENTRO CULUTRAL LUCY TEJADA,Cédula Ciudadanía,Femenino,18,NA,secundaria
Puntos Vive Digital,Primaria,General,El remanso,Tarjeta de Identidad,Masculino,14,Afrocolombiano,Primaria
Puntos Vive Digital,primaria,General,El remanso,Tarjeta de Identidad,Femenino,10,NA,primaria
Puntos Vive Digital,primaria,General,El remanso,Tarjeta de Identidad,Femenino,10,Afrocolombiano,primaria
Puntos Vive Digital,Primaria,General,Centro Administrativo La Bella,Tarjeta de Identidad,Masculino,11,NA,Primaria
Puntos Vive Digital,Secundaria,General,El remanso,Tarjeta de Identidad,Masculino,12,Afrocolombiano,Secundaria
Puntos Vive Digital,Primaria,General,El remanso,Tarjeta de Identidad,Masculino,9,mestizo,Primaria
Puntos Vive Digital,Primaria,General,El remanso,Tarjeta de Identidad,Masculino,14,mestizo,Primaria
Puntos Vive Digital,Primaria,General,El remanso,Tarjeta de Identidad,Masculino,12,mestizo,Primaria
Puntos Vive Digital,Primaria,General,El remanso,Cédula Ciudadanía,Masculino,19,Afrocolombiano,Primaria
Puntos Vive Digital,Secundaria,General,El remanso,Cédula Ciudadanía,Masculino,22,Afrocolombiano,Secundaria
Puntos Vive Digital,primaria,General,El remanso,Tarjeta de Identidad,Femenino,10,Afrocolombiano,primaria
Puntos Vive Digital,Primaria,General,El remanso,Tarjeta de Identidad,Masculino,8,Afrocolombiano,Primaria
Puntos Vive Digital,primaria,General,Centro Administrativo La Bella,Tarjeta de Identidad,Femenino,10,NA,primaria
Puntos Vive Digital,Primaria,General,SAN FERNANDO CUBA,Permiso por Protección Temporal,Masculino,15,NA,Primaria
Puntos Vive Digital,Primaria,General,Centro Administrativo La Bella,Tarjeta de Identidad,Masculino,11,NA,Primaria
Puntos Vive Digital,Secundaria,General,SAN FERNANDO CUBA,Cédula Ciudadanía,Masculino,18,NA,Secundaria
Puntos Vive Digital,Secundaria,General,Centro Administrativo La Bella,Tarjeta de Identidad,Masculino,17,NA,Secundaria
Puntos Vive Digital,Secundaria,General,Centro Administrativo La Bella,Cédula Ciudadanía,Masculino,23,NA,Secundaria
Puntos Vive Digital,Primaria,General,Centro de Desarrollo Vecinal Villa Consota,Registro Civil,Masculino,7,mestizo,Primaria
Puntos Vive Digital,Primaria,General,Centro de Desarrollo Vecinal Villa Consota,Tarjeta de Identidad,Masculino,9,mestizo,Primaria
Puntos Vive Digital,Secundaria,General,CENTRO CULUTRAL LUCY TEJADA,Cédula Ciudadanía,Masculino,19,NA,Secundaria
Puntos Vive Digital,Secundaria,General,CENTRO CULUTRAL LUCY TEJADA,Cédula Ciudadanía,Masculino,19,NA,Secundaria
Puntos Vive Digital,Tecnico,General,CENTRO CULUTRAL LUCY TEJADA,Tarjeta de Identidad,Masculino,17,NA,Tecnico
Puntos Vive Digital,Secundaria,General,CENTRO CULUTRAL LUCY TEJADA,Cédula Ciudadanía,Masculino,24,NA,Secundaria
Puntos Vive Digital,universitario,General,CENTRO CULUTRAL LUCY TEJADA,Cédula Ciudadanía,Femenino,31,mestizo,universitario
Puntos Vive Digital,universitario,General,CENTRO CULUTRAL LUCY TEJADA,Cédula Ciudadanía,Masculino,48,NA,universitario
Puntos Vive Digital,secundaria,General,CENTRO CULUTRAL LUCY TEJADA,Cédula Ciudadanía,Femenino,52,NA,secundaria
Puntos Vive Digital,Secundaria,General,CENTRO CULUTRAL LUCY TEJADA,Cédula Ciudadanía,Masculino,42,NA,Secundaria
Puntos Vive Digital,Secundaria,General,CENTRO CULUTRAL LUCY TEJADA,Cédula Ciudadanía,Masculino,49,mestizo,Secundaria
Puntos Vive Digital,Secundaria,General,CENTRO CULUTRAL LUCY TEJADA,Cédula Ciudadanía,Masculino,25,NA,Secundaria
Puntos Vive Digital,Secundaria,General,CENTRO CULUTRAL LUCY TEJADA,Cédula Ciudadanía,Masculino,60,NA,Secundaria
Puntos Vive Digital,universitario,General,CENTRO CULUTRAL LUCY TEJADA,Cédula Ciudadanía,Femenino,69,NA,universitario
Puntos Vive Digital,postgrado,General,CENTRO CULUTRAL LUCY TEJADA,Cédula Ciudadanía,Femenino,74,NA,postgrado
Puntos Vive Digital,universitario,General,CENTRO CULUTRAL LUCY TEJADA,Cédula Ciudadanía,Masculino,78,NA,universitario
Puntos Vive Digital,secundaria,General,CENTRO CULUTRAL LUCY TEJADA,Cédula Ciudadanía,Femenino,57,NA,secundaria
Puntos Vive Digital,postgrado,General,CENTRO CULUTRAL LUCY TEJADA,Cédula Ciudadanía,Femenino,74,NA,postgrado
Puntos Vive Digital,universitario,General,CENTRO CULUTRAL LUCY TEJADA,Cédula Ciudadanía,Masculino,75,NA,universitario
Puntos Vive Digital,postgrado,General,CENTRO CULUTRAL LUCY TEJADA,Cédula Ciudadanía,Femenino,62,NA,postgrado
Puntos Vive Digital,secundaria,General,CENTRO CULUTRAL LUCY TEJADA,Cédula Ciudadanía,Femenino,54,NA,secundaria
Puntos Vive Digital,primaria,General,CENTRO CULUTRAL LUCY TEJADA,Cédula Extranjería,Femenino,15,NA,primaria
Puntos Vive Digital,secundaria,General,SAN FERNANDO CUBA,Tarjeta de Identidad,Femenino,17,NA,secundaria
Puntos Vive Digital,secundaria,General,SAN FERNANDO CUBA,Cédula Ciudadanía,Femenino,18,NA,secundaria
Puntos Vive Digital,secundaria,General,SAN FERNANDO CUBA,Tarjeta de Identidad,Femenino,17,NA,secundaria
Puntos Vive Digital,Secundaria,General,SAN FERNANDO CUBA,Tarjeta de Identidad,Masculino,15,NA,Secundaria
Puntos Vive Digital,Secundaria,General,SAN FERNANDO CUBA,Tarjeta de Identidad,Masculino,17,NA,Secundaria
Puntos Vive Digital,Secundaria,General,SAN FERNANDO CUBA,Tarjeta de Identidad,Masculino,17,NA,Secundaria
Puntos Vive Digital,Secundaria,General,SAN FERNANDO CUBA,Cédula Ciudadanía,Masculino,18,NA,Secundaria
Puntos Vive Digital,Secundaria,General,SAN FERNANDO CUBA,Cédula Ciudadanía,Masculino,19,NA,Secundaria
Puntos Vive Digital,Secundaria,General,SAN FERNANDO CUBA,Tarjeta de Identidad,Masculino,17,NA,Secundaria
Puntos Vive Digital,secundaria,General,SAN FERNANDO CUBA,Tarjeta de Identidad,Femenino,16,NA,secundaria
Puntos Vive Digital,Secundaria,General,Centro de Desarrollo Vecinal Villa Consota,Tarjeta de Identidad,Masculino,13,mestizo,Secundaria
Puntos Vive Digital,Secundaria,General,Centro de Desarrollo Vecinal Villa Consota,Tarjeta de Identidad,Masculino,14,Afrocolombiano,Secundaria
Puntos Vive Digital,Secundaria,General,Centro de Desarrollo Vecinal Villa Consota,Tarjeta de Identidad,Masculino,17,Afrocolombiano,Secundaria
Puntos Vive Digital,Tecnico,General,CENTRO CULUTRAL LUCY TEJADA,Cédula Ciudadanía,Masculino,59,NA,Tecnico
Puntos Vive Digital,Tecnico,General,CENTRO CULUTRAL LUCY TEJADA,Cédula Ciudadanía,Masculino,59,NA,Tecnico
Puntos Vive Digital,Secundaria,General,CENTRO CULUTRAL LUCY TEJADA,Cédula Ciudadanía,Masculino,33,NA,Secundaria
Puntos Vive Digital,Secundaria,General,CENTRO CULUTRAL LUCY TEJADA,Cédula Ciudadanía,Masculino,33,NA,Secundaria
Puntos Vive Digital,tecnologico,General,CENTRO CULUTRAL LUCY TEJADA,Cédula Ciudadanía,Masculino,20,NA,tecnologico
Puntos Vive Digital,Secundaria,General,CENTRO CULUTRAL LUCY TEJADA,Cédula Ciudadanía,Masculino,63,NA,Secundaria
Puntos Vive Digital,primaria,General,El remanso,Tarjeta de Identidad,Femenino,9,Afrocolombiano,primaria
Puntos Vive Digital,Primaria,General,CENTRO CULUTRAL LUCY TEJADA,Cédula Ciudadanía,Masculino,78,NA,Primaria
Puntos Vive Digital,secundaria,General,CENTRO CULUTRAL LUCY TEJADA,Cédula Ciudadanía,Femenino,61,NA,secundaria
Puntos Vive Digital,secundaria,General,CENTRO CULUTRAL LUCY TEJADA,Cédula Ciudadanía,Femenino,62,NA,secundaria
Puntos Vive Digital,tecnologico,General,CENTRO CULUTRAL LUCY TEJADA,Cédula Ciudadanía,Masculino,58,NA,tecnologico
Puntos Vive Digital,Secundaria,General,CENTRO CULUTRAL LUCY TEJADA,Cédula Ciudadanía,Masculino,25,NA,Secundaria
Puntos Vive Digital,secundaria,General,CENTRO CULUTRAL LUCY TEJADA,Cédula Ciudadanía,Femenino,73,NA,secundaria
Puntos Vive Digital,secundaria,General,CENTRO CULUTRAL LUCY TEJADA,Cédula Ciudadanía,Femenino,74,NA,secundaria
Puntos Vive Digital,tecnico,General,CENTRO CULUTRAL LUCY TEJADA,Cédula Ciudadanía,Femenino,57,NA,tecnico
Puntos Vive Digital,tecnico,General,CENTRO CULUTRAL LUCY TEJADA,Cédula Ciudadanía,Femenino,63,NA,tecnico
Puntos Vive Digital,secundaria,General,CENTRO CULUTRAL LUCY TEJADA,Cédula Ciudadanía,Femenino,62,NA,secundaria
Puntos Vive Digital,primaria,General,CENTRO CULUTRAL LUCY TEJADA,Cédula Ciudadanía,Femenino,1,NA,primaria
Puntos Vive Digital,tecnologico,General,CENTRO CULUTRAL LUCY TEJADA,Cédula Ciudadanía,Femenino,65,NA,tecnologico
Puntos Vive Digital,universitario,General,CENTRO CULUTRAL LUCY TEJADA,Cédula Ciudadanía,Masculino,76,NA,universitario
Puntos Vive Digital,primaria,General,CENTRO CULUTRAL LUCY TEJADA,Cédula Ciudadanía,Femenino,62,NA,primaria
Puntos Vive Digital,universitario,General,CENTRO CULUTRAL LUCY TEJADA,Cédula Ciudadanía,Femenino,53,NA,universitario
Puntos Vive Digital,Secundaria,General,CENTRO CULUTRAL LUCY TEJADA,Cédula Ciudadanía,Masculino,63,NA,Secundaria
Puntos Vive Digital,universitario,General,CENTRO CULUTRAL LUCY TEJADA,Permiso por Protección Temporal,Femenino,50,NA,universitario
Puntos Vive Digital,Primaria,General,El remanso,Tarjeta de Identidad,Masculino,14,Afrocolombiano,Primaria
Puntos Vive Digital,universitario,General,CENTRO CULUTRAL LUCY TEJADA,Cédula Ciudadanía,Femenino,50,NA,universitario
Puntos Vive Digital,Primaria,General,El remanso,Tarjeta de Identidad,Masculino,9,Afrocolombiano,Primaria
Puntos Vive Digital,Secundaria,General,Centro de Desarrollo Vecinal Villa Consota,Tarjeta de Identidad,Masculino,12,Afrocolombiano,Secundaria
Puntos Vive Digital,primaria,General,El remanso,Tarjeta de Identidad,Femenino,10,Afrocolombiano,primaria
Puntos Vive Digital,Secundaria,General,Centro de Desarrollo Vecinal Villa Consota,Tarjeta de Identidad,Masculino,14,Afrocolombiano,Secundaria
Puntos Vive Digital,Secundaria,General,SAN FERNANDO CUBA,Tarjeta de Identidad,Masculino,17,NA,Secundaria
Puntos Vive Digital,Primaria,General,SAN FERNANDO CUBA,Permiso por Protección Temporal,Masculino,15,NA,Primaria
Puntos Vive Digital,secundaria,General,CENTRO CULUTRAL LUCY TEJADA,Cédula Ciudadanía,Femenino,62,NA,secundaria
Puntos Vive Digital,Secundaria,General,CENTRO CULUTRAL LUCY TEJADA,Cédula Ciudadanía,Masculino,63,NA,Secundaria
Puntos Vive Digital,primaria,General,Centro de Desarrollo Vecinal Villa Consota,Tarjeta de Identidad,Femenino,10,Afrocolombiano,primaria
Puntos Vive Digital,Primaria,General,Centro de Desarrollo Vecinal Villa Consota,Tarjeta de Identidad,Masculino,9,Afrocolombiano,Primaria
Puntos Vive Digital,secundaria,General,CENTRO CULUTRAL LUCY TEJADA,Cédula Ciudadanía,Femenino,61,NA,secundaria
Puntos Vive Digital,Secundaria,General,Centro de Desarrollo Vecinal Villa Consota,Tarjeta de Identidad,Masculino,12,Afrocolombiano,Secundaria
Puntos Vive Digital,tecnico,General,CENTRO CULUTRAL LUCY TEJADA,Cédula Ciudadanía,Femenino,62,NA,tecnico
Puntos Vive Digital,tecnico,General,CENTRO CULUTRAL LUCY TEJADA,Cédula Ciudadanía,Femenino,32,NA,tecnico
Puntos Vive Digital,Secundaria,General,Centro de Desarrollo Vecinal Villa Consota,Tarjeta de Identidad,Masculino,13,Afrocolombiano,Secundaria
Puntos Vive Digital,tecnico,General,CENTRO CULUTRAL LUCY TEJADA,Cédula Ciudadanía,Femenino,52,NA,tecnico
Puntos Vive Digital,Secundaria,General,CENTRO CULUTRAL LUCY TEJADA,Cédula Ciudadanía,Masculino,33,NA,Secundaria
Puntos Vive Digital,secundaria,General,CENTRO CULUTRAL LUCY TEJADA,Cédula Ciudadanía,Femenino,29,NA,secundaria
Puntos Vive Digital,secundaria,General,CENTRO CULUTRAL LUCY TEJADA,Cédula Ciudadanía,Femenino,68,NA,secundaria
Puntos Vive Digital,Secundaria,General,CENTRO CULUTRAL LUCY TEJADA,Cédula Ciudadanía,Masculino,72,mestizo,Secundaria
Puntos Vive Digital,secundaria,General,CENTRO CULUTRAL LUCY TEJADA,Cédula Ciudadanía,Femenino,62,mestizo,secundaria
Puntos Vive Digital,secundaria,General,CENTRO CULUTRAL LUCY TEJADA,Cédula Ciudadanía,Femenino,64,mestizo,secundaria
Puntos Vive Digital,Primaria,General,CENTRO CULUTRAL LUCY TEJADA,Cédula Ciudadanía,Masculino,67,mestizo,Primaria
Puntos Vive Digital,secundaria,General,CENTRO CULUTRAL LUCY TEJADA,Cédula Ciudadanía,Femenino,68,NA,secundaria
Puntos Vive Digital,secundaria,General,CENTRO CULUTRAL LUCY TEJADA,Cédula Ciudadanía,Femenino,46,NA,secundaria
Puntos Vive Digital,Secundaria,General,El remanso,Cédula Ciudadanía,Masculino,26,mestizo,Secundaria
Puntos Vive Digital,secundaria,General,CENTRO CULUTRAL LUCY TEJADA,Cédula Ciudadanía,Femenino,31,NA,secundaria
Puntos Vive Digital,secundaria,General,CENTRO CULUTRAL LUCY TEJADA,Cédula Ciudadanía,Femenino,27,NA,secundaria
Puntos Vive Digital,tecnico,General,CENTRO CULUTRAL LUCY TEJADA,Cédula Ciudadanía,Femenino,31,NA,tecnico
Puntos Vive Digital,tecnico,General,CENTRO CULUTRAL LUCY TEJADA,Cédula Ciudadanía,Femenino,54,NA,tecnico
Puntos Vive Digital,Secundaria,General,Centro de Desarrollo Vecinal Villa Consota,Tarjeta de Identidad,Masculino,13,mestizo,Secundaria
Puntos Vive Digital,Primaria,General,Centro de Desarrollo Vecinal Villa Consota,Tarjeta de Identidad,Masculino,9,mestizo,Primaria
Puntos Vive Digital,Primaria,General,Centro de Desarrollo Vecinal Villa Consota,Registro Civil,Masculino,7,mestizo,Primaria
Puntos Vive Digital,Secundaria,General,Centro de Desarrollo Vecinal Villa Consota,Tarjeta de Identidad,Masculino,17,Afrocolombiano,Secundaria
Puntos Vive Digital,Secundaria,General,Centro Administrativo La Bella,Cédula Ciudadanía,Masculino,23,NA,Secundaria
Puntos Vive Digital,Secundaria,General,Centro Administrativo La Bella,Tarjeta de Identidad,Masculino,17,NA,Secundaria
Puntos Vive Digital,Secundaria,General,Centro de Desarrollo Vecinal Villa Consota,Tarjeta de Identidad,Masculino,14,Afrocolombiano,Secundaria
Puntos Vive Digital,secundaria,General,CENTRO CULUTRAL LUCY TEJADA,Cédula Ciudadanía,Femenino,53,NA,secundaria
Puntos Vive Digital,universitario,General,CENTRO CULUTRAL LUCY TEJADA,Cédula Ciudadanía,Masculino,68,NA,universitario
Puntos Vive Digital,secundaria,General,CENTRO CULUTRAL LUCY TEJADA,Cédula Ciudadanía,Femenino,53,NA,secundaria
Puntos Vive Digital,Secundaria,General,CENTRO CULUTRAL LUCY TEJADA,Cédula Ciudadanía,Masculino,18,NA,Secundaria
Puntos Vive Digital,postgrado,General,CENTRO CULUTRAL LUCY TEJADA,Tarjeta de Identidad,Masculino,17,NA,postgrado
Puntos Vive Digital,Secundaria,General,CENTRO CULUTRAL LUCY TEJADA,Cédula Ciudadanía,Masculino,33,NA,Secundaria
Puntos Vive Digital,Secundaria,General,CENTRO CULUTRAL LUCY TEJADA,Cédula Ciudadanía,Masculino,39,NA,Secundaria
Puntos Vive Digital,Secundaria,General,Centro de Desarrollo Vecinal Villa Consota,Tarjeta de Identidad,Masculino,11,Afrocolombiano,Secundaria
Puntos Vive Digital,Tecnico,General,CENTRO CULUTRAL LUCY TEJADA,Tarjeta de Identidad,Masculino,16,mestizo,Tecnico
Puntos Vive Digital,secundaria,General,CENTRO CULUTRAL LUCY TEJADA,Cédula Ciudadanía,Femenino,18,NA,secundaria
Puntos Vive Digital,Tecnico,General,CENTRO CULUTRAL LUCY TEJADA,Cédula Ciudadanía,Masculino,69,NA,Tecnico
Puntos Vive Digital,Secundaria,General,Centro Administrativo La Bella,Tarjeta de Identidad,Masculino,11,NA,Secundaria
Puntos Vive Digital,Secundaria,General,Centro Administrativo La Bella,Tarjeta de Identidad,Masculino,12,NA,Secundaria
Puntos Vive Digital,secundaria,General,Centro Administrativo La Bella,Tarjeta de Identidad,Femenino,14,NA,secundaria
Puntos Vive Digital,secundaria,General,Centro Administrativo La Bella,Tarjeta de Identidad,Femenino,16,NA,secundaria
Puntos Vive Digital,secundaria,General,Centro Administrativo La Bella,Tarjeta de Identidad,Femenino,12,NA,secundaria
Puntos Vive Digital,secundaria,General,Centro Administrativo La Bella,Tarjeta de Identidad,Femenino,13,NA,secundaria
Puntos Vive Digital,secundaria,General,Centro Administrativo La Bella,Tarjeta de Identidad,Femenino,13,NA,secundaria
Puntos Vive Digital,Secundaria,General,Centro Administrativo La Bella,Tarjeta de Identidad,Masculino,12,NA,Secundaria
Puntos Vive Digital,Secundaria,General,Centro Administrativo La Bella,Tarjeta de Identidad,Masculino,13,NA,Secundaria
Puntos Vive Digital,Secundaria,General,Centro Administrativo La Bella,Cédula Ciudadanía,Masculino,25,NA,Secundaria
Puntos Vive Digital,secundaria,General,Centro Administrativo La Bella,Cédula Ciudadanía,Femenino,26,NA,secundaria
Puntos Vive Digital,Secundaria,General,Centro Administrativo La Bella,Cédula Ciudadanía,Masculino,28,NA,Secundaria
Puntos Vive Digital,Secundaria,General,Centro Administrativo La Bella,Tarjeta de Identidad,Masculino,11,NA,Secundaria
Puntos Vive Digital,Primaria,General,El remanso,Tarjeta de Identidad,Masculino,8,Afrocolombiano,Primaria
Puntos Vive Digital,Secundaria,General,Centro Administrativo La Bella,Tarjeta de Identidad,Masculino,17,NA,Secundaria
Puntos Vive Digital,universitario,General,Centro Administrativo La Bella,Cédula Ciudadanía,Femenino,18,NA,universitario
Puntos Vive Digital,Primaria,General,Centro Administrativo La Bella,Tarjeta de Identidad,Masculino,11,NA,Primaria
Puntos Vive Digital,Primaria,General,Centro Administrativo La Bella,Tarjeta de Identidad,Masculino,10,NA,Primaria
Puntos Vive Digital,Primaria,General,Centro de Desarrollo Vecinal Villa Consota,Registro Civil,Masculino,7,mestizo,Primaria
Puntos Vive Digital,Primaria,General,Centro de Desarrollo Vecinal Villa Consota,Tarjeta de Identidad,Masculino,9,mestizo,Primaria
Puntos Vive Digital,Primaria,General,El remanso,Tarjeta de Identidad,Masculino,9,Afrocolombiano,Primaria
Puntos Vive Digital,Primaria,General,Centro Administrativo La Bella,Tarjeta de Identidad,Masculino,12,NA,Primaria
Puntos Vive Digital,Secundaria,General,Centro de Desarrollo Vecinal Villa Consota,Cédula Ciudadanía,Masculino,27,mestizo,Secundaria
Puntos Vive Digital,tecnico,General,SAN FERNANDO CUBA,Cédula Ciudadanía,Femenino,57,NA,tecnico
Puntos Vive Digital,tecnico,General,SAN FERNANDO CUBA,Cédula Ciudadanía,Femenino,55,NA,tecnico
Puntos Vive Digital,secundaria,General,SAN FERNANDO CUBA,Cédula Ciudadanía,Femenino,68,mestizo,secundaria
Puntos Vive Digital,tecnico,General,SAN FERNANDO CUBA,Cédula Ciudadanía,Femenino,60,NA,tecnico
Puntos Vive Digital,secundaria,General,SAN FERNANDO CUBA,Cédula Ciudadanía,Femenino,55,NA,secundaria
Puntos Vive Digital,primaria,General,Centro Administrativo La Bella,Tarjeta de Identidad,Femenino,10,NA,primaria
Puntos Vive Digital,Secundaria,General,Centro Administrativo La Bella,Cédula Ciudadanía,Masculino,23,NA,Secundaria
Puntos Vive Digital,Secundaria,General,SAN FERNANDO CUBA,Cédula Ciudadanía,Masculino,52,NA,Secundaria
Puntos Vive Digital,Secundaria,General,SAN FERNANDO CUBA,Tarjeta de Identidad,Masculino,17,NA,Secundaria
Puntos Vive Digital,Secundaria,General,SAN FERNANDO CUBA,Tarjeta de Identidad,Masculino,17,NA,Secundaria
Puntos Vive Digital,secundaria,General,SAN FERNANDO CUBA,Tarjeta de Identidad,Femenino,17,NA,secundaria
Puntos Vive Digital,secundaria,General,SAN FERNANDO CUBA,Cédula Ciudadanía,Femenino,18,NA,secundaria
Puntos Vive Digital,secundaria,General,SAN FERNANDO CUBA,Tarjeta de Identidad,Femenino,17,NA,secundaria
Puntos Vive Digital,Secundaria,General,SAN FERNANDO CUBA,Permiso por Protección Temporal,Masculino,18,NA,Secundaria
Puntos Vive Digital,Secundaria,General,SAN FERNANDO CUBA,Tarjeta de Identidad,Masculino,17,NA,Secundaria
Puntos Vive Digital,Secundaria,General,SAN FERNANDO CUBA,Cédula Ciudadanía,Masculino,18,NA,Secundaria
Puntos Vive Digital,Secundaria,General,SAN FERNANDO CUBA,Cédula Ciudadanía,Masculino,19,NA,Secundaria
Puntos Vive Digital,Secundaria,General,SAN FERNANDO CUBA,Cédula Ciudadanía,Masculino,19,NA,Secundaria
Puntos Vive Digital,secundaria,General,SAN FERNANDO CUBA,Tarjeta de Identidad,Femenino,16,NA,secundaria
Puntos Vive Digital,secundaria,General,SAN FERNANDO CUBA,Tarjeta de Identidad,Femenino,15,NA,secundaria
Puntos Vive Digital,Secundaria,General,Centro de Desarrollo Vecinal Villa Consota,Tarjeta de Identidad,Masculino,17,Afrocolombiano,Secundaria
Puntos Vive Digital,primaria,General,El remanso,Cédula Ciudadanía,Femenino,36,mestizo,primaria
Puntos Vive Digital,NA,General,El remanso,Cédula Ciudadanía,Masculino,65,mestizo,NA
Puntos Vive Digital,Secundaria,General,Centro de Desarrollo Vecinal Villa Consota,Tarjeta de Identidad,Masculino,13,mestizo,Secundaria
Puntos Vive Digital,Secundaria,General,Centro de Desarrollo Vecinal Villa Consota,Tarjeta de Identidad,Masculino,14,Afrocolombiano,Secundaria
Puntos Vive Digital,primaria,General,CENTRO CULUTRAL LUCY TEJADA,Cédula Extranjería,Femenino,15,NA,primaria
Puntos Vive Digital,Primaria,General,Centro Administrativo La Bella,Tarjeta de Identidad,Masculino,10,NA,Primaria
Puntos Vive Digital,Secundaria,General,El remanso,Tarjeta de Identidad,Masculino,12,Afrocolombiano,Secundaria
Puntos Vive Digital,Primaria,General,Centro Administrativo La Bella,Tarjeta de Identidad,Masculino,12,NA,Primaria
Puntos Vive Digital,secundaria,General,El remanso,Tarjeta de Identidad,Femenino,12,Afrocolombiano,secundaria
Puntos Vive Digital,secundaria,General,Centro de Desarrollo Vecinal Villa Consota,Tarjeta de Identidad,Femenino,16,mestizo,secundaria
Puntos Vive Digital,secundaria,General,Centro de Desarrollo Vecinal Villa Consota,Tarjeta de Identidad,Femenino,17,mestizo,secundaria
Puntos Vive Digital,Primaria,General,El remanso,Tarjeta de Identidad,Masculino,9,Afrocolombiano,Primaria
Puntos Vive Digital,primaria,General,El remanso,Tarjeta de Identidad,Femenino,10,Afrocolombiano,primaria
Puntos Vive Digital,Secundaria,General,El remanso,Cédula Ciudadanía,Masculino,33,mestizo,Secundaria
Puntos Vive Digital,Primaria,General,El remanso,Tarjeta de Identidad,Masculino,14,Afrocolombiano,Primaria
Puntos Vive Digital,primaria,General,El remanso,Tarjeta de Identidad,Femenino,10,Afrocolombiano,primaria
Puntos Vive Digital,Primaria,General,El remanso,Tarjeta de Identidad,Masculino,8,Afrocolombiano,Primaria
Puntos Vive Digital,Primaria,General,El remanso,Tarjeta de Identidad,Masculino,11,Afrocolombiano,Primaria
Puntos Vive Digital,Secundaria,General,El remanso,Tarjeta de Identidad,Masculino,11,Afrocolombiano,Secundaria
Puntos Vive Digital,Secundaria,General,Centro de Desarrollo Vecinal Villa Consota,Tarjeta de Identidad,Masculino,11,Afrocolombiano,Secundaria
Puntos Vive Digital,Primaria,General,Centro de Desarrollo Vecinal Villa Consota,Registro Civil,Masculino,7,mestizo,Primaria
Puntos Vive Digital,Primaria,General,Centro de Desarrollo Vecinal Villa Consota,Tarjeta de Identidad,Masculino,9,mestizo,Primaria
Puntos Vive Digital,Primaria,General,El remanso,Tarjeta de Identidad,Masculino,12,Afrocolombiano,Primaria
Puntos Vive Digital,primaria,General,El remanso,Tarjeta de Identidad,Femenino,9,Afrocolombiano,primaria
Puntos Vive Digital,Secundaria,General,SAN FERNANDO CUBA,Tarjeta de Identidad,Masculino,12,Afrocolombiano,Secundaria
Puntos Vive Digital,universitario,General,Centro Administrativo La Bella,Tarjeta de Identidad,Masculino,16,NA,universitario
Puntos Vive Digital,Primaria,General,Centro Administrativo La Bella,Tarjeta de Identidad,Masculino,10,NA,Primaria
Puntos Vive Digital,primaria,General,Centro Administrativo La Bella,Tarjeta de Identidad,Femenino,9,NA,primaria
Puntos Vive Digital,Secundaria,General,Centro Administrativo La Bella,Tarjeta de Identidad,Masculino,17,NA,Secundaria
Puntos Vive Digital,Secundaria,General,El remanso,Tarjeta de Identidad,Masculino,11,mestizo,Secundaria
Puntos Vive Digital,Secundaria,General,El remanso,Tarjeta de Identidad,Masculino,12,Afrocolombiano,Secundaria
Puntos Vive Digital,tecnologico,General,CENTRO CULUTRAL LUCY TEJADA,Cédula Ciudadanía,Masculino,25,NA,tecnologico
Puntos Vive Digital,postgrado,General,CENTRO CULUTRAL LUCY TEJADA,Cédula Ciudadanía,Femenino,74,NA,postgrado
Puntos Vive Digital,Secundaria,General,CENTRO CULUTRAL LUCY TEJADA,Cédula Ciudadanía,Masculino,71,NA,Secundaria
Puntos Vive Digital,Secundaria,General,CENTRO CULUTRAL LUCY TEJADA,Cédula Ciudadanía,Masculino,78,NA,Secundaria
Puntos Vive Digital,universitario,General,CENTRO CULUTRAL LUCY TEJADA,Cédula Ciudadanía,Masculino,78,NA,universitario
Puntos Vive Digital,universitario,General,CENTRO CULUTRAL LUCY TEJADA,Cédula Ciudadanía,Masculino,75,NA,universitario
Puntos Vive Digital,postgrado,General,CENTRO CULUTRAL LUCY TEJADA,Cédula Ciudadanía,Femenino,62,NA,postgrado
Puntos Vive Digital,postgrado,General,CENTRO CULUTRAL LUCY TEJADA,Cédula Ciudadanía,Femenino,74,mestizo,postgrado
Puntos Vive Digital,Secundaria,General,CENTRO CULUTRAL LUCY TEJADA,Cédula Ciudadanía,Masculino,60,NA,Secundaria
Puntos Vive Digital,postgrado,General,CENTRO CULUTRAL LUCY TEJADA,Otro,Masculino,70,NA,postgrado
Puntos Vive Digital,secundaria,General,CENTRO CULUTRAL LUCY TEJADA,Cédula Ciudadanía,Femenino,57,NA,secundaria
Puntos Vive Digital,secundaria,General,CENTRO CULUTRAL LUCY TEJADA,Cédula Ciudadanía,Femenino,54,NA,secundaria
Puntos Vive Digital,secundaria,General,CENTRO CULUTRAL LUCY TEJADA,Cédula Ciudadanía,Femenino,72,NA,secundaria
Puntos Vive Digital,universitario,General,CENTRO CULUTRAL LUCY TEJADA,Cédula Ciudadanía,Masculino,57,NA,universitario
Puntos Vive Digital,tecnico,General,SAN FERNANDO CUBA,Cédula Ciudadanía,Femenino,48,NA,tecnico
Puntos Vive Digital,Secundaria,General,SAN FERNANDO CUBA,Cédula Ciudadanía,Masculino,53,NA,Secundaria
Puntos Vive Digital,secundaria,General,SAN FERNANDO CUBA,Registro Civil,Femenino,60,NA,secundaria
Puntos Vive Digital,Secundaria,General,SAN FERNANDO CUBA,Cédula Ciudadanía,Masculino,62,NA,Secundaria
Puntos Vive Digital,primaria,General,Centro Administrativo La Bella,Tarjeta de Identidad,Femenino,10,NA,primaria
Puntos Vive Digital,tecnico,General,SAN FERNANDO CUBA,Cédula Ciudadanía,Femenino,60,NA,tecnico
Puntos Vive Digital,tecnico,General,SAN FERNANDO CUBA,Cédula Ciudadanía,Femenino,60,NA,tecnico
Puntos Vive Digital,secundaria,General,SAN FERNANDO CUBA,Cédula Ciudadanía,Femenino,68,mestizo,secundaria
Puntos Vive Digital,tecnico,General,SAN FERNANDO CUBA,Cédula Ciudadanía,Femenino,60,NA,tecnico
Puntos Vive Digital,secundaria,General,SAN FERNANDO CUBA,Cédula Ciudadanía,Femenino,55,NA,secundaria
Puntos Vive Digital,secundaria,General,SAN FERNANDO CUBA,Cédula Ciudadanía,Femenino,43,NA,secundaria
Puntos Vive Digital,Primaria,General,Centro Administrativo La Bella,Tarjeta de Identidad,Masculino,11,NA,Primaria
Puntos Vive Digital,secundaria,General,SAN FERNANDO CUBA,Cédula Ciudadanía,Femenino,45,NA,secundaria
Puntos Vive Digital,Secundaria,General,CENTRO CULUTRAL LUCY TEJADA,Cédula Ciudadanía,Masculino,38,NA,Secundaria
Puntos Vive Digital,Secundaria,General,CENTRO CULUTRAL LUCY TEJADA,Cédula Ciudadanía,Masculino,33,NA,Secundaria
Puntos Vive Digital,Secundaria,General,Centro de Desarrollo Vecinal Villa Consota,Tarjeta de Identidad,Masculino,13,mestizo,Secundaria
Puntos Vive Digital,Secundaria,General,Centro de Desarrollo Vecinal Villa Consota,Tarjeta de Identidad,Masculino,14,Afrocolombiano,Secundaria
Puntos Vive Digital,secundaria,General,CENTRO CULUTRAL LUCY TEJADA,Cédula Ciudadanía,Femenino,73,NA,secundaria
Puntos Vive Digital,Secundaria,General,Centro Administrativo La Bella,Cédula Ciudadanía,Masculino,23,NA,Secundaria
Puntos Vive Digital,Primaria,General,El remanso,Cédula Ciudadanía,Masculino,24,mestizo,Primaria
Puntos Vive Digital,Secundaria,General,El remanso,Tarjeta de Identidad,Masculino,12,Afrocolombiano,Secundaria
Puntos Vive Digital,Secundaria,General,El remanso,Tarjeta de Identidad,Masculino,10,mestizo,Secundaria
Puntos Vive Digital,tecnologico,General,CENTRO CULUTRAL LUCY TEJADA,Cédula Ciudadanía,Masculino,48,NA,tecnologico
Puntos Vive Digital,secundaria,General,El remanso,Tarjeta de Identidad,Femenino,16,mestizo,secundaria
Puntos Vive Digital,Primaria,General,Centro Administrativo La Bella,Tarjeta de Identidad,Masculino,11,NA,Primaria
Puntos Vive Digital,Primaria,General,El remanso,Tarjeta de Identidad,Masculino,14,Afrocolombiano,Primaria
Puntos Vive Digital,primaria,General,El remanso,Tarjeta de Identidad,Femenino,10,Afrocolombiano,primaria
Puntos Vive Digital,primaria,General,El remanso,Tarjeta de Identidad,Femenino,10,Afrocolombiano,primaria
Puntos Vive Digital,Primaria,General,El remanso,Tarjeta de Identidad,Masculino,8,Afrocolombiano,Primaria
Puntos Vive Digital,Primaria,General,El remanso,Tarjeta de Identidad,Masculino,11,Afrocolombiano,Primaria
Puntos Vive Digital,Secundaria,General,El remanso,Tarjeta de Identidad,Masculino,11,Afrocolombiano,Secundaria
Puntos Vive Digital,Secundaria,General,El remanso,Tarjeta de Identidad,Masculino,11,mestizo,Secundaria
Puntos Vive Digital,Primaria,General,El remanso,Tarjeta de Identidad,Masculino,9,mestizo,Primaria
Puntos Vive Digital,Secundaria,General,Centro de Desarrollo Vecinal Villa Consota,Cédula Ciudadanía,Masculino,23,mestizo,Secundaria
Puntos Vive Digital,tecnologico,General,El remanso,Cédula Ciudadanía,Femenino,29,mestizo,tecnologico
Puntos Vive Digital,Primaria,General,El remanso,Tarjeta de Identidad,Masculino,7,Afrocolombiano,Primaria
Puntos Vive Digital,Primaria,General,El remanso,Cédula Ciudadanía,Masculino,25,mestizo,Primaria
Puntos Vive Digital,Primaria,General,El remanso,Tarjeta de Identidad,Masculino,9,mestizo,Primaria
Puntos Vive Digital,Primaria,General,El remanso,Tarjeta de Identidad,Masculino,9,Afrocolombiano,Primaria
Puntos Vive Digital,primaria,General,Centro Administrativo La Bella,Tarjeta de Identidad,Femenino,11,NA,primaria
Puntos Vive Digital,Secundaria,General,SAN FERNANDO CUBA,Cédula Ciudadanía,Masculino,18,NA,Secundaria
Puntos Vive Digital,Secundaria,General,Centro de Desarrollo Vecinal Villa Consota,Tarjeta de Identidad,Masculino,11,Afrocolombiano,Secundaria
Puntos Vive Digital,Primaria,General,Centro de Desarrollo Vecinal Villa Consota,Tarjeta de Identidad,Masculino,9,mestizo,Primaria
Puntos Vive Digital,Primaria,General,Centro de Desarrollo Vecinal Villa Consota,Registro Civil,Masculino,7,mestizo,Primaria
Puntos Vive Digital,primaria,General,Centro Administrativo La Bella,Tarjeta de Identidad,Femenino,10,NA,primaria
Puntos Vive Digital,primaria,General,Centro Administrativo La Bella,Tarjeta de Identidad,Femenino,11,NA,primaria
Puntos Vive Digital,Secundaria,General,SAN FERNANDO CUBA,Tarjeta de Identidad,Masculino,17,Afrocolombiano,Secundaria
Puntos Vive Digital,Primaria,General,Centro Administrativo La Bella,Tarjeta de Identidad,Masculino,12,NA,Primaria
Puntos Vive Digital,universitario,General,CENTRO CULUTRAL LUCY TEJADA,Cédula Ciudadanía,Masculino,48,NA,universitario
Puntos Vive Digital,primaria,General,Centro Administrativo La Bella,Tarjeta de Identidad,Femenino,8,NA,primaria
Puntos Vive Digital,Primaria,General,SAN FERNANDO CUBA,Permiso por Protección Temporal,Masculino,15,NA,Primaria
Puntos Vive Digital,primaria,General,Centro Administrativo La Bella,Tarjeta de Identidad,Femenino,9,NA,primaria
Puntos Vive Digital,Primaria,General,Centro de Desarrollo Vecinal Villa Consota,Tarjeta de Identidad,Masculino,7,mestizo,Primaria
Puntos Vive Digital,Primaria,General,Centro Administrativo La Bella,Tarjeta de Identidad,Masculino,11,NA,Primaria
Puntos Vive Digital,Primaria,General,Centro Administrativo La Bella,Tarjeta de Identidad,Masculino,11,NA,Primaria
Puntos Vive Digital,Secundaria,General,SAN FERNANDO CUBA,Tarjeta de Identidad,Masculino,12,Afrocolombiano,Secundaria
Puntos Vive Digital,Secundaria,General,CENTRO CULUTRAL LUCY TEJADA,Cédula Ciudadanía,Masculino,42,NA,Secundaria
Puntos Vive Digital,universitario,General,CENTRO CULUTRAL LUCY TEJADA,Cédula Ciudadanía,Masculino,81,NA,universitario
Puntos Vive Digital,universitario,General,CENTRO CULUTRAL LUCY TEJADA,Cédula Ciudadanía,Femenino,31,mestizo,universitario
Puntos Vive Digital,Tecnico,General,CENTRO CULUTRAL LUCY TEJADA,Cédula Ciudadanía,Masculino,59,NA,Tecnico
Puntos Vive Digital,Secundaria,General,CENTRO CULUTRAL LUCY TEJADA,Cédula Ciudadanía,Masculino,24,NA,Secundaria
Puntos Vive Digital,Secundaria,General,El remanso,Tarjeta de Identidad,Masculino,12,Afrocolombiano,Secundaria
Puntos Vive Digital,Secundaria,General,SAN FERNANDO CUBA,Tarjeta de Identidad,Masculino,14,NA,Secundaria
Puntos Vive Digital,Secundaria,General,SAN FERNANDO CUBA,Tarjeta de Identidad,Masculino,14,NA,Secundaria
Puntos Vive Digital,universitario,General,CENTRO CULUTRAL LUCY TEJADA,Cédula Ciudadanía,Femenino,51,NA,universitario
Puntos Vive Digital,tecnico,General,SAN FERNANDO CUBA,Cédula Ciudadanía,Femenino,57,NA,tecnico
Puntos Vive Digital,secundaria,General,SAN FERNANDO CUBA,Cédula Ciudadanía,Femenino,53,NA,secundaria
Puntos Vive Digital,secundaria,General,CENTRO CULUTRAL LUCY TEJADA,Cédula Ciudadanía,Femenino,52,NA,secundaria
Puntos Vive Digital,tecnico,General,SAN FERNANDO CUBA,Cédula Ciudadanía,Femenino,55,NA,tecnico
Puntos Vive Digital,Secundaria,General,SAN FERNANDO CUBA,Cédula Ciudadanía,Masculino,52,NA,Secundaria
Puntos Vive Digital,secundaria,General,SAN FERNANDO CUBA,Cédula Ciudadanía,Femenino,35,NA,secundaria
Puntos Vive Digital,secundaria,General,SAN FERNANDO CUBA,Cédula Ciudadanía,Femenino,46,NA,secundaria
Puntos Vive Digital,Secundaria,General,CENTRO CULUTRAL LUCY TEJADA,Cédula Ciudadanía,Masculino,25,NA,Secundaria
Puntos Vive Digital,Secundaria,General,CENTRO CULUTRAL LUCY TEJADA,Cédula Ciudadanía,Masculino,49,mestizo,Secundaria
Puntos Vive Digital,Secundaria,General,CENTRO CULUTRAL LUCY TEJADA,Cédula Ciudadanía,Masculino,46,NA,Secundaria
Puntos Vive Digital,tecnologico,General,CENTRO CULUTRAL LUCY TEJADA,Cédula Ciudadanía,Masculino,21,NA,tecnologico
Puntos Vive Digital,tecnologico,General,CENTRO CULUTRAL LUCY TEJADA,Cédula Ciudadanía,Masculino,25,NA,tecnologico
Puntos Vive Digital,Secundaria,General,Centro de Desarrollo Vecinal Villa Consota,Tarjeta de Identidad,Masculino,13,mestizo,Secundaria
Puntos Vive Digital,Tecnico,General,SAN FERNANDO CUBA,Cédula Ciudadanía,Masculino,18,NA,Tecnico
Puntos Vive Digital,Secundaria,General,Centro Administrativo La Bella,Tarjeta de Identidad,Masculino,17,NA,Secundaria
Puntos Vive Digital,Secundaria,General,SAN FERNANDO CUBA,Tarjeta de Identidad,Masculino,15,NA,Secundaria
Puntos Vive Digital,secundaria,General,SAN FERNANDO CUBA,Tarjeta de Identidad,Femenino,15,NA,secundaria
Puntos Vive Digital,Secundaria,General,SAN FERNANDO CUBA,Tarjeta de Identidad,Masculino,15,NA,Secundaria
Puntos Vive Digital,Secundaria,General,CENTRO CULUTRAL LUCY TEJADA,Cédula Ciudadanía,Masculino,62,NA,Secundaria
Puntos Vive Digital,Secundaria,General,SAN FERNANDO CUBA,Tarjeta de Identidad,Masculino,16,NA,Secundaria
Puntos Vive Digital,Secundaria,General,SAN FERNANDO CUBA,Tarjeta de Identidad,Masculino,16,NA,Secundaria
Puntos Vive Digital,postgrado,General,CENTRO CULUTRAL LUCY TEJADA,Cédula Ciudadanía,Femenino,-60,NA,postgrado
Puntos Vive Digital,Secundaria,General,CENTRO CULUTRAL LUCY TEJADA,Cédula Ciudadanía,Masculino,43,NA,Secundaria
Puntos Vive Digital,secundaria,General,CENTRO CULUTRAL LUCY TEJADA,Cédula Ciudadanía,Femenino,59,NA,secundaria
Puntos Vive Digital,secundaria,General,CENTRO CULUTRAL LUCY TEJADA,Cédula Ciudadanía,Femenino,40,NA,secundaria
Puntos Vive Digital,tecnico,General,CENTRO CULUTRAL LUCY TEJADA,Cédula Ciudadanía,Femenino,44,NA,tecnico
Puntos Vive Digital,tecnico,General,CENTRO CULUTRAL LUCY TEJADA,Cédula Ciudadanía,Femenino,54,NA,tecnico
Puntos Vive Digital,tecnico,General,CENTRO CULUTRAL LUCY TEJADA,Cédula Ciudadanía,Femenino,61,NA,tecnico
Puntos Vive Digital,secundaria,General,CENTRO CULUTRAL LUCY TEJADA,Cédula Ciudadanía,Femenino,61,NA,secundaria
Puntos Vive Digital,universitario,General,CENTRO CULUTRAL LUCY TEJADA,Cédula Ciudadanía,Femenino,55,NA,universitario
Puntos Vive Digital,tecnico,General,CENTRO CULUTRAL LUCY TEJADA,Cédula Ciudadanía,Femenino,52,NA,tecnico
Puntos Vive Digital,tecnico,General,CENTRO CULUTRAL LUCY TEJADA,Cédula Ciudadanía,Femenino,32,NA,tecnico
Puntos Vive Digital,secundaria,General,SAN FERNANDO CUBA,Tarjeta de Identidad,Femenino,17,NA,secundaria
Puntos Vive Digital,secundaria,General,SAN FERNANDO CUBA,Tarjeta de Identidad,Femenino,15,NA,secundaria
Puntos Vive Digital,secundaria,General,SAN FERNANDO CUBA,Tarjeta de Identidad,Femenino,16,NA,secundaria
Puntos Vive Digital,Secundaria,General,SAN FERNANDO CUBA,Tarjeta de Identidad,Masculino,16,NA,Secundaria
Puntos Vive Digital,Secundaria,General,CENTRO CULUTRAL LUCY TEJADA,Cédula Ciudadanía,Masculino,60,NA,Secundaria
Puntos Vive Digital,Secundaria,General,SAN FERNANDO CUBA,Cédula Ciudadanía,Masculino,18,NA,Secundaria
Puntos Vive Digital,secundaria,General,SAN FERNANDO CUBA,Tarjeta de Identidad,Femenino,15,NA,secundaria
Puntos Vive Digital,secundaria,General,SAN FERNANDO CUBA,Tarjeta de Identidad,Femenino,17,NA,secundaria
Puntos Vive Digital,secundaria,General,SAN FERNANDO CUBA,Tarjeta de Identidad,Femenino,16,NA,secundaria
Puntos Vive Digital,secundaria,General,SAN FERNANDO CUBA,Tarjeta de Identidad,Femenino,16,NA,secundaria
Puntos Vive Digital,Tecnico,General,CENTRO CULUTRAL LUCY TEJADA,Cédula Ciudadanía,Masculino,56,NA,Tecnico
Puntos Vive Digital,Secundaria,General,Centro Administrativo La Bella,Cédula Ciudadanía,Masculino,23,NA,Secundaria
Puntos Vive Digital,Secundaria,General,CENTRO CULUTRAL LUCY TEJADA,Cédula Ciudadanía,Masculino,39,NA,Secundaria
Puntos Vive Digital,Secundaria,General,Centro de Desarrollo Vecinal Villa Consota,Tarjeta de Identidad,Masculino,17,Afrocolombiano,Secundaria
Puntos Vive Digital,secundaria,General,CENTRO CULUTRAL LUCY TEJADA,Cédula Ciudadanía,Femenino,73,NA,secundaria
Puntos Vive Digital,Secundaria,General,Centro de Desarrollo Vecinal Villa Consota,Tarjeta de Identidad,Masculino,14,Afrocolombiano,Secundaria
Puntos Vive Digital,secundaria,General,CENTRO CULUTRAL LUCY TEJADA,Cédula Ciudadanía,Femenino,18,NA,secundaria
Puntos Vive Digital,secundaria,General,CENTRO CULUTRAL LUCY TEJADA,Cédula Ciudadanía,Femenino,18,NA,secundaria
Puntos Vive Digital,Tecnico,General,CENTRO CULUTRAL LUCY TEJADA,Tarjeta de Identidad,Masculino,16,mestizo,Tecnico
Puntos Vive Digital,secundaria,General,CENTRO CULUTRAL LUCY TEJADA,Cédula Ciudadanía,Femenino,18,NA,secundaria
Puntos Vive Digital,Secundaria,General,El remanso,Tarjeta de Identidad,Masculino,10,mestizo,Secundaria
Puntos Vive Digital,Primaria,General,Centro Administrativo La Bella,Tarjeta de Identidad,Masculino,11,NA,Primaria
Puntos Vive Digital,secundaria,General,Centro de Desarrollo Vecinal Villa Consota,Tarjeta de Identidad,Femenino,16,mestizo,secundaria
Puntos Vive Digital,secundaria,General,Centro de Desarrollo Vecinal Villa Consota,Tarjeta de Identidad,Femenino,17,mestizo,secundaria
Puntos Vive Digital,Primaria,General,Centro Administrativo La Bella,Tarjeta de Identidad,Masculino,12,NA,Primaria
Puntos Vive Digital,primaria,General,Centro Administrativo La Bella,Tarjeta de Identidad,Femenino,10,NA,primaria
Puntos Vive Digital,Secundaria,General,El remanso,Tarjeta de Identidad,Masculino,13,mestizo,Secundaria
Puntos Vive Digital,Primaria,General,El remanso,Tarjeta de Identidad,Masculino,9,mestizo,Primaria
Puntos Vive Digital,primaria,General,El remanso,Tarjeta de Identidad,Femenino,10,Afrocolombiano,primaria
Puntos Vive Digital,Primaria,General,El remanso,Tarjeta de Identidad,Masculino,8,Afrocolombiano,Primaria
Puntos Vive Digital,Primaria,General,Centro Administrativo La Bella,Tarjeta de Identidad,Masculino,11,NA,Primaria
Puntos Vive Digital,primaria,General,Centro Administrativo La Bella,Tarjeta de Identidad,Femenino,9,NA,primaria
Puntos Vive Digital,primaria,General,Centro Administrativo La Bella,Tarjeta de Identidad,Femenino,10,NA,primaria
Puntos Vive Digital,primaria,General,Centro Administrativo La Bella,Tarjeta de Identidad,Femenino,11,NA,primaria
Puntos Vive Digital,primaria,General,Centro Administrativo La Bella,Tarjeta de Identidad,Femenino,10,NA,primaria
Puntos Vive Digital,Primaria,General,Centro de Desarrollo Vecinal Villa Consota,Tarjeta de Identidad,Masculino,9,mestizo,Primaria
Puntos Vive Digital,Primaria,General,Centro de Desarrollo Vecinal Villa Consota,Registro Civil,Masculino,7,mestizo,Primaria
Puntos Vive Digital,Secundaria,General,SAN FERNANDO CUBA,Tarjeta de Identidad,Masculino,12,Afrocolombiano,Secundaria
Puntos Vive Digital,Primaria,General,SAN FERNANDO CUBA,Tarjeta de Identidad,Masculino,12,NA,Primaria
Puntos Vive Digital,Primaria,General,SAN FERNANDO CUBA,Tarjeta de Identidad,Masculino,10,NA,Primaria
Puntos Vive Digital,tecnologico,General,CENTRO CULUTRAL LUCY TEJADA,Cédula Ciudadanía,Masculino,30,NA,tecnologico
Puntos Vive Digital,Secundaria,General,Centro de Desarrollo Vecinal Villa Consota,Tarjeta de Identidad,Masculino,13,mestizo,Secundaria
Puntos Vive Digital,tecnico,General,CENTRO CULUTRAL LUCY TEJADA,Cédula Ciudadanía,Femenino,37,NA,tecnico
Puntos Vive Digital,Secundaria,General,CENTRO CULUTRAL LUCY TEJADA,Cédula Ciudadanía,Masculino,39,NA,Secundaria
Puntos Vive Digital,Secundaria,General,Centro Administrativo La Bella,Tarjeta de Identidad,Masculino,17,NA,Secundaria
Puntos Vive Digital,Secundaria,General,Centro Administrativo La Bella,Cédula Ciudadanía,Masculino,23,NA,Secundaria
Puntos Vive Digital,Secundaria,General,CENTRO CULUTRAL LUCY TEJADA,Cédula Ciudadanía,Masculino,33,NA,Secundaria
Puntos Vive Digital,Secundaria,General,SAN FERNANDO CUBA,Cédula Ciudadanía,Masculino,19,NA,Secundaria
Puntos Vive Digital,Secundaria,General,Centro de Desarrollo Vecinal Villa Consota,Tarjeta de Identidad,Masculino,14,Afrocolombiano,Secundaria
Puntos Vive Digital,Secundaria,General,Centro de Desarrollo Vecinal Villa Consota,Tarjeta de Identidad,Masculino,17,Afrocolombiano,Secundaria
Puntos Vive Digital,secundaria,General,SAN FERNANDO CUBA,Tarjeta de Identidad,Femenino,16,NA,secundaria
Puntos Vive Digital,secundaria,General,SAN FERNANDO CUBA,Permiso por Protección Temporal,Femenino,17,NA,secundaria
Puntos Vive Digital,universitario,General,SAN FERNANDO CUBA,Cédula Ciudadanía,Masculino,44,NA,universitario
Puntos Vive Digital,Secundaria,General,SAN FERNANDO CUBA,Tarjeta de Identidad,Masculino,16,NA,Secundaria
Puntos Vive Digital,secundaria,General,SAN FERNANDO CUBA,Tarjeta de Identidad,Femenino,15,NA,secundaria
Puntos Vive Digital,secundaria,General,SAN FERNANDO CUBA,Tarjeta de Identidad,Femenino,17,NA,secundaria
Puntos Vive Digital,Secundaria,General,SAN FERNANDO CUBA,Tarjeta de Identidad,Masculino,17,NA,Secundaria
Puntos Vive Digital,Secundaria,General,SAN FERNANDO CUBA,Permiso por Protección Temporal,Masculino,18,NA,Secundaria
Puntos Vive Digital,Secundaria,General,SAN FERNANDO CUBA,Cédula Ciudadanía,Masculino,19,NA,Secundaria
Puntos Vive Digital,Secundaria,General,SAN FERNANDO CUBA,Cédula Ciudadanía,Masculino,18,NA,Secundaria
Puntos Vive Digital,Secundaria,General,SAN FERNANDO CUBA,Cédula Ciudadanía,Masculino,19,NA,Secundaria
Puntos Vive Digital,secundaria,General,SAN FERNANDO CUBA,Tarjeta de Identidad,Femenino,17,NA,secundaria
Puntos Vive Digital,Secundaria,General,SAN FERNANDO CUBA,Tarjeta de Identidad,Masculino,15,NA,Secundaria
Puntos Vive Digital,Secundaria,General,SAN FERNANDO CUBA,Tarjeta de Identidad,Masculino,17,NA,Secundaria
Puntos Vive Digital,Secundaria,General,Centro Administrativo La Bella,Cédula Ciudadanía,Masculino,25,NA,Secundaria
Puntos Vive Digital,secundaria,General,Centro Administrativo La Bella,Cédula Ciudadanía,Femenino,26,NA,secundaria
Puntos Vive Digital,Secundaria,General,Centro Administrativo La Bella,Cédula Ciudadanía,Masculino,28,NA,Secundaria
Puntos Vive Digital,Secundaria,General,Centro Administrativo La Bella,Tarjeta de Identidad,Masculino,11,NA,Secundaria
Puntos Vive Digital,Secundaria,General,Centro Administrativo La Bella,Tarjeta de Identidad,Masculino,13,NA,Secundaria
Puntos Vive Digital,Secundaria,General,Centro Administrativo La Bella,Tarjeta de Identidad,Masculino,12,NA,Secundaria
Puntos Vive Digital,secundaria,General,Centro Administrativo La Bella,Tarjeta de Identidad,Femenino,13,NA,secundaria
Puntos Vive Digital,secundaria,General,Centro Administrativo La Bella,Tarjeta de Identidad,Femenino,12,NA,secundaria
Puntos Vive Digital,secundaria,General,Centro Administrativo La Bella,Tarjeta de Identidad,Femenino,16,NA,secundaria
Puntos Vive Digital,Secundaria,General,El remanso,Tarjeta de Identidad,Masculino,15,mestizo,Secundaria
Puntos Vive Digital,Primaria,General,El remanso,Tarjeta de Identidad,Masculino,14,Afrocolombiano,Primaria
Puntos Vive Digital,Secundaria,General,El remanso,Tarjeta de Identidad,Masculino,11,Afrocolombiano,Secundaria
Puntos Vive Digital,secundaria,General,Centro Administrativo La Bella,Tarjeta de Identidad,Femenino,14,NA,secundaria
Puntos Vive Digital,Secundaria,General,Centro Administrativo La Bella,Tarjeta de Identidad,Masculino,12,NA,Secundaria
Puntos Vive Digital,primaria,General,Centro Administrativo La Bella,Tarjeta de Identidad,Femenino,10,NA,primaria
Puntos Vive Digital,Primaria,General,Centro Administrativo La Bella,Tarjeta de Identidad,Masculino,12,NA,Primaria
Puntos Vive Digital,Secundaria,General,Centro Administrativo La Bella,Cédula Ciudadanía,Masculino,23,NA,Secundaria
Puntos Vive Digital,Secundaria,General,Centro de Desarrollo Vecinal Villa Consota,Tarjeta de Identidad,Masculino,13,mestizo,Secundaria
Puntos Vive Digital,Primaria,General,Centro de Desarrollo Vecinal Villa Consota,Tarjeta de Identidad,Masculino,9,mestizo,Primaria
Puntos Vive Digital,Primaria,General,Centro de Desarrollo Vecinal Villa Consota,Registro Civil,Masculino,7,mestizo,Primaria
Puntos Vive Digital,Primaria,General,El remanso,Tarjeta de Identidad,Masculino,9,mestizo,Primaria
Puntos Vive Digital,Secundaria,General,El remanso,Tarjeta de Identidad,Masculino,12,Afrocolombiano,Secundaria
Puntos Vive Digital,Secundaria,General,El remanso,Tarjeta de Identidad,Masculino,11,mestizo,Secundaria
Puntos Vive Digital,Secundaria,General,El remanso,Tarjeta de Identidad,Masculino,13,mestizo,Secundaria
Puntos Vive Digital,Primaria,General,SAN FERNANDO CUBA,Permiso por Protección Temporal,Masculino,15,NA,Primaria
Puntos Vive Digital,Secundaria,General,Centro de Desarrollo Vecinal Villa Consota,Tarjeta de Identidad,Masculino,11,Afrocolombiano,Secundaria
Puntos Vive Digital,Secundaria,General,Centro de Desarrollo Vecinal Villa Consota,Tarjeta de Identidad,Masculino,13,mestizo,Secundaria
Puntos Vive Digital,Secundaria,General,Centro de Desarrollo Vecinal Villa Consota,Tarjeta de Identidad,Masculino,14,Afrocolombiano,Secundaria
Puntos Vive Digital,Secundaria,General,Centro de Desarrollo Vecinal Villa Consota,Tarjeta de Identidad,Masculino,17,Afrocolombiano,Secundaria
Puntos Vive Digital,Primaria,General,Centro Administrativo La Bella,Tarjeta de Identidad,Masculino,11,NA,Primaria
Puntos Vive Digital,Secundaria,General,El remanso,Cédula Ciudadanía,Masculino,30,mestizo,Secundaria
Puntos Vive Digital,Secundaria,General,SAN FERNANDO CUBA,Cédula Ciudadanía,Masculino,18,NA,Secundaria
Puntos Vive Digital,secundaria,General,Centro Administrativo La Bella,Tarjeta de Identidad,Femenino,13,NA,secundaria
Puntos Vive Digital,Secundaria,General,El remanso,Tarjeta de Identidad,Masculino,10,mestizo,Secundaria
Puntos Vive Digital,Primaria,General,Centro Administrativo La Bella,Tarjeta de Identidad,Masculino,8,NA,Primaria
Puntos Vive Digital,secundaria,General,Centro Administrativo La Bella,Cédula Ciudadanía,Femenino,35,NA,secundaria
Puntos Vive Digital,Primaria,General,Centro Administrativo La Bella,Tarjeta de Identidad,Masculino,11,NA,Primaria
Puntos Vive Digital,primaria,General,Centro Administrativo La Bella,Tarjeta de Identidad,Femenino,9,NA,primaria
Puntos Vive Digital,Primaria,General,Centro Administrativo La Bella,Tarjeta de Identidad,Masculino,11,NA,Primaria
Puntos Vive Digital,Primaria,General,Centro Administrativo La Bella,Tarjeta de Identidad,Masculino,12,NA,Primaria
Puntos Vive Digital,Secundaria,General,CENTRO CULUTRAL LUCY TEJADA,Cédula Ciudadanía,Masculino,17,NA,Secundaria
Puntos Vive Digital,Primaria,General,SAN FERNANDO CUBA,Permiso por Protección Temporal,Masculino,15,NA,Primaria
Puntos Vive Digital,universitario,General,CENTRO CULUTRAL LUCY TEJADA,Cédula Ciudadanía,Femenino,27,NA,universitario
Puntos Vive Digital,Secundaria,General,CENTRO CULUTRAL LUCY TEJADA,Cédula Ciudadanía,Masculino,66,NA,Secundaria
Puntos Vive Digital,universitario,General,CENTRO CULUTRAL LUCY TEJADA,Cédula Ciudadanía,Femenino,70,NA,universitario
Puntos Vive Digital,Secundaria,General,CENTRO CULUTRAL LUCY TEJADA,Cédula Ciudadanía,Masculino,64,NA,Secundaria
Puntos Vive Digital,secundaria,General,SAN FERNANDO CUBA,Cédula Ciudadanía,Femenino,35,Afrocolombiano,secundaria
Puntos Vive Digital,primaria,General,CENTRO CULUTRAL LUCY TEJADA,Cédula Ciudadanía,Femenino,62,NA,primaria
Puntos Vive Digital,Secundaria,General,SAN FERNANDO CUBA,Cédula Ciudadanía,Masculino,53,NA,Secundaria
Puntos Vive Digital,Secundaria,General,SAN FERNANDO CUBA,Cédula Ciudadanía,Masculino,62,NA,Secundaria
Puntos Vive Digital,tecnico,General,SAN FERNANDO CUBA,Cédula Ciudadanía,Femenino,60,NA,tecnico
Puntos Vive Digital,Tecnico,General,SAN FERNANDO CUBA,Cédula Ciudadanía,Masculino,61,NA,Tecnico
Puntos Vive Digital,secundaria,General,SAN FERNANDO CUBA,Cédula Ciudadanía,Femenino,47,NA,secundaria
Puntos Vive Digital,secundaria,General,SAN FERNANDO CUBA,Cédula Ciudadanía,Femenino,45,NA,secundaria
Puntos Vive Digital,secundaria,General,SAN FERNANDO CUBA,Cédula Ciudadanía,Femenino,55,NA,secundaria
Puntos Vive Digital,secundaria,General,SAN FERNANDO CUBA,Cédula Ciudadanía,Femenino,43,NA,secundaria
Puntos Vive Digital,secundaria,General,SAN FERNANDO CUBA,Cédula Ciudadanía,Femenino,19,NA,secundaria
Puntos Vive Digital,secundaria,General,SAN FERNANDO CUBA,Cédula Ciudadanía,Femenino,54,NA,secundaria
Puntos Vive Digital,tecnico,General,SAN FERNANDO CUBA,Cédula Ciudadanía,Femenino,49,NA,tecnico
Puntos Vive Digital,secundaria,General,SAN FERNANDO CUBA,Cédula Ciudadanía,Femenino,41,NA,secundaria
Puntos Vive Digital,secundaria,General,SAN FERNANDO CUBA,Cédula Ciudadanía,Femenino,35,NA,secundaria
Puntos Vive Digital,tecnico,General,SAN FERNANDO CUBA,Cédula Ciudadanía,Femenino,44,NA,tecnico
Puntos Vive Digital,secundaria,General,SAN FERNANDO CUBA,Cédula Ciudadanía,Femenino,38,NA,secundaria
Puntos Vive Digital,primaria,General,SAN FERNANDO CUBA,Cédula Ciudadanía,Femenino,46,NA,primaria
Puntos Vive Digital,tecnico,General,SAN FERNANDO CUBA,Cédula Ciudadanía,Femenino,41,NA,tecnico
Puntos Vive Digital,tecnico,General,SAN FERNANDO CUBA,Cédula Ciudadanía,Femenino,55,NA,tecnico
Puntos Vive Digital,tecnico,General,SAN FERNANDO CUBA,Cédula Ciudadanía,Femenino,55,NA,tecnico
Puntos Vive Digital,tecnico,General,SAN FERNANDO CUBA,Cédula Ciudadanía,Femenino,39,NA,tecnico
Puntos Vive Digital,Secundaria,General,SAN FERNANDO CUBA,Cédula Ciudadanía,Masculino,52,NA,Secundaria
Puntos Vive Digital,secundaria,General,Centro de Desarrollo Vecinal Villa Consota,Tarjeta de Identidad,Femenino,11,mestizo,secundaria
Puntos Vive Digital,universitario,General,CENTRO CULUTRAL LUCY TEJADA,Cédula Ciudadanía,Femenino,55,NA,universitario
Puntos Vive Digital,secundaria,General,Centro de Desarrollo Vecinal Villa Consota,Tarjeta de Identidad,Femenino,16,Afrocolombiano,secundaria
Puntos Vive Digital,secundaria,General,Centro de Desarrollo Vecinal Villa Consota,Tarjeta de Identidad,Femenino,17,mestizo,secundaria
Puntos Vive Digital,secundaria,General,Centro de Desarrollo Vecinal Villa Consota,Tarjeta de Identidad,Femenino,16,mestizo,secundaria
Puntos Vive Digital,secundaria,General,Centro de Desarrollo Vecinal Villa Consota,Cédula Ciudadanía,Femenino,18,mestizo,secundaria
Puntos Vive Digital,Primaria,General,Centro de Desarrollo Vecinal Villa Consota,Tarjeta de Identidad,Masculino,11,mestizo,Primaria
Puntos Vive Digital,Secundaria,General,Centro de Desarrollo Vecinal Villa Consota,Tarjeta de Identidad,Masculino,13,mestizo,Secundaria
Puntos Vive Digital,Secundaria,General,Centro de Desarrollo Vecinal Villa Consota,Tarjeta de Identidad,Masculino,14,Afrocolombiano,Secundaria
Puntos Vive Digital,Secundaria,General,Centro de Desarrollo Vecinal Villa Consota,Tarjeta de Identidad,Masculino,17,Afrocolombiano,Secundaria
Puntos Vive Digital,Secundaria,General,Centro Administrativo La Bella,Cédula Ciudadanía,Masculino,23,NA,Secundaria
Puntos Vive Digital,Secundaria,General,CENTRO CULUTRAL LUCY TEJADA,Cédula Ciudadanía,Masculino,33,NA,Secundaria
Puntos Vive Digital,Tecnico,General,CENTRO CULUTRAL LUCY TEJADA,Cédula Ciudadanía,Masculino,52,NA,Tecnico
Puntos Vive Digital,universitario,General,CENTRO CULUTRAL LUCY TEJADA,Cédula Ciudadanía,Femenino,24,NA,universitario
Puntos Vive Digital,secundaria,General,CENTRO CULUTRAL LUCY TEJADA,Cédula Ciudadanía,Femenino,73,NA,secundaria
Puntos Vive Digital,Primaria,General,El remanso,Tarjeta de Identidad,Masculino,9,mestizo,Primaria
Puntos Vive Digital,secundaria,General,CENTRO CULUTRAL LUCY TEJADA,Cédula Ciudadanía,Femenino,66,NA,secundaria
Puntos Vive Digital,secundaria,General,CENTRO CULUTRAL LUCY TEJADA,Cédula Ciudadanía,Femenino,66,NA,secundaria
Puntos Vive Digital,Tecnico,General,CENTRO CULUTRAL LUCY TEJADA,Cédula Ciudadanía,Masculino,52,NA,Tecnico
Puntos Vive Digital,universitario,General,CENTRO CULUTRAL LUCY TEJADA,Cédula Ciudadanía,Masculino,80,NA,universitario
Puntos Vive Digital,primaria,General,CENTRO CULUTRAL LUCY TEJADA,Cédula Ciudadanía,Femenino,62,NA,primaria
Puntos Vive Digital,Primaria,General,Centro de Desarrollo Vecinal Villa Consota,Registro Civil,Masculino,7,mestizo,Primaria
Puntos Vive Digital,Primaria,General,Centro de Desarrollo Vecinal Villa Consota,Tarjeta de Identidad,Masculino,9,mestizo,Primaria
Puntos Vive Digital,Primaria,General,Centro Administrativo La Bella,Tarjeta de Identidad,Masculino,12,NA,Primaria
Puntos Vive Digital,Primaria,General,Centro Administrativo La Bella,Tarjeta de Identidad,Masculino,12,NA,Primaria
Puntos Vive Digital,primaria,General,Centro Administrativo La Bella,Tarjeta de Identidad,Femenino,11,NA,primaria
Puntos Vive Digital,primaria,General,Centro Administrativo La Bella,Tarjeta de Identidad,Femenino,11,NA,primaria
Puntos Vive Digital,Primaria,General,Centro Administrativo La Bella,Tarjeta de Identidad,Masculino,11,NA,Primaria
Puntos Vive Digital,primaria,General,Centro Administrativo La Bella,Tarjeta de Identidad,Femenino,9,NA,primaria
Puntos Vive Digital,universitario,General,CENTRO CULUTRAL LUCY TEJADA,Cédula Ciudadanía,Femenino,27,NA,universitario
Puntos Vive Digital,Secundaria,General,Centro de Desarrollo Vecinal Villa Consota,Cédula Ciudadanía,Masculino,22,mestizo,Secundaria
Puntos Vive Digital,Secundaria,General,Centro de Desarrollo Vecinal Villa Consota,Tarjeta de Identidad,Masculino,11,Afrocolombiano,Secundaria
Puntos Vive Digital,tecnico,General,SAN FERNANDO CUBA,Cédula Ciudadanía,Femenino,57,NA,tecnico
Puntos Vive Digital,secundaria,General,SAN FERNANDO CUBA,Cédula Ciudadanía,Femenino,46,NA,secundaria
Puntos Vive Digital,universitario,General,CENTRO CULUTRAL LUCY TEJADA,Cédula Ciudadanía,Masculino,81,NA,universitario
Puntos Vive Digital,secundaria,General,SAN FERNANDO CUBA,Cédula Ciudadanía,Femenino,46,NA,secundaria
Puntos Vive Digital,secundaria,General,CENTRO CULUTRAL LUCY TEJADA,Cédula Ciudadanía,Femenino,39,NA,secundaria
Puntos Vive Digital,Secundaria,General,SAN FERNANDO CUBA,Cédula Ciudadanía,Masculino,52,NA,Secundaria
Puntos Vive Digital,Secundaria,General,SAN FERNANDO CUBA,Tarjeta de Identidad,Masculino,12,NA,Secundaria
Puntos Vive Digital,tecnico,General,SAN FERNANDO CUBA,Cédula Ciudadanía,Femenino,1,NA,tecnico
Puntos Vive Digital,tecnico,General,SAN FERNANDO CUBA,Cédula Ciudadanía,Femenino,39,NA,tecnico
Puntos Vive Digital,Secundaria,General,CENTRO CULUTRAL LUCY TEJADA,Cédula Ciudadanía,Masculino,42,NA,Secundaria
Puntos Vive Digital,tecnico,General,SAN FERNANDO CUBA,Cédula Ciudadanía,Femenino,44,NA,tecnico
Puntos Vive Digital,secundaria,General,CENTRO CULUTRAL LUCY TEJADA,Cédula Ciudadanía,Femenino,52,NA,secundaria
Puntos Vive Digital,tecnico,General,SAN FERNANDO CUBA,Cédula Ciudadanía,Femenino,53,NA,tecnico
Puntos Vive Digital,Secundaria,General,CENTRO CULUTRAL LUCY TEJADA,Cédula Ciudadanía,Masculino,46,NA,Secundaria
Puntos Vive Digital,universitario,General,CENTRO CULUTRAL LUCY TEJADA,Cédula Ciudadanía,Masculino,48,NA,universitario
Puntos Vive Digital,Secundaria,General,CENTRO CULUTRAL LUCY TEJADA,Cédula Ciudadanía,Masculino,38,NA,Secundaria
Puntos Vive Digital,Secundaria,General,CENTRO CULUTRAL LUCY TEJADA,Cédula Ciudadanía,Masculino,24,NA,Secundaria
Puntos Vive Digital,Secundaria,General,CENTRO CULUTRAL LUCY TEJADA,Cédula Ciudadanía,Masculino,49,mestizo,Secundaria
Puntos Vive Digital,Secundaria,General,CENTRO CULUTRAL LUCY TEJADA,Cédula Ciudadanía,Masculino,19,NA,Secundaria
Puntos Vive Digital,Secundaria,General,CENTRO CULUTRAL LUCY TEJADA,Cédula Ciudadanía,Masculino,19,NA,Secundaria
Puntos Vive Digital,universitario,General,CENTRO CULUTRAL LUCY TEJADA,Cédula Ciudadanía,Masculino,80,NA,universitario
Puntos Vive Digital,universitario,General,CENTRO CULUTRAL LUCY TEJADA,Cédula Ciudadanía,Femenino,47,NA,universitario
Puntos Vive Digital,Secundaria,General,Centro Administrativo La Bella,Cédula Ciudadanía,Masculino,23,NA,Secundaria
Puntos Vive Digital,Secundaria,General,CENTRO CULUTRAL LUCY TEJADA,Cédula Ciudadanía,Masculino,33,NA,Secundaria
Puntos Vive Digital,Secundaria,General,Centro de Desarrollo Vecinal Villa Consota,Tarjeta de Identidad,Masculino,13,mestizo,Secundaria
Puntos Vive Digital,Secundaria,General,Centro de Desarrollo Vecinal Villa Consota,Tarjeta de Identidad,Masculino,14,Afrocolombiano,Secundaria
Puntos Vive Digital,Secundaria,General,Centro de Desarrollo Vecinal Villa Consota,Tarjeta de Identidad,Masculino,17,Afrocolombiano,Secundaria
Puntos Vive Digital,secundaria,General,SAN FERNANDO CUBA,Tarjeta de Identidad,Femenino,16,NA,secundaria
Puntos Vive Digital,secundaria,General,SAN FERNANDO CUBA,Tarjeta de Identidad,Femenino,17,NA,secundaria
Puntos Vive Digital,secundaria,General,SAN FERNANDO CUBA,Tarjeta de Identidad,Femenino,15,NA,secundaria
Puntos Vive Digital,Secundaria,General,SAN FERNANDO CUBA,Tarjeta de Identidad,Masculino,15,NA,Secundaria
Puntos Vive Digital,Secundaria,General,SAN FERNANDO CUBA,Tarjeta de Identidad,Masculino,17,NA,Secundaria
Puntos Vive Digital,Secundaria,General,SAN FERNANDO CUBA,Tarjeta de Identidad,Masculino,16,NA,Secundaria
Puntos Vive Digital,Secundaria,General,SAN FERNANDO CUBA,Tarjeta de Identidad,Masculino,16,NA,Secundaria
Puntos Vive Digital,secundaria,General,SAN FERNANDO CUBA,Tarjeta de Identidad,Femenino,15,NA,secundaria
Puntos Vive Digital,secundaria,General,SAN FERNANDO CUBA,Tarjeta de Identidad,Femenino,15,NA,secundaria
Puntos Vive Digital,Secundaria,General,SAN FERNANDO CUBA,Tarjeta de Identidad,Masculino,17,NA,Secundaria
Puntos Vive Digital,secundaria,General,SAN FERNANDO CUBA,Tarjeta de Identidad,Femenino,16,NA,secundaria
Puntos Vive Digital,Secundaria,General,SAN FERNANDO CUBA,Tarjeta de Identidad,Masculino,16,NA,Secundaria
Puntos Vive Digital,Secundaria,General,CENTRO CULUTRAL LUCY TEJADA,Cédula Ciudadanía,Masculino,33,NA,Secundaria
Puntos Vive Digital,Secundaria,General,CENTRO CULUTRAL LUCY TEJADA,Cédula Ciudadanía,Masculino,63,NA,Secundaria
Puntos Vive Digital,secundaria,General,CENTRO CULUTRAL LUCY TEJADA,Permiso por Protección Temporal,Femenino,25,NA,secundaria
Puntos Vive Digital,Secundaria,General,CENTRO CULUTRAL LUCY TEJADA,Cédula Ciudadanía,Masculino,30,NA,Secundaria
Puntos Vive Digital,universitario,General,CENTRO CULUTRAL LUCY TEJADA,Cédula Ciudadanía,Masculino,62,NA,universitario
Puntos Vive Digital,secundaria,General,CENTRO CULUTRAL LUCY TEJADA,Cédula Ciudadanía,Femenino,52,NA,secundaria
Puntos Vive Digital,Primaria,General,Centro Administrativo La Bella,Tarjeta de Identidad,Masculino,7,NA,Primaria
Puntos Vive Digital,primaria,General,Centro Administrativo La Bella,Tarjeta de Identidad,Femenino,10,NA,primaria
Puntos Vive Digital,Secundaria,General,El remanso,Tarjeta de Identidad,Masculino,10,mestizo,Secundaria
Puntos Vive Digital,Secundaria,General,Centro Administrativo La Bella,Cédula Ciudadanía,Masculino,18,NA,Secundaria
Puntos Vive Digital,Primaria,General,SAN FERNANDO CUBA,Tarjeta de Identidad,Masculino,10,NA,Primaria
Puntos Vive Digital,Secundaria,General,Centro Administrativo La Bella,Cédula Ciudadanía,Masculino,18,NA,Secundaria
Puntos Vive Digital,Primaria,General,SAN FERNANDO CUBA,Tarjeta de Identidad,Masculino,12,NA,Primaria
Puntos Vive Digital,secundaria,General,Centro Administrativo La Bella,Tarjeta de Identidad,Femenino,17,NA,secundaria
Puntos Vive Digital,secundaria,General,Centro Administrativo La Bella,Tarjeta de Identidad,Femenino,15,NA,secundaria
Puntos Vive Digital,secundaria,General,Centro Administrativo La Bella,Tarjeta de Identidad,Femenino,16,NA,secundaria
Puntos Vive Digital,secundaria,General,Centro Administrativo La Bella,Tarjeta de Identidad,Femenino,16,NA,secundaria
Puntos Vive Digital,secundaria,General,Centro Administrativo La Bella,Tarjeta de Identidad,Femenino,16,NA,secundaria
Puntos Vive Digital,Secundaria,General,Centro Administrativo La Bella,Tarjeta de Identidad,Masculino,16,NA,Secundaria
Puntos Vive Digital,secundaria,General,Centro Administrativo La Bella,Tarjeta de Identidad,Femenino,16,NA,secundaria
Puntos Vive Digital,secundaria,General,Centro Administrativo La Bella,Tarjeta de Identidad,Femenino,17,NA,secundaria
Puntos Vive Digital,secundaria,General,Centro Administrativo La Bella,Tarjeta de Identidad,Femenino,17,NA,secundaria
Puntos Vive Digital,secundaria,General,Centro Administrativo La Bella,Tarjeta de Identidad,Femenino,17,NA,secundaria
Puntos Vive Digital,Secundaria,General,Centro Administrativo La Bella,Cédula Ciudadanía,Masculino,19,NA,Secundaria
Puntos Vive Digital,Primaria,General,El remanso,Tarjeta de Identidad,Masculino,9,mestizo,Primaria
Puntos Vive Digital,Primaria,General,El remanso,Tarjeta de Identidad,Masculino,9,Afrocolombiano,Primaria
Puntos Vive Digital,Secundaria,General,CENTRO CULUTRAL LUCY TEJADA,Cédula Ciudadanía,Masculino,63,NA,Secundaria
Puntos Vive Digital,Primaria,General,SAN FERNANDO CUBA,Permiso por Protección Temporal,Masculino,11,NA,Primaria
Puntos Vive Digital,Primaria,General,Centro de Desarrollo Vecinal Villa Consota,Tarjeta de Identidad,Masculino,9,mestizo,Primaria
Puntos Vive Digital,Primaria,General,Centro Administrativo La Bella,Tarjeta de Identidad,Masculino,12,NA,Primaria
Puntos Vive Digital,primaria,General,Centro Administrativo La Bella,Tarjeta de Identidad,Femenino,9,NA,primaria
Puntos Vive Digital,Secundaria,General,SAN FERNANDO CUBA,Cédula Ciudadanía,Masculino,18,NA,Secundaria
Puntos Vive Digital,Secundaria,General,CENTRO CULUTRAL LUCY TEJADA,Cédula Ciudadanía,Masculino,50,NA,Secundaria
Puntos Vive Digital,Secundaria,General,CENTRO CULUTRAL LUCY TEJADA,Cédula Ciudadanía,Masculino,24,NA,Secundaria
Puntos Vive Digital,secundaria,General,CENTRO CULUTRAL LUCY TEJADA,Cédula Ciudadanía,Femenino,52,NA,secundaria
Puntos Vive Digital,Secundaria,General,CENTRO CULUTRAL LUCY TEJADA,Cédula Ciudadanía,Masculino,38,NA,Secundaria
Puntos Vive Digital,Tecnico,General,CENTRO CULUTRAL LUCY TEJADA,Tarjeta de Identidad,Masculino,17,NA,Tecnico
Puntos Vive Digital,Tecnico,General,CENTRO CULUTRAL LUCY TEJADA,Tarjeta de Identidad,Masculino,17,NA,Tecnico
Puntos Vive Digital,Secundaria,General,CENTRO CULUTRAL LUCY TEJADA,Cédula Ciudadanía,Masculino,45,NA,Secundaria
Puntos Vive Digital,Secundaria,General,CENTRO CULUTRAL LUCY TEJADA,Cédula Ciudadanía,Masculino,19,NA,Secundaria
Puntos Vive Digital,Secundaria,General,CENTRO CULUTRAL LUCY TEJADA,Cédula Ciudadanía,Masculino,49,mestizo,Secundaria
Puntos Vive Digital,universitario,General,CENTRO CULUTRAL LUCY TEJADA,Cédula Ciudadanía,Masculino,48,NA,universitario
Puntos Vive Digital,Secundaria,General,CENTRO CULUTRAL LUCY TEJADA,Cédula Ciudadanía,Masculino,46,NA,Secundaria
Puntos Vive Digital,Secundaria,General,Centro de Desarrollo Vecinal Villa Consota,Tarjeta de Identidad,Masculino,13,mestizo,Secundaria
Puntos Vive Digital,Secundaria,General,Centro de Desarrollo Vecinal Villa Consota,Tarjeta de Identidad,Masculino,17,Afrocolombiano,Secundaria
Puntos Vive Digital,Primaria,General,Centro de Desarrollo Vecinal Villa Consota,Registro Civil,Masculino,7,mestizo,Primaria
Puntos Vive Digital,Secundaria,General,Centro de Desarrollo Vecinal Villa Consota,Tarjeta de Identidad,Masculino,14,Afrocolombiano,Secundaria
Puntos Vive Digital,Secundaria,General,Centro de Desarrollo Vecinal Villa Consota,Tarjeta de Identidad,Masculino,14,Afrocolombiano,Secundaria
Puntos Vive Digital,Secundaria,General,Centro de Desarrollo Vecinal Villa Consota,Cédula Ciudadanía,Masculino,22,mestizo,Secundaria
Puntos Vive Digital,Secundaria,General,Centro Administrativo La Bella,Tarjeta de Identidad,Masculino,17,NA,Secundaria
Puntos Vive Digital,Secundaria,General,Centro Administrativo La Bella,Cédula Ciudadanía,Masculino,23,NA,Secundaria
Puntos Vive Digital,Secundaria,General,Centro de Desarrollo Vecinal Villa Consota,Tarjeta de Identidad,Masculino,13,mestizo,Secundaria
Puntos Vive Digital,Primaria,General,Centro de Desarrollo Vecinal Villa Consota,Tarjeta de Identidad,Masculino,9,mestizo,Primaria
Puntos Vive Digital,Primaria,General,Centro de Desarrollo Vecinal Villa Consota,Registro Civil,Masculino,7,mestizo,Primaria
Puntos Vive Digital,Secundaria,General,Centro de Desarrollo Vecinal Villa Consota,Tarjeta de Identidad,Masculino,17,Afrocolombiano,Secundaria
Puntos Vive Digital,Secundaria,General,Centro de Desarrollo Vecinal Villa Consota,Tarjeta de Identidad,Masculino,14,Afrocolombiano,Secundaria
Puntos Vive Digital,secundaria,General,SAN FERNANDO CUBA,Tarjeta de Identidad,Femenino,16,NA,secundaria
Puntos Vive Digital,secundaria,General,SAN FERNANDO CUBA,Permiso por Protección Temporal,Femenino,17,NA,secundaria
Puntos Vive Digital,Secundaria,General,SAN FERNANDO CUBA,Tarjeta de Identidad,Masculino,17,NA,Secundaria
Puntos Vive Digital,secundaria,General,SAN FERNANDO CUBA,Tarjeta de Identidad,Femenino,17,NA,secundaria
Puntos Vive Digital,secundaria,General,SAN FERNANDO CUBA,Cédula Ciudadanía,Femenino,18,NA,secundaria
Puntos Vive Digital,Secundaria,General,SAN FERNANDO CUBA,Cédula Ciudadanía,Masculino,18,NA,Secundaria
Puntos Vive Digital,Secundaria,General,SAN FERNANDO CUBA,Cédula Ciudadanía,Masculino,19,NA,Secundaria
Puntos Vive Digital,Secundaria,General,SAN FERNANDO CUBA,Permiso por Protección Temporal,Masculino,18,NA,Secundaria
Puntos Vive Digital,Secundaria,General,SAN FERNANDO CUBA,Tarjeta de Identidad,Masculino,17,NA,Secundaria
Puntos Vive Digital,secundaria,General,SAN FERNANDO CUBA,Tarjeta de Identidad,Femenino,15,NA,secundaria
Puntos Vive Digital,Secundaria,General,SAN FERNANDO CUBA,Tarjeta de Identidad,Masculino,16,NA,Secundaria
Puntos Vive Digital,universitario,General,SAN FERNANDO CUBA,Cédula Ciudadanía,Masculino,44,NA,universitario
Puntos Vive Digital,Secundaria,General,SAN FERNANDO CUBA,Tarjeta de Identidad,Masculino,17,NA,Secundaria
Puntos Vive Digital,Secundaria,General,SAN FERNANDO CUBA,Tarjeta de Identidad,Masculino,16,NA,Secundaria
Puntos Vive Digital,Secundaria,General,SAN FERNANDO CUBA,Tarjeta de Identidad,Masculino,16,NA,Secundaria
Puntos Vive Digital,Secundaria,General,SAN FERNANDO CUBA,Tarjeta de Identidad,Masculino,15,NA,Secundaria
Puntos Vive Digital,Secundaria,General,SAN FERNANDO CUBA,Tarjeta de Identidad,Masculino,15,NA,Secundaria
Puntos Vive Digital,Secundaria,General,SAN FERNANDO CUBA,Tarjeta de Identidad,Masculino,16,NA,Secundaria
Puntos Vive Digital,Secundaria,General,SAN FERNANDO CUBA,Cédula Ciudadanía,Masculino,18,NA,Secundaria
Puntos Vive Digital,Secundaria,General,SAN FERNANDO CUBA,Tarjeta de Identidad,Masculino,16,NA,Secundaria
Puntos Vive Digital,secundaria,General,SAN FERNANDO CUBA,Tarjeta de Identidad,Femenino,15,NA,secundaria
Puntos Vive Digital,secundaria,General,SAN FERNANDO CUBA,Tarjeta de Identidad,Femenino,15,NA,secundaria
Puntos Vive Digital,secundaria,General,SAN FERNANDO CUBA,Tarjeta de Identidad,Femenino,17,NA,secundaria
Puntos Vive Digital,Secundaria,General,SAN FERNANDO CUBA,Tarjeta de Identidad,Masculino,16,NA,Secundaria
Puntos Vive Digital,secundaria,General,SAN FERNANDO CUBA,Tarjeta de Identidad,Femenino,17,NA,secundaria
Puntos Vive Digital,secundaria,General,SAN FERNANDO CUBA,Tarjeta de Identidad,Femenino,16,NA,secundaria
Puntos Vive Digital,secundaria,General,SAN FERNANDO CUBA,Tarjeta de Identidad,Femenino,16,NA,secundaria
Puntos Vive Digital,Secundaria,General,SAN FERNANDO CUBA,Tarjeta de Identidad,Masculino,18,NA,Secundaria
Puntos Vive Digital,Secundaria,General,CENTRO CULUTRAL LUCY TEJADA,Tarjeta de Identidad,Masculino,17,NA,Secundaria
Puntos Vive Digital,tecnologico,General,CENTRO CULUTRAL LUCY TEJADA,Cédula Ciudadanía,Masculino,31,NA,tecnologico
Puntos Vive Digital,secundaria,General,Centro Administrativo La Bella,Tarjeta de Identidad,Femenino,17,NA,secundaria
Puntos Vive Digital,Primaria,General,Centro Administrativo La Bella,Tarjeta de Identidad,Masculino,11,NA,Primaria
Puntos Vive Digital,Secundaria,General,Centro Administrativo La Bella,Tarjeta de Identidad,Masculino,12,NA,Secundaria
Puntos Vive Digital,secundaria,General,Centro Administrativo La Bella,Tarjeta de Identidad,Femenino,14,NA,secundaria
Puntos Vive Digital,Primaria,General,Centro Administrativo La Bella,Tarjeta de Identidad,Masculino,12,NA,Primaria
Puntos Vive Digital,primaria,General,Centro Administrativo La Bella,Tarjeta de Identidad,Femenino,11,NA,primaria
Puntos Vive Digital,Primaria,General,Centro de Desarrollo Vecinal Villa Consota,Tarjeta de Identidad,Masculino,9,mestizo,Primaria
Puntos Vive Digital,Secundaria,General,Centro de Desarrollo Vecinal Villa Consota,Tarjeta de Identidad,Masculino,11,Afrocolombiano,Secundaria
Puntos Vive Digital,Primaria,General,Centro Administrativo La Bella,Tarjeta de Identidad,Masculino,11,NA,Primaria
Puntos Vive Digital,Secundaria,General,Centro de Desarrollo Vecinal Villa Consota,Tarjeta de Identidad,Masculino,15,Afrocolombiano,Secundaria
Puntos Vive Digital,Primaria,General,El remanso,Tarjeta de Identidad,Masculino,9,Afrocolombiano,Primaria
Puntos Vive Digital,primaria,General,Centro Administrativo La Bella,Tarjeta de Identidad,Femenino,10,NA,primaria
Puntos Vive Digital,primaria,General,Centro Administrativo La Bella,Tarjeta de Identidad,Femenino,9,NA,primaria
Puntos Vive Digital,Primaria,General,CENTRO CULUTRAL LUCY TEJADA,Cédula Ciudadanía,Masculino,53,NA,Primaria
Puntos Vive Digital,Primaria,General,SAN FERNANDO CUBA,Permiso por Protección Temporal,Masculino,11,NA,Primaria
Puntos Vive Digital,Primaria,General,SAN FERNANDO CUBA,Permiso por Protección Temporal,Masculino,15,NA,Primaria
Puntos Vive Digital,Primaria,General,El remanso,Tarjeta de Identidad,Masculino,9,mestizo,Primaria
Puntos Vive Digital,Secundaria,General,El remanso,Tarjeta de Identidad,Masculino,13,mestizo,Secundaria
Puntos Vive Digital,tecnologico,General,CENTRO CULUTRAL LUCY TEJADA,Cédula Ciudadanía,Masculino,71,NA,tecnologico
Puntos Vive Digital,Secundaria,General,SAN FERNANDO CUBA,Tarjeta de Identidad,Masculino,12,NA,Secundaria
Puntos Vive Digital,Tecnico,General,CENTRO CULUTRAL LUCY TEJADA,Cédula Ciudadanía,Masculino,59,NA,Tecnico
Puntos Vive Digital,Secundaria,General,CENTRO CULUTRAL LUCY TEJADA,Tarjeta de Identidad,Masculino,16,NA,Secundaria
Puntos Vive Digital,Secundaria,General,CENTRO CULUTRAL LUCY TEJADA,Tarjeta de Identidad,Masculino,17,NA,Secundaria
Puntos Vive Digital,secundaria,General,SAN FERNANDO CUBA,Tarjeta de Identidad,Femenino,17,NA,secundaria
Puntos Vive Digital,secundaria,General,SAN FERNANDO CUBA,Tarjeta de Identidad,Femenino,17,NA,secundaria
Puntos Vive Digital,NA,General,SAN FERNANDO CUBA,Tarjeta de Identidad,Masculino,17,NA,NA
Puntos Vive Digital,Secundaria,General,SAN FERNANDO CUBA,Permiso por Protección Temporal,Masculino,18,NA,Secundaria
Puntos Vive Digital,Secundaria,General,SAN FERNANDO CUBA,Tarjeta de Identidad,Masculino,17,NA,Secundaria
Puntos Vive Digital,Secundaria,General,SAN FERNANDO CUBA,Tarjeta de Identidad,Masculino,17,NA,Secundaria
Puntos Vive Digital,Secundaria,General,SAN FERNANDO CUBA,Tarjeta de Identidad,Masculino,17,NA,Secundaria
Puntos Vive Digital,Secundaria,General,SAN FERNANDO CUBA,Cédula Ciudadanía,Masculino,18,NA,Secundaria
Puntos Vive Digital,Secundaria,General,SAN FERNANDO CUBA,Tarjeta de Identidad,Masculino,17,NA,Secundaria
Puntos Vive Digital,Secundaria,General,SAN FERNANDO CUBA,Cédula Ciudadanía,Masculino,19,NA,Secundaria
Puntos Vive Digital,Secundaria,General,Centro de Desarrollo Vecinal Villa Consota,Tarjeta de Identidad,Masculino,13,mestizo,Secundaria
Puntos Vive Digital,secundaria,General,SAN FERNANDO CUBA,Tarjeta de Identidad,Femenino,16,NA,secundaria
Puntos Vive Digital,secundaria,General,SAN FERNANDO CUBA,Tarjeta de Identidad,Femenino,15,NA,secundaria
Puntos Vive Digital,Secundaria,General,Centro Administrativo La Bella,Cédula Ciudadanía,Masculino,23,NA,Secundaria
Puntos Vive Digital,Primaria,General,Centro de Desarrollo Vecinal Villa Consota,Registro Civil,Masculino,7,mestizo,Primaria
Puntos Vive Digital,tecnico,General,CENTRO CULUTRAL LUCY TEJADA,Cédula Ciudadanía,Femenino,25,NA,tecnico
Puntos Vive Digital,Secundaria,General,Centro de Desarrollo Vecinal Villa Consota,Tarjeta de Identidad,Masculino,14,Afrocolombiano,Secundaria
Puntos Vive Digital,Secundaria,General,Centro de Desarrollo Vecinal Villa Consota,Tarjeta de Identidad,Masculino,17,Afrocolombiano,Secundaria
Puntos Vive Digital,Primaria,General,Centro Administrativo La Bella,Tarjeta de Identidad,Masculino,9,NA,Primaria
Puntos Vive Digital,Secundaria,General,CENTRO CULUTRAL LUCY TEJADA,Cédula Ciudadanía,Masculino,31,NA,Secundaria
Puntos Vive Digital,secundaria,General,Centro de Desarrollo Vecinal Villa Consota,Tarjeta de Identidad,Femenino,16,Afrocolombiano,secundaria
Puntos Vive Digital,Tecnico,General,CENTRO CULUTRAL LUCY TEJADA,Cédula Ciudadanía,Masculino,59,NA,Tecnico
Puntos Vive Digital,secundaria,General,Centro de Desarrollo Vecinal Villa Consota,Tarjeta de Identidad,Femenino,17,mestizo,secundaria
Puntos Vive Digital,tecnologico,General,CENTRO CULUTRAL LUCY TEJADA,Cédula Ciudadanía,Femenino,34,NA,tecnologico
Puntos Vive Digital,secundaria,General,Centro de Desarrollo Vecinal Villa Consota,Tarjeta de Identidad,Femenino,16,mestizo,secundaria
Puntos Vive Digital,Secundaria,General,CENTRO CULUTRAL LUCY TEJADA,Cédula Ciudadanía,Masculino,17,NA,Secundaria
Puntos Vive Digital,Secundaria,General,Centro Administrativo La Bella,Tarjeta de Identidad,Masculino,11,NA,Secundaria
Puntos Vive Digital,Secundaria,General,El remanso,Tarjeta de Identidad,Masculino,13,NA,Secundaria
Puntos Vive Digital,Secundaria,General,Centro Administrativo La Bella,Tarjeta de Identidad,Masculino,17,NA,Secundaria
Puntos Vive Digital,primaria,General,Centro Administrativo La Bella,Tarjeta de Identidad,Femenino,11,NA,primaria
Puntos Vive Digital,primaria,General,Centro Administrativo La Bella,Tarjeta de Identidad,Femenino,12,NA,primaria
Puntos Vive Digital,Secundaria,General,El remanso,Tarjeta de Identidad,Masculino,12,Afrocolombiano,Secundaria
Puntos Vive Digital,tecnico,General,CENTRO CULUTRAL LUCY TEJADA,Cédula Ciudadanía,Femenino,37,NA,tecnico
Puntos Vive Digital,Primaria,General,Centro Administrativo La Bella,Tarjeta de Identidad,Masculino,9,NA,Primaria
Puntos Vive Digital,Primaria,General,Centro Administrativo La Bella,Tarjeta de Identidad,Masculino,8,NA,Primaria
Puntos Vive Digital,secundaria,General,Centro Administrativo La Bella,Cédula Ciudadanía,Femenino,35,NA,secundaria
Puntos Vive Digital,primaria,General,Centro Administrativo La Bella,Tarjeta de Identidad,Femenino,8,NA,primaria
Puntos Vive Digital,secundaria,General,Centro Administrativo La Bella,Cédula Ciudadanía,Femenino,42,NA,secundaria
Puntos Vive Digital,Secundaria,General,Centro de Desarrollo Vecinal Villa Consota,Tarjeta de Identidad,Masculino,11,Afrocolombiano,Secundaria
Puntos Vive Digital,Secundaria,General,Centro de Desarrollo Vecinal Villa Consota,Tarjeta de Identidad,Masculino,15,Afrocolombiano,Secundaria
Puntos Vive Digital,universitario,General,CENTRO CULUTRAL LUCY TEJADA,Cédula Ciudadanía,Femenino,69,NA,universitario
Puntos Vive Digital,tecnico,General,CENTRO CULUTRAL LUCY TEJADA,Cédula Ciudadanía,Femenino,37,NA,tecnico
Puntos Vive Digital,universitario,General,Centro Administrativo La Bella,Tarjeta de Identidad,Masculino,16,NA,universitario
Puntos Vive Digital,postgrado,General,Centro Administrativo La Bella,Cédula Ciudadanía,Femenino,69,NA,postgrado
Puntos Vive Digital,Primaria,General,Centro Administrativo La Bella,Tarjeta de Identidad,Masculino,12,NA,Primaria
Puntos Vive Digital,primaria,General,Centro Administrativo La Bella,Tarjeta de Identidad,Femenino,9,NA,primaria
Puntos Vive Digital,primaria,General,Centro Administrativo La Bella,Tarjeta de Identidad,Femenino,10,NA,primaria
Puntos Vive Digital,secundaria,General,CENTRO CULUTRAL LUCY TEJADA,Cédula Ciudadanía,Femenino,39,NA,secundaria
Puntos Vive Digital,Secundaria,General,Centro de Desarrollo Vecinal Villa Consota,Tarjeta de Identidad,Masculino,13,mestizo,Secundaria
Puntos Vive Digital,Primaria,General,Centro de Desarrollo Vecinal Villa Consota,Tarjeta de Identidad,Masculino,9,mestizo,Primaria
Puntos Vive Digital,Secundaria,General,CENTRO CULUTRAL LUCY TEJADA,Cédula Ciudadanía,Masculino,64,NA,Secundaria
Puntos Vive Digital,Secundaria,General,CENTRO CULUTRAL LUCY TEJADA,Cédula Ciudadanía,Masculino,66,NA,Secundaria
Puntos Vive Digital,universitario,General,CENTRO CULUTRAL LUCY TEJADA,Cédula Ciudadanía,Masculino,70,NA,universitario
Puntos Vive Digital,primaria,General,CENTRO CULUTRAL LUCY TEJADA,Cédula Ciudadanía,Femenino,62,NA,primaria
Puntos Vive Digital,secundaria,General,CENTRO CULUTRAL LUCY TEJADA,Cédula Ciudadanía,Femenino,66,NA,secundaria
Puntos Vive Digital,universitario,General,CENTRO CULUTRAL LUCY TEJADA,Cédula Ciudadanía,Femenino,-27,NA,universitario
Puntos Vive Digital,tecnico,General,CENTRO CULUTRAL LUCY TEJADA,Cédula Ciudadanía,Femenino,30,NA,tecnico
Puntos Vive Digital,Primaria,General,El remanso,Tarjeta de Identidad,Masculino,9,Afrocolombiano,Primaria
Puntos Vive Digital,secundaria,General,SAN FERNANDO CUBA,Cédula Ciudadanía,Femenino,35,NA,secundaria
Puntos Vive Digital,tecnico,General,SAN FERNANDO CUBA,Cédula Ciudadanía,Femenino,60,NA,tecnico
Puntos Vive Digital,tecnico,General,SAN FERNANDO CUBA,Cédula Ciudadanía,Femenino,47,NA,tecnico
Puntos Vive Digital,tecnico,General,SAN FERNANDO CUBA,Cédula Ciudadanía,Femenino,60,NA,tecnico
Puntos Vive Digital,secundaria,General,SAN FERNANDO CUBA,Cédula Ciudadanía,Femenino,60,NA,secundaria
Puntos Vive Digital,Primaria,General,SAN FERNANDO CUBA,Cédula Ciudadanía,Masculino,60,mestizo,Primaria
Puntos Vive Digital,secundaria,General,SAN FERNANDO CUBA,Cédula Ciudadanía,Femenino,50,NA,secundaria
Puntos Vive Digital,secundaria,General,SAN FERNANDO CUBA,Cédula Ciudadanía,Femenino,43,mestizo,secundaria
Puntos Vive Digital,tecnico,General,SAN FERNANDO CUBA,Cédula Ciudadanía,Femenino,48,mestizo,tecnico
Puntos Vive Digital,secundaria,General,SAN FERNANDO CUBA,Cédula Ciudadanía,Femenino,19,NA,secundaria
Puntos Vive Digital,Secundaria,General,SAN FERNANDO CUBA,Tarjeta de Identidad,Masculino,15,mestizo,Secundaria
Puntos Vive Digital,Primaria,General,Centro Administrativo La Bella,Tarjeta de Identidad,Masculino,11,NA,Primaria
Puntos Vive Digital,Secundaria,General,SAN FERNANDO CUBA,Cédula Ciudadanía,Masculino,53,mestizo,Secundaria
Puntos Vive Digital,Secundaria,General,Centro de Desarrollo Vecinal Villa Consota,Cédula Ciudadanía,Masculino,22,mestizo,Secundaria
Puntos Vive Digital,Secundaria,General,CENTRO CULUTRAL LUCY TEJADA,Cédula Ciudadanía,Masculino,43,NA,Secundaria
Puntos Vive Digital,Secundaria,General,CENTRO CULUTRAL LUCY TEJADA,Cédula Ciudadanía,Masculino,33,NA,Secundaria
Puntos Vive Digital,Secundaria,General,Centro Administrativo La Bella,Cédula Ciudadanía,Masculino,23,NA,Secundaria
Puntos Vive Digital,universitario,General,CENTRO CULUTRAL LUCY TEJADA,Cédula Ciudadanía,Femenino,24,NA,universitario
Puntos Vive Digital,Secundaria,General,Centro de Desarrollo Vecinal Villa Consota,Tarjeta de Identidad,Masculino,14,Afrocolombiano,Secundaria
Puntos Vive Digital,Primaria,General,Centro de Desarrollo Vecinal Villa Consota,Registro Civil,Masculino,7,mestizo,Primaria
Puntos Vive Digital,Secundaria,General,Centro de Desarrollo Vecinal Villa Consota,Tarjeta de Identidad,Masculino,17,Afrocolombiano,Secundaria
Puntos Vive Digital,tecnologico,General,CENTRO CULUTRAL LUCY TEJADA,Cédula Ciudadanía,Masculino,56,NA,tecnologico
Puntos Vive Digital,Secundaria,General,CENTRO CULUTRAL LUCY TEJADA,Cédula Ciudadanía,Masculino,60,NA,Secundaria
Puntos Vive Digital,Primaria,General,CENTRO CULUTRAL LUCY TEJADA,Cédula Ciudadanía,Masculino,53,NA,Primaria
Puntos Vive Digital,Secundaria,General,El remanso,Tarjeta de Identidad,Masculino,11,Afrocolombiano,Secundaria
Puntos Vive Digital,Primaria,General,Centro Administrativo La Bella,Tarjeta de Identidad,Masculino,12,NA,Primaria
Puntos Vive Digital,primaria,General,Centro de Desarrollo Vecinal Villa Consota,Tarjeta de Identidad,Femenino,10,Afrocolombiano,primaria
Puntos Vive Digital,primaria,General,El remanso,Tarjeta de Identidad,Femenino,10,mestizo,primaria
Puntos Vive Digital,Primaria,General,El remanso,Tarjeta de Identidad,Masculino,10,Afrocolombiano,Primaria
Puntos Vive Digital,primaria,General,El remanso,Tarjeta de Identidad,Femenino,10,Afrocolombiano,primaria
Puntos Vive Digital,Primaria,General,Centro Administrativo La Bella,Tarjeta de Identidad,Masculino,11,NA,Primaria
Puntos Vive Digital,Primaria,General,Centro Administrativo La Bella,Tarjeta de Identidad,Masculino,11,NA,Primaria
Puntos Vive Digital,Secundaria,General,SAN FERNANDO CUBA,Tarjeta de Identidad,Masculino,12,Afrocolombiano,Secundaria
Puntos Vive Digital,primaria,General,Centro Administrativo La Bella,Tarjeta de Identidad,Femenino,10,NA,primaria
Puntos Vive Digital,primaria,General,Centro Administrativo La Bella,Tarjeta de Identidad,Femenino,10,NA,primaria
Puntos Vive Digital,primaria,General,Centro Administrativo La Bella,Tarjeta de Identidad,Femenino,9,NA,primaria
Puntos Vive Digital,Primaria,General,Centro Administrativo La Bella,Tarjeta de Identidad,Masculino,12,NA,Primaria
Puntos Vive Digital,secundaria,General,CENTRO CULUTRAL LUCY TEJADA,Tarjeta de Identidad,Femenino,17,NA,secundaria
Puntos Vive Digital,Secundaria,General,El remanso,Tarjeta de Identidad,Masculino,12,Afrocolombiano,Secundaria
Puntos Vive Digital,primaria,General,El remanso,Tarjeta de Identidad,Femenino,10,Afrocolombiano,primaria
Puntos Vive Digital,primaria,General,El remanso,Tarjeta de Identidad,Femenino,9,Afrocolombiano,primaria
Puntos Vive Digital,Secundaria,General,SAN FERNANDO CUBA,Cédula Ciudadanía,Masculino,18,NA,Secundaria
Puntos Vive Digital,Primaria,General,El remanso,Tarjeta de Identidad,Masculino,9,Afrocolombiano,Primaria
Puntos Vive Digital,Secundaria,General,El remanso,Cédula Ciudadanía,Masculino,20,Afrocolombiano,Secundaria
Puntos Vive Digital,universitario,General,SAN FERNANDO CUBA,Cédula Ciudadanía,Masculino,44,NA,universitario
Puntos Vive Digital,Secundaria,General,SAN FERNANDO CUBA,Permiso por Protección Temporal,Masculino,18,NA,Secundaria
Puntos Vive Digital,Secundaria,General,SAN FERNANDO CUBA,Cédula Ciudadanía,Masculino,18,NA,Secundaria
Puntos Vive Digital,secundaria,General,SAN FERNANDO CUBA,Tarjeta de Identidad,Femenino,17,NA,secundaria
Puntos Vive Digital,Secundaria,General,SAN FERNANDO CUBA,Tarjeta de Identidad,Masculino,15,NA,Secundaria
Puntos Vive Digital,Secundaria,General,SAN FERNANDO CUBA,Tarjeta de Identidad,Masculino,16,NA,Secundaria
Puntos Vive Digital,Secundaria,General,SAN FERNANDO CUBA,Cédula Ciudadanía,Masculino,19,NA,Secundaria
Puntos Vive Digital,Secundaria,General,SAN FERNANDO CUBA,Tarjeta de Identidad,Masculino,17,NA,Secundaria
Puntos Vive Digital,Secundaria,General,SAN FERNANDO CUBA,Cédula Ciudadanía,Masculino,19,NA,Secundaria
Puntos Vive Digital,secundaria,General,SAN FERNANDO CUBA,Tarjeta de Identidad,Femenino,15,NA,secundaria
Puntos Vive Digital,secundaria,General,SAN FERNANDO CUBA,Tarjeta de Identidad,Femenino,16,NA,secundaria
Puntos Vive Digital,Secundaria,General,CENTRO CULUTRAL LUCY TEJADA,Cédula Ciudadanía,Masculino,33,NA,Secundaria
Puntos Vive Digital,tecnico,General,CENTRO CULUTRAL LUCY TEJADA,Cédula Ciudadanía,Femenino,30,NA,tecnico
Puntos Vive Digital,secundaria,General,CENTRO CULUTRAL LUCY TEJADA,Otro,Femenino,15,NA,secundaria
Puntos Vive Digital,Secundaria,General,Centro de Desarrollo Vecinal Villa Consota,Tarjeta de Identidad,Masculino,14,Afrocolombiano,Secundaria
Puntos Vive Digital,Primaria,General,Centro de Desarrollo Vecinal Villa Consota,Registro Civil,Masculino,7,mestizo,Primaria
Puntos Vive Digital,Secundaria,General,Centro de Desarrollo Vecinal Villa Consota,Tarjeta de Identidad,Masculino,17,Afrocolombiano,Secundaria
Puntos Vive Digital,secundaria,General,CENTRO CULUTRAL LUCY TEJADA,Cédula Ciudadanía,Femenino,18,NA,secundaria
Puntos Vive Digital,Primaria,General,Centro Administrativo La Bella,Tarjeta de Identidad,Masculino,12,NA,Primaria
Puntos Vive Digital,universitario,General,CENTRO CULUTRAL LUCY TEJADA,Cédula Ciudadanía,Femenino,50,NA,universitario
Puntos Vive Digital,Secundaria,General,Centro de Desarrollo Vecinal Villa Consota,Cédula Ciudadanía,Masculino,22,mestizo,Secundaria
Puntos Vive Digital,secundaria,General,CENTRO CULUTRAL LUCY TEJADA,Cédula Ciudadanía,Femenino,18,NA,secundaria
Puntos Vive Digital,Secundaria,General,SAN FERNANDO CUBA,Tarjeta de Identidad,Masculino,12,Afrocolombiano,Secundaria
Puntos Vive Digital,secundaria,General,El remanso,Tarjeta de Identidad,Femenino,11,mestizo,secundaria
Puntos Vive Digital,primaria,General,El remanso,Tarjeta de Identidad,Femenino,11,mestizo,primaria
Puntos Vive Digital,universitario,General,SAN FERNANDO CUBA,Cédula Ciudadanía,Masculino,52,NA,universitario
Puntos Vive Digital,Secundaria,General,Centro Administrativo La Bella,Tarjeta de Identidad,Masculino,17,NA,Secundaria
Puntos Vive Digital,tecnico,General,SAN FERNANDO CUBA,Cédula Ciudadanía,Femenino,39,NA,tecnico
Puntos Vive Digital,secundaria,General,Centro Administrativo La Bella,Tarjeta de Identidad,Femenino,13,NA,secundaria
Puntos Vive Digital,primaria,General,Centro Administrativo La Bella,Tarjeta de Identidad,Femenino,9,NA,primaria
Puntos Vive Digital,tecnico,General,CENTRO CULUTRAL LUCY TEJADA,Cédula Ciudadanía,Femenino,30,NA,tecnico
Puntos Vive Digital,Secundaria,General,CENTRO CULUTRAL LUCY TEJADA,Cédula Ciudadanía,Masculino,63,NA,Secundaria
Puntos Vive Digital,primaria,General,Centro Administrativo La Bella,Tarjeta de Identidad,Femenino,10,NA,primaria
Puntos Vive Digital,primaria,General,Centro Administrativo La Bella,Tarjeta de Identidad,Femenino,11,NA,primaria
Puntos Vive Digital,universitario,General,SAN FERNANDO CUBA,Cédula Ciudadanía,Femenino,35,NA,universitario
Puntos Vive Digital,universitario,General,SAN FERNANDO CUBA,Cédula Ciudadanía,Femenino,26,NA,universitario
Puntos Vive Digital,primaria,General,Centro Administrativo La Bella,Tarjeta de Identidad,Femenino,10,NA,primaria
Puntos Vive Digital,Secundaria,General,Centro Administrativo La Bella,Tarjeta de Identidad,Masculino,17,NA,Secundaria
Puntos Vive Digital,Secundaria,General,Centro Administrativo La Bella,Cédula Ciudadanía,Masculino,19,NA,Secundaria
Puntos Vive Digital,universitario,General,SAN FERNANDO CUBA,Cédula Ciudadanía,Femenino,42,NA,universitario
Puntos Vive Digital,secundaria,General,CENTRO CULUTRAL LUCY TEJADA,Otro,Femenino,15,NA,secundaria
Puntos Vive Digital,secundaria,General,CENTRO CULUTRAL LUCY TEJADA,Cédula Ciudadanía,Femenino,39,NA,secundaria
Puntos Vive Digital,secundaria,General,CENTRO CULUTRAL LUCY TEJADA,Cédula Ciudadanía,Femenino,66,NA,secundaria
Puntos Vive Digital,Secundaria,General,CENTRO CULUTRAL LUCY TEJADA,Cédula Ciudadanía,Masculino,64,NA,Secundaria
Puntos Vive Digital,Secundaria,General,CENTRO CULUTRAL LUCY TEJADA,Cédula Ciudadanía,Masculino,66,NA,Secundaria
Puntos Vive Digital,primaria,General,CENTRO CULUTRAL LUCY TEJADA,Cédula Ciudadanía,Femenino,62,NA,primaria
Puntos Vive Digital,universitario,General,CENTRO CULUTRAL LUCY TEJADA,Cédula Ciudadanía,Femenino,27,NA,universitario
Puntos Vive Digital,universitario,General,SAN FERNANDO CUBA,Cédula Ciudadanía,Femenino,36,NA,universitario
Puntos Vive Digital,Secundaria,General,CENTRO CULUTRAL LUCY TEJADA,Cédula Ciudadanía,Masculino,24,NA,Secundaria
Puntos Vive Digital,Primaria,General,SAN FERNANDO CUBA,Tarjeta de Identidad,Masculino,12,NA,Primaria
Puntos Vive Digital,Primaria,General,SAN FERNANDO CUBA,Tarjeta de Identidad,Masculino,12,NA,Primaria
Puntos Vive Digital,secundaria,General,SAN FERNANDO CUBA,Tarjeta de Identidad,Femenino,15,NA,secundaria
Puntos Vive Digital,Primaria,General,SAN FERNANDO CUBA,Tarjeta de Identidad,Masculino,12,NA,Primaria
Puntos Vive Digital,Secundaria,General,SAN FERNANDO CUBA,Cédula Ciudadanía,Masculino,66,NA,Secundaria
Puntos Vive Digital,Primaria,General,Centro de Desarrollo Vecinal Villa Consota,Tarjeta de Identidad,Masculino,9,mestizo,Primaria
Puntos Vive Digital,Primaria,General,Centro de Desarrollo Vecinal Villa Consota,Registro Civil,Masculino,7,mestizo,Primaria
Puntos Vive Digital,Secundaria,General,Centro de Desarrollo Vecinal Villa Consota,Tarjeta de Identidad,Masculino,13,mestizo,Secundaria
Puntos Vive Digital,secundaria,General,CENTRO CULUTRAL LUCY TEJADA,Tarjeta de Identidad,Femenino,13,NA,secundaria
Puntos Vive Digital,Secundaria,General,Centro Administrativo La Bella,Cédula Ciudadanía,Masculino,23,NA,Secundaria
Puntos Vive Digital,Primaria,General,Centro Administrativo La Bella,Tarjeta de Identidad,Masculino,11,NA,Primaria
Puntos Vive Digital,tecnico,General,SAN FERNANDO CUBA,Cédula Ciudadanía,Femenino,37,NA,tecnico
Puntos Vive Digital,Secundaria,General,Centro de Desarrollo Vecinal Villa Consota,Tarjeta de Identidad,Masculino,14,Afrocolombiano,Secundaria
Puntos Vive Digital,Secundaria,General,Centro de Desarrollo Vecinal Villa Consota,Tarjeta de Identidad,Masculino,17,Afrocolombiano,Secundaria
Puntos Vive Digital,Tecnico,General,SAN FERNANDO CUBA,Tarjeta de Identidad,Masculino,16,mestizo,Tecnico
Puntos Vive Digital,secundaria,General,CENTRO CULUTRAL LUCY TEJADA,Cédula Ciudadanía,Femenino,19,NA,secundaria
Puntos Vive Digital,secundaria,General,CENTRO CULUTRAL LUCY TEJADA,Cédula Ciudadanía,Femenino,18,NA,secundaria
Puntos Vive Digital,secundaria,General,CENTRO CULUTRAL LUCY TEJADA,Cédula Ciudadanía,Femenino,18,NA,secundaria
Puntos Vive Digital,secundaria,General,CENTRO CULUTRAL LUCY TEJADA,Tarjeta de Identidad,Femenino,17,NA,secundaria
Puntos Vive Digital,Secundaria,General,El remanso,Tarjeta de Identidad,Masculino,12,Afrocolombiano,Secundaria
Puntos Vive Digital,primaria,General,El remanso,Tarjeta de Identidad,Femenino,9,Afrocolombiano,primaria
Puntos Vive Digital,Secundaria,General,El remanso,Tarjeta de Identidad,Masculino,13,Afrocolombiano,Secundaria
Puntos Vive Digital,Secundaria,General,El remanso,Tarjeta de Identidad,Masculino,13,mestizo,Secundaria
Puntos Vive Digital,primaria,General,El remanso,Tarjeta de Identidad,Femenino,8,Afrocolombiano,primaria
Puntos Vive Digital,primaria,General,El remanso,Tarjeta de Identidad,Femenino,10,NA,primaria
Puntos Vive Digital,Secundaria,General,Centro Administrativo La Bella,Tarjeta de Identidad,Masculino,12,NA,Secundaria
Puntos Vive Digital,secundaria,General,Centro Administrativo La Bella,Tarjeta de Identidad,Femenino,14,NA,secundaria
Puntos Vive Digital,secundaria,General,Centro Administrativo La Bella,Tarjeta de Identidad,Femenino,13,NA,secundaria
Puntos Vive Digital,Primaria,General,Centro de Desarrollo Vecinal Villa Consota,Tarjeta de Identidad,Masculino,9,mestizo,Primaria
Puntos Vive Digital,Primaria,General,Centro Administrativo La Bella,Tarjeta de Identidad,Masculino,11,NA,Primaria
Puntos Vive Digital,primaria,General,Centro Administrativo La Bella,Tarjeta de Identidad,Femenino,9,NA,primaria
Puntos Vive Digital,Secundaria,General,SAN FERNANDO CUBA,Cédula Ciudadanía,Masculino,18,NA,Secundaria
Puntos Vive Digital,Secundaria,General,El remanso,Tarjeta de Identidad,Masculino,12,Afrocolombiano,Secundaria
Puntos Vive Digital,Secundaria,General,CENTRO CULUTRAL LUCY TEJADA,Cédula Ciudadanía,Masculino,24,mestizo,Secundaria
Puntos Vive Digital,secundaria,General,CENTRO CULUTRAL LUCY TEJADA,Cédula Ciudadanía,Femenino,26,NA,secundaria
Puntos Vive Digital,tecnico,General,CENTRO CULUTRAL LUCY TEJADA,Cédula Ciudadanía,Femenino,40,NA,tecnico
Puntos Vive Digital,secundaria,General,SAN FERNANDO CUBA,Tarjeta de Identidad,Femenino,17,NA,secundaria
Puntos Vive Digital,secundaria,General,SAN FERNANDO CUBA,Cédula Ciudadanía,Femenino,18,NA,secundaria
Puntos Vive Digital,secundaria,General,SAN FERNANDO CUBA,Tarjeta de Identidad,Femenino,17,NA,secundaria
Puntos Vive Digital,Secundaria,General,SAN FERNANDO CUBA,Permiso por Protección Temporal,Masculino,18,NA,Secundaria
Puntos Vive Digital,Secundaria,General,SAN FERNANDO CUBA,Tarjeta de Identidad,Masculino,17,NA,Secundaria
Puntos Vive Digital,Secundaria,General,SAN FERNANDO CUBA,Tarjeta de Identidad,Masculino,17,NA,Secundaria
Puntos Vive Digital,Secundaria,General,SAN FERNANDO CUBA,Cédula Ciudadanía,Masculino,18,NA,Secundaria
Puntos Vive Digital,Secundaria,General,SAN FERNANDO CUBA,Cédula Ciudadanía,Masculino,19,NA,Secundaria
Puntos Vive Digital,Secundaria,General,SAN FERNANDO CUBA,Tarjeta de Identidad,Masculino,17,NA,Secundaria
Puntos Vive Digital,Secundaria,General,SAN FERNANDO CUBA,Cédula Ciudadanía,Masculino,19,NA,Secundaria
Puntos Vive Digital,secundaria,General,SAN FERNANDO CUBA,Tarjeta de Identidad,Femenino,16,NA,secundaria
Puntos Vive Digital,secundaria,General,SAN FERNANDO CUBA,Tarjeta de Identidad,Femenino,15,NA,secundaria
Puntos Vive Digital,Secundaria,General,CENTRO CULUTRAL LUCY TEJADA,Cédula Ciudadanía,Masculino,33,NA,Secundaria
Puntos Vive Digital,Secundaria,General,Centro de Desarrollo Vecinal Villa Consota,Tarjeta de Identidad,Masculino,13,mestizo,Secundaria
Puntos Vive Digital,Primaria,General,Centro de Desarrollo Vecinal Villa Consota,Registro Civil,Masculino,7,mestizo,Primaria
Puntos Vive Digital,Secundaria,General,Centro Administrativo La Bella,Cédula Ciudadanía,Masculino,23,NA,Secundaria
Puntos Vive Digital,Secundaria,General,Centro de Desarrollo Vecinal Villa Consota,Tarjeta de Identidad,Masculino,17,Afrocolombiano,Secundaria
Puntos Vive Digital,Secundaria,General,Centro de Desarrollo Vecinal Villa Consota,Tarjeta de Identidad,Masculino,14,Afrocolombiano,Secundaria
Puntos Vive Digital,Secundaria,General,Centro Administrativo La Bella,Tarjeta de Identidad,Masculino,11,NA,Secundaria
Puntos Vive Digital,secundaria,General,SAN FERNANDO CUBA,Tarjeta de Identidad,Femenino,12,NA,secundaria
Puntos Vive Digital,Primaria,General,Centro Administrativo La Bella,Tarjeta de Identidad,Masculino,11,NA,Primaria
Puntos Vive Digital,Secundaria,General,SAN FERNANDO CUBA,Tarjeta de Identidad,Masculino,16,NA,Secundaria
Puntos Vive Digital,Secundaria,General,SAN FERNANDO CUBA,Permiso por Protección Temporal,Masculino,15,NA,Secundaria
Puntos Vive Digital,primaria,General,El remanso,Tarjeta de Identidad,Femenino,9,Afrocolombiano,primaria
Puntos Vive Digital,secundaria,General,El remanso,Tarjeta de Identidad,Femenino,12,Afrocolombiano,secundaria
Puntos Vive Digital,primaria,General,El remanso,Tarjeta de Identidad,Femenino,9,Afrocolombiano,primaria
Puntos Vive Digital,primaria,General,El remanso,Registro Civil,Femenino,6,Afrocolombiano,primaria
Puntos Vive Digital,Primaria,General,SAN FERNANDO CUBA,Otro,Masculino,6,NA,Primaria
Puntos Vive Digital,universitario,General,Centro Administrativo La Bella,Tarjeta de Identidad,Masculino,16,NA,universitario
Puntos Vive Digital,primaria,General,Centro Administrativo La Bella,Tarjeta de Identidad,Femenino,10,NA,primaria
Puntos Vive Digital,Secundaria,General,Centro de Desarrollo Vecinal Villa Consota,Cédula Ciudadanía,Masculino,22,mestizo,Secundaria
Puntos Vive Digital,Secundaria,General,Centro de Desarrollo Vecinal Villa Consota,Tarjeta de Identidad,Masculino,13,mestizo,Secundaria
Puntos Vive Digital,Primaria,General,Centro de Desarrollo Vecinal Villa Consota,Tarjeta de Identidad,Masculino,9,mestizo,Primaria
Puntos Vive Digital,primaria,General,Centro Administrativo La Bella,Tarjeta de Identidad,Femenino,9,NA,primaria
Puntos Vive Digital,primaria,General,El remanso,Tarjeta de Identidad,Femenino,10,Afrocolombiano,primaria
Puntos Vive Digital,Secundaria,General,SAN FERNANDO CUBA,Tarjeta de Identidad,Masculino,12,Afrocolombiano,Secundaria
Puntos Vive Digital,Secundaria,General,El remanso,Tarjeta de Identidad,Masculino,12,Afrocolombiano,Secundaria
Puntos Vive Digital,secundaria,General,CENTRO CULUTRAL LUCY TEJADA,Registro Civil,Femenino,64,NA,secundaria
Puntos Vive Digital,universitario,General,CENTRO CULUTRAL LUCY TEJADA,Cédula Ciudadanía,Masculino,70,NA,universitario
Puntos Vive Digital,Secundaria,General,CENTRO CULUTRAL LUCY TEJADA,Cédula Ciudadanía,Masculino,66,NA,Secundaria
Puntos Vive Digital,tecnico,General,CENTRO CULUTRAL LUCY TEJADA,Cédula Ciudadanía,Femenino,30,NA,tecnico
Puntos Vive Digital,secundaria,General,CENTRO CULUTRAL LUCY TEJADA,Cédula Ciudadanía,Femenino,66,NA,secundaria
Puntos Vive Digital,primaria,General,CENTRO CULUTRAL LUCY TEJADA,Cédula Ciudadanía,Femenino,62,NA,primaria
Puntos Vive Digital,Secundaria,General,CENTRO CULUTRAL LUCY TEJADA,Cédula Ciudadanía,Masculino,43,NA,Secundaria
Puntos Vive Digital,secundaria,General,CENTRO CULUTRAL LUCY TEJADA,Cédula Ciudadanía,Femenino,26,NA,secundaria
Puntos Vive Digital,universitario,General,CENTRO CULUTRAL LUCY TEJADA,Cédula Ciudadanía,Masculino,38,NA,universitario
Puntos Vive Digital,Secundaria,General,Centro Administrativo La Bella,Tarjeta de Identidad,Masculino,17,NA,Secundaria
Puntos Vive Digital,secundaria,General,SAN FERNANDO CUBA,Cédula Ciudadanía,Femenino,54,NA,secundaria
Puntos Vive Digital,secundaria,General,SAN FERNANDO CUBA,Cédula Ciudadanía,Femenino,45,NA,secundaria
Puntos Vive Digital,secundaria,General,SAN FERNANDO CUBA,Cédula Ciudadanía,Femenino,55,NA,secundaria
Puntos Vive Digital,secundaria,General,SAN FERNANDO CUBA,Cédula Ciudadanía,Femenino,43,NA,secundaria
Puntos Vive Digital,secundaria,General,SAN FERNANDO CUBA,Cédula Ciudadanía,Femenino,68,NA,secundaria
Puntos Vive Digital,secundaria,General,SAN FERNANDO CUBA,Cédula Ciudadanía,Femenino,60,NA,secundaria
Puntos Vive Digital,tecnologico,General,SAN FERNANDO CUBA,Cédula Ciudadanía,Femenino,60,NA,tecnologico
Puntos Vive Digital,universitario,General,SAN FERNANDO CUBA,Cédula Ciudadanía,Masculino,62,NA,universitario
Puntos Vive Digital,Secundaria,General,SAN FERNANDO CUBA,Cédula Ciudadanía,Masculino,53,NA,Secundaria
Puntos Vive Digital,secundaria,General,SAN FERNANDO CUBA,Cédula Ciudadanía,Femenino,60,NA,secundaria
Puntos Vive Digital,secundaria,General,SAN FERNANDO CUBA,Cédula Ciudadanía,Femenino,19,NA,secundaria
Puntos Vive Digital,universitario,General,CENTRO CULUTRAL LUCY TEJADA,Cédula Ciudadanía,Femenino,38,NA,universitario
Puntos Vive Digital,tecnico,General,SAN FERNANDO CUBA,Cédula Ciudadanía,Femenino,19,NA,tecnico
Puntos Vive Digital,tecnico,General,CENTRO CULUTRAL LUCY TEJADA,Tarjeta de Identidad,Femenino,17,NA,tecnico
Puntos Vive Digital,Secundaria,General,Centro Administrativo La Bella,Cédula Ciudadanía,Masculino,23,NA,Secundaria
Puntos Vive Digital,Secundaria,General,Centro de Desarrollo Vecinal Villa Consota,Tarjeta de Identidad,Masculino,14,Afrocolombiano,Secundaria
Puntos Vive Digital,Primaria,General,Centro de Desarrollo Vecinal Villa Consota,Registro Civil,Masculino,7,mestizo,Primaria
Puntos Vive Digital,secundaria,General,CENTRO CULUTRAL LUCY TEJADA,Tarjeta de Identidad,Femenino,17,NA,secundaria
Puntos Vive Digital,secundaria,General,CENTRO CULUTRAL LUCY TEJADA,Tarjeta de Identidad,Femenino,17,NA,secundaria
Puntos Vive Digital,Secundaria,General,Centro de Desarrollo Vecinal Villa Consota,Tarjeta de Identidad,Masculino,17,Afrocolombiano,Secundaria
Puntos Vive Digital,Secundaria,General,CENTRO CULUTRAL LUCY TEJADA,Cédula Ciudadanía,Masculino,33,NA,Secundaria
Puntos Vive Digital,secundaria,General,CENTRO CULUTRAL LUCY TEJADA,Cédula Ciudadanía,Femenino,18,NA,secundaria
Puntos Vive Digital,Secundaria,General,CARRERA 29 # 50-131 A 50-61 MZ 27 Y MZ 28 VILLA CONSOTA,Tarjeta de Identidad,Masculino,14,Afrocolombiano,Secundaria
Puntos Vive Digital,Primaria,General,CARRERA 29 # 50-131 A 50-61 MZ 27 Y MZ 28 VILLA CONSOTA,Registro Civil,Masculino,7,MESTIZO,Primaria
Puntos Vive Digital,Primaria,General,CARRERA 29 # 50-131 A 50-61 MZ 27 Y MZ 28 VILLA CONSOTA,Tarjeta de Identidad,Masculino,9,MESTIZO,Primaria
Puntos Vive Digital,Primaria,General,CARRERA 29 # 50-131 A 50-61 MZ 27 Y MZ 28 VILLA CONSOTA,Tarjeta de Identidad,Masculino,10,MESTIZO,Primaria
Puntos Vive Digital,Secundaria,General,CARRERA 29 # 50-131 A 50-61 MZ 27 Y MZ 28 VILLA CONSOTA,Tarjeta de Identidad,Masculino,13,MESTIZO,Secundaria
Puntos Vive Digital,Secundaria,General,CARRERA 29 # 50-131 A 50-61 MZ 27 Y MZ 28 VILLA CONSOTA,Tarjeta de Identidad,Masculino,14,Afrocolombiano,Secundaria
Puntos Vive Digital,BACHILLER,General,CARRERA 29 # 50-131 A 50-61 MZ 27 Y MZ 28 VILLA CONSOTA,Cédula Ciudadanía,Masculino,22,MESTIZO,BACHILLER
Puntos Vive Digital,Primaria,General,CARRERA 29 # 50-131 A 50-61 MZ 27 Y MZ 28 VILLA CONSOTA,Registro Civil,Masculino,7,MESTIZO,Primaria
Puntos Vive Digital,Primaria,General,CARRERA 29 # 50-131 A 50-61 MZ 27 Y MZ 28 VILLA CONSOTA,Tarjeta de Identidad,Masculino,9,MESTIZO,Primaria
Puntos Vive Digital,Secundaria,General,CARRERA 29 # 50-131 A 50-61 MZ 27 Y MZ 28 VILLA CONSOTA,Tarjeta de Identidad,Masculino,13,MESTIZO,Secundaria
Puntos Vive Digital,Primaria,General,CARRERA 29 # 50-131 A 50-61 MZ 27 Y MZ 28 VILLA CONSOTA,Tarjeta de Identidad,Masculino,10,MESTIZO,Primaria
Puntos Vive Digital,Primaria,General,CARRERA 29 # 50-131 A 50-61 MZ 27 Y MZ 28 VILLA CONSOTA,Tarjeta de Identidad,Masculino,10,Afrocolombiano,Primaria
Puntos Vive Digital,Secundaria,General,CARRERA 29 # 50-131 A 50-61 MZ 27 Y MZ 28 VILLA CONSOTA,Tarjeta de Identidad,Masculino,14,Afrocolombiano,Secundaria
Puntos Vive Digital,Primaria,General,CARRERA 29 # 50-131 A 50-61 MZ 27 Y MZ 28 VILLA CONSOTA,Registro Civil,Masculino,7,MESTIZO,Primaria
Puntos Vive Digital,Primaria,General,CARRERA 29 # 50-131 A 50-61 MZ 27 Y MZ 28 VILLA CONSOTA,Tarjeta de Identidad,Masculino,9,MESTIZO,Primaria
Puntos Vive Digital,Secundaria,General,CARRERA 29 # 50-131 A 50-61 MZ 27 Y MZ 28 VILLA CONSOTA,Tarjeta de Identidad,Masculino,13,MESTIZO,Secundaria
Puntos Vive Digital,Secundaria,General,CARRERA 29 # 50-131 A 50-61 MZ 27 Y MZ 28 VILLA CONSOTA,Tarjeta de Identidad,Masculino,17,Afrocolombiano,Secundaria
Puntos Vive Digital,Secundaria,General,CARRERA 29 # 50-131 A 50-61 MZ 27 Y MZ 28 VILLA CONSOTA,Tarjeta de Identidad,Masculino,14,Afrocolombiano,Secundaria
Puntos Vive Digital,Primaria,General,CARRERA 29 # 50-131 A 50-61 MZ 27 Y MZ 28 VILLA CONSOTA,Registro Civil,Masculino,7,MESTIZO,Primaria
Puntos Vive Digital,Primaria,General,CARRERA 29 # 50-131 A 50-61 MZ 27 Y MZ 28 VILLA CONSOTA,Tarjeta de Identidad,Masculino,9,MESTIZO,Primaria
Puntos Vive Digital,Secundaria,General,CARRERA 29 # 50-131 A 50-61 MZ 27 Y MZ 28 VILLA CONSOTA,Tarjeta de Identidad,Masculino,13,MESTIZO,Secundaria
Puntos Vive Digital,Primaria,General,CARRERA 29 # 50-131 A 50-61 MZ 27 Y MZ 28 VILLA CONSOTA,Tarjeta de Identidad,Masculino,10,Afrocolombiano,Primaria
Puntos Vive Digital,BACHILLER,General,CARRERA 29 # 50-131 A 50-61 MZ 27 Y MZ 28 VILLA CONSOTA,Cédula Ciudadanía,Masculino,22,MESTIZO,BACHILLER
Puntos Vive Digital,BACHILLER,General,CARRERA 29 # 50-131 A 50-61 MZ 27 Y MZ 28 VILLA CONSOTA,Cédula Ciudadanía,Masculino,39,Afrocolombiano,BACHILLER
Puntos Vive Digital,Secundaria,General,CARRERA 29 # 50-131 A 50-61 MZ 27 Y MZ 28 VILLA CONSOTA,Tarjeta de Identidad,Masculino,17,Afrocolombiano,Secundaria
Puntos Vive Digital,Primaria,General,CARRERA 29 # 50-131 A 50-61 MZ 27 Y MZ 28 VILLA CONSOTA,Registro Civil,Masculino,7,MESTIZO,Primaria
Puntos Vive Digital,Primaria,General,CARRERA 29 # 50-131 A 50-61 MZ 27 Y MZ 28 VILLA CONSOTA,Tarjeta de Identidad,Masculino,9,MESTIZO,Primaria
Puntos Vive Digital,BACHILLER,General,CARRERA 29 # 50-131 A 50-61 MZ 27 Y MZ 28 VILLA CONSOTA,Cédula Ciudadanía,Masculino,22,MESTIZO,BACHILLER
Puntos Vive Digital,Secundaria,General,CARRERA 29 # 50-131 A 50-61 MZ 27 Y MZ 28 VILLA CONSOTA,Tarjeta de Identidad,Masculino,14,Afrocolombiano,Secundaria
Puntos Vive Digital,BACHILLER,General,CARRERA 29 # 50-131 A 50-61 MZ 27 Y MZ 28 VILLA CONSOTA,Cédula Ciudadanía,Masculino,22,MESTIZO,BACHILLER
Puntos Vive Digital,Primaria,General,CARRERA 29 # 50-131 A 50-61 MZ 27 Y MZ 28 VILLA CONSOTA,Registro Civil,Masculino,7,MESTIZO,Primaria
Puntos Vive Digital,Primaria,General,CARRERA 29 # 50-131 A 50-61 MZ 27 Y MZ 28 VILLA CONSOTA,Tarjeta de Identidad,Masculino,9,MESTIZO,Primaria
Puntos Vive Digital,Secundaria,General,CARRERA 29 # 50-131 A 50-61 MZ 27 Y MZ 28 VILLA CONSOTA,Tarjeta de Identidad,Masculino,17,Afrocolombiano,Secundaria
Puntos Vive Digital,Primaria,General,CARRERA 29 # 50-131 A 50-61 MZ 27 Y MZ 28 VILLA CONSOTA,Registro Civil,Masculino,7,MESTIZO,Primaria
Puntos Vive Digital,Primaria,General,CARRERA 29 # 50-131 A 50-61 MZ 27 Y MZ 28 VILLA CONSOTA,Tarjeta de Identidad,Masculino,9,MESTIZO,Primaria
Puntos Vive Digital,BACHILLER,General,CARRERA 29 # 50-131 A 50-61 MZ 27 Y MZ 28 VILLA CONSOTA,Cédula Ciudadanía,Masculino,22,MESTIZO,BACHILLER
Puntos Vive Digital,Secundaria,General,CARRERA 29 # 50-131 A 50-61 MZ 27 Y MZ 28 VILLA CONSOTA,Tarjeta de Identidad,Masculino,17,Afrocolombiano,Secundaria
Puntos Vive Digital,Secundaria,General,CARRERA 29 # 50-131 A 50-61 MZ 27 Y MZ 28 VILLA CONSOTA,Tarjeta de Identidad,Masculino,14,Afrocolombiano,Secundaria
Puntos Vive Digital,Primaria,General,CARRERA 29 # 50-131 A 50-61 MZ 27 Y MZ 28 VILLA CONSOTA,Registro Civil,Masculino,7,MESTIZO,Primaria
Puntos Vive Digital,BACHILLER,General,CARRERA 29 # 50-131 A 50-61 MZ 27 Y MZ 28 VILLA CONSOTA,Cédula Ciudadanía,Masculino,22,MESTIZO,BACHILLER
Puntos Vive Digital,Primaria,General,CARRERA 29 # 50-131 A 50-61 MZ 27 Y MZ 28 VILLA CONSOTA,Tarjeta de Identidad,Masculino,9,MESTIZO,Primaria
Puntos Vive Digital,Secundaria,General,CARRERA 29 # 50-131 A 50-61 MZ 27 Y MZ 28 VILLA CONSOTA,Tarjeta de Identidad,Masculino,17,Afrocolombiano,Secundaria
Puntos Vive Digital,Secundaria,General,CARRERA 29 # 50-131 A 50-61 MZ 27 Y MZ 28 VILLA CONSOTA,Tarjeta de Identidad,Masculino,14,Afrocolombiano,Secundaria
Puntos Vive Digital,BACHILLER,General,CARRERA 29 # 50-131 A 50-61 MZ 27 Y MZ 28 VILLA CONSOTA,Cédula Ciudadanía,Masculino,22,MESTIZO,BACHILLER
Puntos Vive Digital,Primaria,General,CARRERA 29 # 50-131 A 50-61 MZ 27 Y MZ 28 VILLA CONSOTA,Registro Civil,Masculino,7,MESTIZO,Primaria
Puntos Vive Digital,Primaria,General,CARRERA 29 # 50-131 A 50-61 MZ 27 Y MZ 28 VILLA CONSOTA,Tarjeta de Identidad,Masculino,9,MESTIZO,Primaria
Puntos Vive Digital,Primaria,General,CARRERA 29 # 50-131 A 50-61 MZ 27 Y MZ 28 VILLA CONSOTA,Registro Civil,Masculino,7,MESTIZO,Primaria
Puntos Vive Digital,Secundaria,General,CARRERA 29 # 50-131 A 50-61 MZ 27 Y MZ 28 VILLA CONSOTA,Tarjeta de Identidad,Masculino,17,Afrocolombiano,Secundaria
Puntos Vive Digital,Primaria,General,CARRERA 29 # 50-131 A 50-61 MZ 27 Y MZ 28 VILLA CONSOTA,Tarjeta de Identidad,Masculino,9,MESTIZO,Primaria
Puntos Vive Digital,Secundaria,General,CARRERA 29 # 50-131 A 50-61 MZ 27 Y MZ 28 VILLA CONSOTA,Tarjeta de Identidad,Masculino,14,Afrocolombiano,Secundaria
Puntos Vive Digital,Primaria,General,CARRERA 29 # 50-131 A 50-61 MZ 27 Y MZ 28 VILLA CONSOTA,Tarjeta de Identidad,Masculino,9,MESTIZO,Primaria
Puntos Vive Digital,Secundaria,General,CARRERA 29 # 50-131 A 50-61 MZ 27 Y MZ 28 VILLA CONSOTA,Tarjeta de Identidad,Masculino,17,Afrocolombiano,Secundaria
Puntos Vive Digital,Primaria,General,CARRERA 29 # 50-131 A 50-61 MZ 27 Y MZ 28 VILLA CONSOTA,Registro Civil,Masculino,7,MESTIZO,Primaria
Puntos Vive Digital,Secundaria,General,CARRERA 29 # 50-131 A 50-61 MZ 27 Y MZ 28 VILLA CONSOTA,Tarjeta de Identidad,Masculino,14,Afrocolombiano,Secundaria
Puntos Vive Digital,Secundaria,General,CARRERA 29 # 50-131 A 50-61 MZ 27 Y MZ 28 VILLA CONSOTA,Tarjeta de Identidad,Masculino,17,Afrocolombiano,Secundaria
Puntos Vive Digital,BACHILLER,General,CARRERA 29 # 50-131 A 50-61 MZ 27 Y MZ 28 VILLA CONSOTA,Cédula Ciudadanía,Masculino,22,MESTIZO,BACHILLER
Puntos Vive Digital,Primaria,General,CARRERA 29 # 50-131 A 50-61 MZ 27 Y MZ 28 VILLA CONSOTA,Tarjeta de Identidad,Masculino,9,MESTIZO,Primaria
Puntos Vive Digital,Primaria,General,CARRERA 29 # 50-131 A 50-61 MZ 27 Y MZ 28 VILLA CONSOTA,Registro Civil,Masculino,7,MESTIZO,Primaria
Puntos Vive Digital,Secundaria,General,CARRERA 29 # 50-131 A 50-61 MZ 27 Y MZ 28 VILLA CONSOTA,Tarjeta de Identidad,Masculino,17,Afrocolombiano,Secundaria
Puntos Vive Digital,Primaria,General,CARRERA 29 # 50-131 A 50-61 MZ 27 Y MZ 28 VILLA CONSOTA,Registro Civil,Masculino,7,MESTIZO,Primaria
Puntos Vive Digital,Primaria,General,CARRERA 29 # 50-131 A 50-61 MZ 27 Y MZ 28 VILLA CONSOTA,Tarjeta de Identidad,Masculino,10,Afrocolombiano,Primaria
Puntos Vive Digital,Secundaria,General,CARRERA 29 # 50-131 A 50-61 MZ 27 Y MZ 28 VILLA CONSOTA,Tarjeta de Identidad,Masculino,14,Afrocolombiano,Secundaria
Puntos Vive Digital,BACHILLER,General,CARRERA 29 # 50-131 A 50-61 MZ 27 Y MZ 28 VILLA CONSOTA,Cédula Ciudadanía,Masculino,22,MESTIZO,BACHILLER
Puntos Vive Digital,Primaria,General,CARRERA 29 # 50-131 A 50-61 MZ 27 Y MZ 28 VILLA CONSOTA,Tarjeta de Identidad,Masculino,9,MESTIZO,Primaria
Puntos Vive Digital,Primaria,General,CARRERA 29 # 50-131 A 50-61 MZ 27 Y MZ 28 VILLA CONSOTA,Tarjeta de Identidad,Masculino,10,MESTIZO,Primaria
Puntos Vive Digital,Secundaria,General,CARRERA 29 # 50-131 A 50-61 MZ 27 Y MZ 28 VILLA CONSOTA,Tarjeta de Identidad,Masculino,14,Afrocolombiano,Secundaria
Puntos Vive Digital,Primaria,General,CARRERA 29 # 50-131 A 50-61 MZ 27 Y MZ 28 VILLA CONSOTA,Registro Civil,Masculino,7,MESTIZO,Primaria
Puntos Vive Digital,Primaria,General,CARRERA 29 # 50-131 A 50-61 MZ 27 Y MZ 28 VILLA CONSOTA,Tarjeta de Identidad,Masculino,9,MESTIZO,Primaria
Puntos Vive Digital,Secundaria,General,CARRERA 29 # 50-131 A 50-61 MZ 27 Y MZ 28 VILLA CONSOTA,Tarjeta de Identidad,Masculino,17,Afrocolombiano,Secundaria
Puntos Vive Digital,Secundaria,General,CARRERA 29 # 50-131 A 50-61 MZ 27 Y MZ 28 VILLA CONSOTA,Tarjeta de Identidad,Masculino,13,MESTIZO,Secundaria
Puntos Vive Digital,Secundaria,General,CARRERA 29 # 50-131 A 50-61 MZ 27 Y MZ 28 VILLA CONSOTA,Tarjeta de Identidad,Masculino,14,Afrocolombiano,Secundaria
Puntos Vive Digital,Secundaria,General,CARRERA 29 # 50-131 A 50-61 MZ 27 Y MZ 28 VILLA CONSOTA,Tarjeta de Identidad,Masculino,17,Afrocolombiano,Secundaria
Puntos Vive Digital,Primaria,General,CARRERA 29 # 50-131 A 50-61 MZ 27 Y MZ 28 VILLA CONSOTA,Registro Civil,Masculino,7,MESTIZO,Primaria
Puntos Vive Digital,Primaria,General,CARRERA 29 # 50-131 A 50-61 MZ 27 Y MZ 28 VILLA CONSOTA,Tarjeta de Identidad,Masculino,9,MESTIZO,Primaria
Puntos Vive Digital,Primaria,General,CARRERA 29 # 50-131 A 50-61 MZ 27 Y MZ 28 VILLA CONSOTA,Tarjeta de Identidad,Masculino,10,MESTIZO,Primaria
Puntos Vive Digital,Secundaria,General,CARRERA 29 # 50-131 A 50-61 MZ 27 Y MZ 28 VILLA CONSOTA,Tarjeta de Identidad,Masculino,13,MESTIZO,Secundaria
Puntos Vive Digital,BACHILLER,General,CARRERA 29 # 50-131 A 50-61 MZ 27 Y MZ 28 VILLA CONSOTA,Cédula Ciudadanía,Masculino,22,MESTIZO,BACHILLER
Puntos Vive Digital,Secundaria,General,CARRERA 29 # 50-131 A 50-61 MZ 27 Y MZ 28 VILLA CONSOTA,Tarjeta de Identidad,Masculino,17,Afrocolombiano,Secundaria
Puntos Vive Digital,Primaria,General,CARRERA 29 # 50-131 A 50-61 MZ 27 Y MZ 28 VILLA CONSOTA,Registro Civil,Masculino,7,MESTIZO,Primaria
Puntos Vive Digital,Secundaria,General,CARRERA 29 # 50-131 A 50-61 MZ 27 Y MZ 28 VILLA CONSOTA,Tarjeta de Identidad,Masculino,13,MESTIZO,Secundaria
Puntos Vive Digital,Secundaria,General,CARRERA 29 # 50-131 A 50-61 MZ 27 Y MZ 28 VILLA CONSOTA,Tarjeta de Identidad,Masculino,14,Afrocolombiano,Secundaria
Puntos Vive Digital,BACHILLER,General,CARRERA 29 # 50-131 A 50-61 MZ 27 Y MZ 28 VILLA CONSOTA,Cédula Ciudadanía,Masculino,22,MESTIZO,BACHILLER
Puntos Vive Digital,Primaria,General,CARRERA 29 # 50-131 A 50-61 MZ 27 Y MZ 28 VILLA CONSOTA,Tarjeta de Identidad,Masculino,9,MESTIZO,Primaria
Puntos Vive Digital,Secundaria,General,CARRERA 29 # 50-131 A 50-61 MZ 27 Y MZ 28 VILLA CONSOTA,Tarjeta de Identidad,Masculino,14,Afrocolombiano,Secundaria
Puntos Vive Digital,Secundaria,General,CARRERA 29 # 50-131 A 50-61 MZ 27 Y MZ 28 VILLA CONSOTA,Tarjeta de Identidad,Masculino,17,Afrocolombiano,Secundaria
Puntos Vive Digital,BACHILLER,General,CARRERA 29 # 50-131 A 50-61 MZ 27 Y MZ 28 VILLA CONSOTA,Cédula Ciudadanía,Masculino,22,MESTIZO,BACHILLER
Puntos Vive Digital,Primaria,General,CARRERA 29 # 50-131 A 50-61 MZ 27 Y MZ 28 VILLA CONSOTA,Tarjeta de Identidad,Masculino,10,Afrocolombiano,Primaria
Puntos Vive Digital,Primaria,General,CARRERA 29 # 50-131 A 50-61 MZ 27 Y MZ 28 VILLA CONSOTA,Tarjeta de Identidad,Masculino,9,MESTIZO,Primaria
Puntos Vive Digital,Primaria,General,CARRERA 29 # 50-131 A 50-61 MZ 27 Y MZ 28 VILLA CONSOTA,Registro Civil,Masculino,7,MESTIZO,Primaria
Puntos Vive Digital,Primaria,General,CARRERA 29 # 50-131 A 50-61 MZ 27 Y MZ 28 VILLA CONSOTA,Tarjeta de Identidad,Masculino,10,MESTIZO,Primaria
Puntos Vive Digital,Secundaria,General,CARRERA 29 # 50-131 A 50-61 MZ 27 Y MZ 28 VILLA CONSOTA,Tarjeta de Identidad,Masculino,13,MESTIZO,Secundaria
Puntos Vive Digital,Secundaria,General,CALLE 70 # 20-63 MZ 6 SAN FERNANDO,Cédula Ciudadanía,Masculino,18,NA,Secundaria
Puntos Vive Digital,Secundaria,General,CALLE 70 # 20-63 MZ 6 SAN FERNANDO,Tarjeta de Identidad,Masculino,14,NA,Secundaria
Puntos Vive Digital,Secundaria,General,CALLE 70 # 20-63 MZ 6 SAN FERNANDO,Tarjeta de Identidad,Masculino,16,NA,Secundaria
Puntos Vive Digital,Secundaria,General,CALLE 70 # 20-63 MZ 6 SAN FERNANDO,Cédula Ciudadanía,Masculino,18,NA,Secundaria
Puntos Vive Digital,Secundaria,General,CALLE 70 # 20-63 MZ 6 SAN FERNANDO,Cédula Ciudadanía,Masculino,18,NA,Secundaria
Puntos Vive Digital,Secundaria,General,CALLE 70 # 20-63 MZ 6 SAN FERNANDO,Tarjeta de Identidad,Masculino,14,NA,Secundaria
Puntos Vive Digital,Secundaria,General,CALLE 70 # 20-63 MZ 6 SAN FERNANDO,Tarjeta de Identidad,Masculino,14,NA,Secundaria
Puntos Vive Digital,Primaria,General,CALLE 70 # 20-63 MZ 6 SAN FERNANDO,Tarjeta de Identidad,Masculino,14,NA,Primaria
Puntos Vive Digital,Secundaria,General,CALLE 70 # 20-63 MZ 6 SAN FERNANDO,Cédula Ciudadanía,Masculino,18,NA,Secundaria
Puntos Vive Digital,Secundaria,General,CALLE 70 # 20-63 MZ 6 SAN FERNANDO,Tarjeta de Identidad,Masculino,17,NA,Secundaria
Puntos Vive Digital,Secundaria,General,CALLE 70 # 20-63 MZ 6 SAN FERNANDO,Tarjeta de Identidad,Masculino,16,NA,Secundaria
Puntos Vive Digital,Secundaria,General,CALLE 70 # 20-63 MZ 6 SAN FERNANDO,Tarjeta de Identidad,Masculino,17,NA,Secundaria
Puntos Vive Digital,Secundaria,General,CALLE 70 # 20-63 MZ 6 SAN FERNANDO,Tarjeta de Identidad,Masculino,16,NA,Secundaria
Puntos Vive Digital,Secundaria,General,CALLE 70 # 20-63 MZ 6 SAN FERNANDO,Tarjeta de Identidad,Masculino,15,NA,Secundaria
Puntos Vive Digital,Secundaria,General,CALLE 70 # 20-63 MZ 6 SAN FERNANDO,Tarjeta de Identidad,Masculino,16,NA,Secundaria
Puntos Vive Digital,Secundaria,General,CALLE 70 # 20-63 MZ 6 SAN FERNANDO,Tarjeta de Identidad,Masculino,16,NA,Secundaria
Puntos Vive Digital,Secundaria,General,CALLE 70 # 20-63 MZ 6 SAN FERNANDO,Tarjeta de Identidad,Masculino,15,NA,Secundaria
Puntos Vive Digital,Secundaria,General,CALLE 70 # 20-63 MZ 6 SAN FERNANDO,Tarjeta de Identidad,Masculino,15,NA,Secundaria
Puntos Vive Digital,Secundaria,General,CALLE 70 # 20-63 MZ 6 SAN FERNANDO,Tarjeta de Identidad,Masculino,17,NA,Secundaria
Puntos Vive Digital,Secundaria,General,CALLE 70 # 20-63 MZ 6 SAN FERNANDO,Tarjeta de Identidad,Masculino,16,NA,Secundaria
Puntos Vive Digital,Secundaria,General,CALLE 70 # 20-63 MZ 6 SAN FERNANDO,Tarjeta de Identidad,Masculino,15,NA,Secundaria
Puntos Vive Digital,Secundaria,General,CALLE 70 # 20-63 MZ 6 SAN FERNANDO,Tarjeta de Identidad,Masculino,15,NA,Secundaria
Puntos Vive Digital,Secundaria,General,CALLE 70 # 20-63 MZ 6 SAN FERNANDO,Tarjeta de Identidad,Masculino,18,NA,Secundaria
Puntos Vive Digital,Secundaria,General,CALLE 70 # 20-63 MZ 6 SAN FERNANDO,Tarjeta de Identidad,Masculino,17,NA,Secundaria
Puntos Vive Digital,Secundaria,General,CALLE 70 # 20-63 MZ 6 SAN FERNANDO,Tarjeta de Identidad,Masculino,15,NA,Secundaria
Puntos Vive Digital,Secundaria,General,CALLE 70 # 20-63 MZ 6 SAN FERNANDO,Tarjeta de Identidad,Masculino,15,NA,Secundaria
Puntos Vive Digital,Secundaria,General,CALLE 70 # 20-63 MZ 6 SAN FERNANDO,Tarjeta de Identidad,Masculino,15,NA,Secundaria
Puntos Vive Digital,Secundaria,General,CALLE 70 # 20-63 MZ 6 SAN FERNANDO,Tarjeta de Identidad,Masculino,18,NA,Secundaria
Puntos Vive Digital,Secundaria,General,CALLE 70 # 20-63 MZ 6 SAN FERNANDO,Tarjeta de Identidad,Masculino,15,NA,Secundaria
Puntos Vive Digital,Profesional,General,CALLE 70 # 20-63 MZ 6 SAN FERNANDO,Cédula Ciudadanía,Masculino,40,NA,Profesional
Puntos Vive Digital,Profesional,General,CALLE 70 # 20-63 MZ 6 SAN FERNANDO,Cédula Ciudadanía,Masculino,34,NA,Profesional
Puntos Vive Digital,Secundaria,General,CALLE 70 # 20-63 MZ 6 SAN FERNANDO,Otro,Masculino,19,NA,Secundaria
Puntos Vive Digital,Secundaria,General,CALLE 70 # 20-63 MZ 6 SAN FERNANDO,Otro,Masculino,15,NA,Secundaria
Puntos Vive Digital,Secundaria,General,CALLE 70 # 20-63 MZ 6 SAN FERNANDO,Permiso por Protección Temporal,Masculino,17,NA,Secundaria
Puntos Vive Digital,Secundaria,General,CALLE 70 # 20-63 MZ 6 SAN FERNANDO,Tarjeta de Identidad,Masculino,16,NA,Secundaria
Puntos Vive Digital,Secundaria,General,CALLE 70 # 20-63 MZ 6 SAN FERNANDO,Tarjeta de Identidad,Masculino,16,NA,Secundaria
Puntos Vive Digital,Secundaria,General,CALLE 70 # 20-63 MZ 6 SAN FERNANDO,Tarjeta de Identidad,Masculino,17,NA,Secundaria
Puntos Vive Digital,Secundaria,General,CALLE 70 # 20-63 MZ 6 SAN FERNANDO,Tarjeta de Identidad,Masculino,16,NA,Secundaria
Puntos Vive Digital,Secundaria,General,CALLE 70 # 20-63 MZ 6 SAN FERNANDO,Cédula Ciudadanía,Masculino,18,NA,Secundaria
Puntos Vive Digital,Secundaria,General,CALLE 70 # 20-63 MZ 6 SAN FERNANDO,Tarjeta de Identidad,Masculino,17,NA,Secundaria
Puntos Vive Digital,Secundaria,General,CALLE 70 # 20-63 MZ 6 SAN FERNANDO,Tarjeta de Identidad,Masculino,16,NA,Secundaria
Puntos Vive Digital,Secundaria,General,CALLE 70 # 20-63 MZ 6 SAN FERNANDO,Tarjeta de Identidad,Masculino,18,NA,Secundaria
Puntos Vive Digital,Secundaria,General,CALLE 70 # 20-63 MZ 6 SAN FERNANDO,Permiso por Protección Temporal,Masculino,18,NA,Secundaria
Puntos Vive Digital,Secundaria,General,CALLE 70 # 20-63 MZ 6 SAN FERNANDO,Tarjeta de Identidad,Masculino,16,NA,Secundaria
Puntos Vive Digital,Secundaria,General,CALLE 70 # 20-63 MZ 6 SAN FERNANDO,Cédula Ciudadanía,Masculino,19,NA,Secundaria
Puntos Vive Digital,Secundaria,General,CALLE 70 # 20-63 MZ 6 SAN FERNANDO,Tarjeta de Identidad,Masculino,17,NA,Secundaria
Puntos Vive Digital,Secundaria,General,CALLE 70 # 20-63 MZ 6 SAN FERNANDO,Tarjeta de Identidad,Masculino,17,NA,Secundaria
Puntos Vive Digital,Secundaria,General,CALLE 70 # 20-63 MZ 6 SAN FERNANDO,Tarjeta de Identidad,Masculino,15,NA,Secundaria
Puntos Vive Digital,Secundaria,General,CALLE 70 # 20-63 MZ 6 SAN FERNANDO,Tarjeta de Identidad,Masculino,16,NA,Secundaria
Puntos Vive Digital,Profesional,General,CALLE 70 # 20-63 MZ 6 SAN FERNANDO,Cédula Ciudadanía,Masculino,44,NA,Profesional
Puntos Vive Digital,Secundaria,General,CALLE 70 # 20-63 MZ 6 SAN FERNANDO,Tarjeta de Identidad,Masculino,17,NA,Secundaria
Puntos Vive Digital,Secundaria,General,CALLE 70 # 20-63 MZ 6 SAN FERNANDO,Tarjeta de Identidad,Masculino,17,NA,Secundaria
Puntos Vive Digital,Secundaria,General,CALLE 70 # 20-63 MZ 6 SAN FERNANDO,Tarjeta de Identidad,Masculino,16,NA,Secundaria
Puntos Vive Digital,Secundaria,General,CALLE 70 # 20-63 MZ 6 SAN FERNANDO,Tarjeta de Identidad,Masculino,16,NA,Secundaria
Puntos Vive Digital,Secundaria,General,CALLE 70 # 20-63 MZ 6 SAN FERNANDO,Tarjeta de Identidad,Masculino,16,NA,Secundaria
Puntos Vive Digital,Secundaria,General,CALLE 70 # 20-63 MZ 6 SAN FERNANDO,Tarjeta de Identidad,Masculino,15,NA,Secundaria
Puntos Vive Digital,Secundaria,General,CALLE 70 # 20-63 MZ 6 SAN FERNANDO,Tarjeta de Identidad,Masculino,15,NA,Secundaria
Puntos Vive Digital,Secundaria,General,CALLE 70 # 20-63 MZ 6 SAN FERNANDO,Tarjeta de Identidad,Masculino,17,NA,Secundaria
Puntos Vive Digital,Secundaria,General,CALLE 70 # 20-63 MZ 6 SAN FERNANDO,Tarjeta de Identidad,Masculino,16,NA,Secundaria
Puntos Vive Digital,Secundaria,General,CALLE 70 # 20-63 MZ 6 SAN FERNANDO,Tarjeta de Identidad,Masculino,15,NA,Secundaria
Puntos Vive Digital,Secundaria,General,CALLE 70 # 20-63 MZ 6 SAN FERNANDO,Tarjeta de Identidad,Masculino,15,NA,Secundaria
Puntos Vive Digital,Secundaria,General,CALLE 70 # 20-63 MZ 6 SAN FERNANDO,Tarjeta de Identidad,Masculino,18,NA,Secundaria
Puntos Vive Digital,Secundaria,General,CALLE 70 # 20-63 MZ 6 SAN FERNANDO,Tarjeta de Identidad,Masculino,17,NA,Secundaria
Puntos Vive Digital,Secundaria,General,CALLE 70 # 20-63 MZ 6 SAN FERNANDO,Tarjeta de Identidad,Masculino,15,NA,Secundaria
Puntos Vive Digital,Secundaria,General,CALLE 70 # 20-63 MZ 6 SAN FERNANDO,Tarjeta de Identidad,Masculino,15,NA,Secundaria
Puntos Vive Digital,Secundaria,General,CALLE 70 # 20-63 MZ 6 SAN FERNANDO,Tarjeta de Identidad,Masculino,15,NA,Secundaria
Puntos Vive Digital,Secundaria,General,CALLE 70 # 20-63 MZ 6 SAN FERNANDO,Tarjeta de Identidad,Masculino,18,NA,Secundaria
Puntos Vive Digital,Secundaria,General,CALLE 70 # 20-63 MZ 6 SAN FERNANDO,Tarjeta de Identidad,Masculino,15,NA,Secundaria
Puntos Vive Digital,Secundaria,General,CALLE 70 # 20-63 MZ 6 SAN FERNANDO,Cédula Ciudadanía,Masculino,65,NA,Secundaria
Puntos Vive Digital,Secundaria,General,CALLE 70 # 20-63 MZ 6 SAN FERNANDO,Tarjeta de Identidad,Masculino,12,NA,Secundaria
Puntos Vive Digital,Secundaria,General,CALLE 70 # 20-63 MZ 6 SAN FERNANDO,Tarjeta de Identidad,Masculino,12,NA,Secundaria
Puntos Vive Digital,Secundaria,General,CALLE 70 # 20-63 MZ 6 SAN FERNANDO,Cédula Ciudadanía,Masculino,54,NA,Secundaria
Puntos Vive Digital,Profesional,General,CALLE 70 # 20-63 MZ 6 SAN FERNANDO,Cédula Ciudadanía,Masculino,62,NA,Profesional
Puntos Vive Digital,Secundaria,General,CALLE 70 # 20-63 MZ 6 SAN FERNANDO,Cédula Ciudadanía,Masculino,53,NA,Secundaria
Puntos Vive Digital,Secundaria,General,CALLE 70 # 20-63 MZ 6 SAN FERNANDO,Cédula Ciudadanía,Masculino,49,NA,Secundaria
Puntos Vive Digital,Secundaria,General,CALLE 70 # 20-63 MZ 6 SAN FERNANDO,Cédula Ciudadanía,Masculino,48,NA,Secundaria
Puntos Vive Digital,Tecnico,General,CALLE 70 # 20-63 MZ 6 SAN FERNANDO,Cédula Ciudadanía,Masculino,19,NA,Tecnico
Puntos Vive Digital,Secundaria,General,CALLE 70 # 20-63 MZ 6 SAN FERNANDO,Cédula Ciudadanía,Masculino,61,NA,Secundaria
Puntos Vive Digital,Tecnico,General,CALLE 70 # 20-63 MZ 6 SAN FERNANDO,Cédula Ciudadanía,Masculino,31,NA,Tecnico
Puntos Vive Digital,tecnologico,General,CALLE 70 # 20-63 MZ 6 SAN FERNANDO,Cédula Ciudadanía,Masculino,40,NA,tecnologico
Puntos Vive Digital,Secundaria,General,CALLE 70 # 20-63 MZ 6 SAN FERNANDO,Otro,Masculino,15,NA,Secundaria
Puntos Vive Digital,Secundaria,General,CALLE 70 # 20-63 MZ 6 SAN FERNANDO,Otro,Masculino,19,NA,Secundaria
Puntos Vive Digital,Secundaria,General,CALLE 70 # 20-63 MZ 6 SAN FERNANDO,Cédula Ciudadanía,Masculino,18,NA,Secundaria
Puntos Vive Digital,Tecnico,General,CALLE 70 # 20-63 MZ 6 SAN FERNANDO,Tarjeta de Identidad,Masculino,16,NA,Tecnico
Puntos Vive Digital,Tecnico,General,CALLE 70 # 20-63 MZ 6 SAN FERNANDO,Tarjeta de Identidad,Masculino,15,NA,Tecnico
Puntos Vive Digital,Tecnico,General,CALLE 70 # 20-63 MZ 6 SAN FERNANDO,Tarjeta de Identidad,Masculino,15,NA,Tecnico
Puntos Vive Digital,Tecnico,General,CALLE 70 # 20-63 MZ 6 SAN FERNANDO,Tarjeta de Identidad,Masculino,14,NA,Tecnico
Puntos Vive Digital,Tecnico,General,CALLE 70 # 20-63 MZ 6 SAN FERNANDO,Tarjeta de Identidad,Masculino,15,NA,Tecnico
Puntos Vive Digital,Tecnico,General,CALLE 70 # 20-63 MZ 6 SAN FERNANDO,Cédula Ciudadanía,Masculino,18,NA,Tecnico
Puntos Vive Digital,Tecnico,General,CALLE 70 # 20-63 MZ 6 SAN FERNANDO,Tarjeta de Identidad,Masculino,17,NA,Tecnico
Puntos Vive Digital,Tecnico,General,CALLE 70 # 20-63 MZ 6 SAN FERNANDO,Tarjeta de Identidad,Masculino,17,NA,Tecnico
Puntos Vive Digital,Tecnico,General,CALLE 70 # 20-63 MZ 6 SAN FERNANDO,Tarjeta de Identidad,Masculino,15,NA,Tecnico
Puntos Vive Digital,Tecnico,General,CALLE 70 # 20-63 MZ 6 SAN FERNANDO,Otro,Masculino,15,NA,Tecnico
Puntos Vive Digital,Tecnico,General,CALLE 70 # 20-63 MZ 6 SAN FERNANDO,Tarjeta de Identidad,Masculino,17,NA,Tecnico
Puntos Vive Digital,Tecnico,General,CALLE 70 # 20-63 MZ 6 SAN FERNANDO,Tarjeta de Identidad,Masculino,16,NA,Tecnico
Puntos Vive Digital,Tecnico,General,CALLE 70 # 20-63 MZ 6 SAN FERNANDO,Tarjeta de Identidad,Masculino,15,NA,Tecnico
Puntos Vive Digital,Tecnico,General,CALLE 70 # 20-63 MZ 6 SAN FERNANDO,Tarjeta de Identidad,Masculino,16,NA,Tecnico
Puntos Vive Digital,Tecnico,General,CALLE 70 # 20-63 MZ 6 SAN FERNANDO,Tarjeta de Identidad,Masculino,15,NA,Tecnico
Puntos Vive Digital,Tecnico,General,CALLE 70 # 20-63 MZ 6 SAN FERNANDO,Tarjeta de Identidad,Masculino,17,NA,Tecnico
Puntos Vive Digital,Tecnico,General,CALLE 70 # 20-63 MZ 6 SAN FERNANDO,Otro,Masculino,16,NA,Tecnico
Puntos Vive Digital,Tecnico,General,CALLE 70 # 20-63 MZ 6 SAN FERNANDO,Cédula Ciudadanía,Masculino,42,NA,Tecnico
Puntos Vive Digital,Tecnico,General,CALLE 70 # 20-63 MZ 6 SAN FERNANDO,Cédula Ciudadanía,Masculino,41,NA,Tecnico
Puntos Vive Digital,Tecnico,General,CALLE 70 # 20-63 MZ 6 SAN FERNANDO,Cédula Ciudadanía,Masculino,40,NA,Tecnico
Puntos Vive Digital,Profesional,General,CALLE 70 # 20-63 MZ 6 SAN FERNANDO,Cédula Ciudadanía,Masculino,40,NA,Profesional
Puntos Vive Digital,Tecnico,General,CALLE 70 # 20-63 MZ 6 SAN FERNANDO,Cédula Ciudadanía,Masculino,46,NA,Tecnico
Puntos Vive Digital,Secundaria,General,CALLE 70 # 20-63 MZ 6 SAN FERNANDO,Cédula Ciudadanía,Masculino,36,NA,Secundaria
Puntos Vive Digital,Tecnico,General,CALLE 70 # 20-63 MZ 6 SAN FERNANDO,Cédula Ciudadanía,Masculino,22,NA,Tecnico
Puntos Vive Digital,Profesional,General,CALLE 70 # 20-63 MZ 6 SAN FERNANDO,Cédula Ciudadanía,Masculino,47,NA,Profesional
Puntos Vive Digital,Profesional,General,CALLE 70 # 20-63 MZ 6 SAN FERNANDO,Cédula Ciudadanía,Masculino,60,NA,Profesional
Puntos Vive Digital,Profesional,General,CALLE 70 # 20-63 MZ 6 SAN FERNANDO,Cédula Ciudadanía,Masculino,32,NA,Profesional
Puntos Vive Digital,Tecnico,General,CALLE 70 # 20-63 MZ 6 SAN FERNANDO,Cédula Ciudadanía,Masculino,33,NA,Tecnico
Puntos Vive Digital,Tecnico,General,CALLE 70 # 20-63 MZ 6 SAN FERNANDO,Cédula Ciudadanía,Masculino,34,NA,Tecnico
Puntos Vive Digital,Profesional,General,CALLE 70 # 20-63 MZ 6 SAN FERNANDO,Cédula Ciudadanía,Masculino,40,NA,Profesional
Puntos Vive Digital,Profesional,General,CALLE 70 # 20-63 MZ 6 SAN FERNANDO,Cédula Ciudadanía,Masculino,34,NA,Profesional
Puntos Vive Digital,Tecnico,General,CALLE 70 # 20-63 MZ 6 SAN FERNANDO,Cédula Ciudadanía,Masculino,50,NA,Tecnico
Puntos Vive Digital,Tecnico,General,CALLE 70 # 20-63 MZ 6 SAN FERNANDO,Cédula Ciudadanía,Masculino,52,NA,Tecnico
Puntos Vive Digital,Secundaria,General,CALLE 70 # 20-63 MZ 6 SAN FERNANDO,Cédula Ciudadanía,Masculino,37,NA,Secundaria
Puntos Vive Digital,Tecnico,General,CALLE 70 # 20-63 MZ 6 SAN FERNANDO,Cédula Ciudadanía,Masculino,33,NA,Tecnico
Puntos Vive Digital,Tecnico,General,CALLE 70 # 20-63 MZ 6 SAN FERNANDO,Cédula Ciudadanía,Masculino,37,NA,Tecnico
Puntos Vive Digital,Tecnico,General,CALLE 70 # 20-63 MZ 6 SAN FERNANDO,Cédula Ciudadanía,Masculino,55,NA,Tecnico
Puntos Vive Digital,Tecnico,General,CALLE 70 # 20-63 MZ 6 SAN FERNANDO,Cédula Ciudadanía,Masculino,31,NA,Tecnico
Puntos Vive Digital,Secundaria,General,CALLE 70 # 20-63 MZ 6 SAN FERNANDO,Tarjeta de Identidad,Masculino,17,NA,Secundaria
Puntos Vive Digital,Secundaria,General,CALLE 70 # 20-63 MZ 6 SAN FERNANDO,Tarjeta de Identidad,Masculino,17,NA,Secundaria
Puntos Vive Digital,Secundaria,General,CALLE 70 # 20-63 MZ 6 SAN FERNANDO,Tarjeta de Identidad,Masculino,16,NA,Secundaria
Puntos Vive Digital,Secundaria,General,CALLE 70 # 20-63 MZ 6 SAN FERNANDO,Tarjeta de Identidad,Masculino,16,NA,Secundaria
Puntos Vive Digital,Secundaria,General,CALLE 70 # 20-63 MZ 6 SAN FERNANDO,Tarjeta de Identidad,Masculino,16,NA,Secundaria
Puntos Vive Digital,Secundaria,General,CALLE 70 # 20-63 MZ 6 SAN FERNANDO,Tarjeta de Identidad,Masculino,15,NA,Secundaria
Puntos Vive Digital,Secundaria,General,CALLE 70 # 20-63 MZ 6 SAN FERNANDO,Tarjeta de Identidad,Masculino,15,NA,Secundaria
Puntos Vive Digital,Secundaria,General,CALLE 70 # 20-63 MZ 6 SAN FERNANDO,Tarjeta de Identidad,Masculino,17,NA,Secundaria
Puntos Vive Digital,Secundaria,General,CALLE 70 # 20-63 MZ 6 SAN FERNANDO,Tarjeta de Identidad,Masculino,16,NA,Secundaria
Puntos Vive Digital,Secundaria,General,CALLE 70 # 20-63 MZ 6 SAN FERNANDO,Tarjeta de Identidad,Masculino,15,NA,Secundaria
Puntos Vive Digital,Secundaria,General,CALLE 70 # 20-63 MZ 6 SAN FERNANDO,Tarjeta de Identidad,Masculino,15,NA,Secundaria
Puntos Vive Digital,Secundaria,General,CALLE 70 # 20-63 MZ 6 SAN FERNANDO,Tarjeta de Identidad,Masculino,18,NA,Secundaria
Puntos Vive Digital,Secundaria,General,CALLE 70 # 20-63 MZ 6 SAN FERNANDO,Tarjeta de Identidad,Masculino,17,NA,Secundaria
Puntos Vive Digital,Secundaria,General,CALLE 70 # 20-63 MZ 6 SAN FERNANDO,Tarjeta de Identidad,Masculino,15,NA,Secundaria
Puntos Vive Digital,Secundaria,General,CALLE 70 # 20-63 MZ 6 SAN FERNANDO,Tarjeta de Identidad,Masculino,15,NA,Secundaria
Puntos Vive Digital,Secundaria,General,CALLE 70 # 20-63 MZ 6 SAN FERNANDO,Tarjeta de Identidad,Masculino,15,NA,Secundaria
Puntos Vive Digital,Secundaria,General,CALLE 70 # 20-63 MZ 6 SAN FERNANDO,Tarjeta de Identidad,Masculino,18,NA,Secundaria
Puntos Vive Digital,Secundaria,General,CALLE 70 # 20-63 MZ 6 SAN FERNANDO,Tarjeta de Identidad,Masculino,15,NA,Secundaria
Puntos Vive Digital,Secundaria,General,CALLE 70 # 20-63 MZ 6 SAN FERNANDO,Cédula Ciudadanía,Masculino,18,NA,Secundaria
Puntos Vive Digital,Secundaria,General,CALLE 70 # 20-63 MZ 6 SAN FERNANDO,Cédula Ciudadanía,Masculino,18,NA,Secundaria
Puntos Vive Digital,Profesional,General,CALLE 70 # 20-63 MZ 6 SAN FERNANDO,Otro,Masculino,54,NA,Profesional
Puntos Vive Digital,Secundaria,General,CALLE 70 # 20-63 MZ 6 SAN FERNANDO,Tarjeta de Identidad,Masculino,12,NA,Secundaria
Puntos Vive Digital,Tecnico,General,CALLE 70 # 20-63 MZ 6 SAN FERNANDO,Tarjeta de Identidad,Masculino,16,NA,Tecnico
Puntos Vive Digital,Tecnico,General,CALLE 70 # 20-63 MZ 6 SAN FERNANDO,Tarjeta de Identidad,Masculino,15,NA,Tecnico
Puntos Vive Digital,Tecnico,General,CALLE 70 # 20-63 MZ 6 SAN FERNANDO,Tarjeta de Identidad,Masculino,15,NA,Tecnico
Puntos Vive Digital,Tecnico,General,CALLE 70 # 20-63 MZ 6 SAN FERNANDO,Tarjeta de Identidad,Masculino,14,NA,Tecnico
Puntos Vive Digital,Tecnico,General,CALLE 70 # 20-63 MZ 6 SAN FERNANDO,Tarjeta de Identidad,Masculino,15,NA,Tecnico
Puntos Vive Digital,Tecnico,General,CALLE 70 # 20-63 MZ 6 SAN FERNANDO,Cédula Ciudadanía,Masculino,18,NA,Tecnico
Puntos Vive Digital,Tecnico,General,CALLE 70 # 20-63 MZ 6 SAN FERNANDO,Tarjeta de Identidad,Masculino,17,NA,Tecnico
Puntos Vive Digital,Tecnico,General,CALLE 70 # 20-63 MZ 6 SAN FERNANDO,Tarjeta de Identidad,Masculino,17,NA,Tecnico
Puntos Vive Digital,Tecnico,General,CALLE 70 # 20-63 MZ 6 SAN FERNANDO,Tarjeta de Identidad,Masculino,15,NA,Tecnico
Puntos Vive Digital,Tecnico,General,CALLE 70 # 20-63 MZ 6 SAN FERNANDO,Otro,Masculino,15,NA,Tecnico
Puntos Vive Digital,Tecnico,General,CALLE 70 # 20-63 MZ 6 SAN FERNANDO,Tarjeta de Identidad,Masculino,17,NA,Tecnico
Puntos Vive Digital,Tecnico,General,CALLE 70 # 20-63 MZ 6 SAN FERNANDO,Tarjeta de Identidad,Masculino,16,NA,Tecnico
Puntos Vive Digital,Tecnico,General,CALLE 70 # 20-63 MZ 6 SAN FERNANDO,Tarjeta de Identidad,Masculino,15,NA,Tecnico
Puntos Vive Digital,Tecnico,General,CALLE 70 # 20-63 MZ 6 SAN FERNANDO,Tarjeta de Identidad,Masculino,16,NA,Tecnico
Puntos Vive Digital,Tecnico,General,CALLE 70 # 20-63 MZ 6 SAN FERNANDO,Tarjeta de Identidad,Masculino,15,NA,Tecnico
Puntos Vive Digital,Tecnico,General,CALLE 70 # 20-63 MZ 6 SAN FERNANDO,Tarjeta de Identidad,Masculino,17,NA,Tecnico
Puntos Vive Digital,Tecnico,General,CALLE 70 # 20-63 MZ 6 SAN FERNANDO,Otro,Masculino,16,NA,Tecnico
Puntos Vive Digital,Profesional,General,CALLE 70 # 20-63 MZ 6 SAN FERNANDO,Otro,Masculino,54,NA,Profesional
Puntos Vive Digital,Universitario,General,CALLE 70 # 20-63 MZ 6 SAN FERNANDO,Otro,Masculino,36,NA,Universitario
Puntos Vive Digital,Profesional,General,CALLE 70 # 20-63 MZ 6 SAN FERNANDO,Otro,Masculino,42,NA,Profesional
Puntos Vive Digital,Secundaria,General,CALLE 70 # 20-63 MZ 6 SAN FERNANDO,Tarjeta de Identidad,Masculino,12,NA,Secundaria
Puntos Vive Digital,Secundaria,General,CALLE 70 # 20-63 MZ 6 SAN FERNANDO,Otro,Masculino,17,NA,Secundaria
Puntos Vive Digital,Secundaria,General,CALLE 70 # 20-63 MZ 6 SAN FERNANDO,Tarjeta de Identidad,Masculino,14,NA,Secundaria
Puntos Vive Digital,Secundaria,General,CALLE 70 # 20-63 MZ 6 SAN FERNANDO,Tarjeta de Identidad,Masculino,12,NA,Secundaria
Puntos Vive Digital,Secundaria,General,CALLE 70 # 20-63 MZ 6 SAN FERNANDO,Tarjeta de Identidad,Masculino,13,NA,Secundaria
Puntos Vive Digital,Secundaria,General,CALLE 70 # 20-63 MZ 6 SAN FERNANDO,Tarjeta de Identidad,Masculino,13,NA,Secundaria
Puntos Vive Digital,Secundaria,General,CALLE 70 # 20-63 MZ 6 SAN FERNANDO,Cédula Ciudadanía,Masculino,70,NA,Secundaria
Puntos Vive Digital,Universitario,General,CALLE 70 # 20-63 MZ 6 SAN FERNANDO,Cédula Ciudadanía,Masculino,50,NA,Universitario
Puntos Vive Digital,Universitario,General,CALLE 70 # 20-63 MZ 6 SAN FERNANDO,Cédula Ciudadanía,Masculino,16,NA,Universitario
Puntos Vive Digital,Secundaria,General,CALLE 70 # 20-63 MZ 6 SAN FERNANDO,Permiso por Protección Temporal,Masculino,17,NA,Secundaria
Puntos Vive Digital,Secundaria,General,CALLE 70 # 20-63 MZ 6 SAN FERNANDO,Tarjeta de Identidad,Masculino,16,NA,Secundaria
Puntos Vive Digital,Secundaria,General,CALLE 70 # 20-63 MZ 6 SAN FERNANDO,Tarjeta de Identidad,Masculino,16,NA,Secundaria
Puntos Vive Digital,Secundaria,General,CALLE 70 # 20-63 MZ 6 SAN FERNANDO,Tarjeta de Identidad,Masculino,15,NA,Secundaria
Puntos Vive Digital,Secundaria,General,CALLE 70 # 20-63 MZ 6 SAN FERNANDO,Cédula Ciudadanía,Masculino,19,NA,Secundaria
Puntos Vive Digital,Secundaria,General,CALLE 70 # 20-63 MZ 6 SAN FERNANDO,Tarjeta de Identidad,Masculino,17,NA,Secundaria
Puntos Vive Digital,Secundaria,General,CALLE 70 # 20-63 MZ 6 SAN FERNANDO,Tarjeta de Identidad,Masculino,16,NA,Secundaria
Puntos Vive Digital,Secundaria,General,CALLE 70 # 20-63 MZ 6 SAN FERNANDO,Tarjeta de Identidad,Masculino,19,NA,Secundaria
Puntos Vive Digital,Secundaria,General,CALLE 70 # 20-63 MZ 6 SAN FERNANDO,Permiso por Protección Temporal,Masculino,18,NA,Secundaria
Puntos Vive Digital,Secundaria,General,CALLE 70 # 20-63 MZ 6 SAN FERNANDO,Tarjeta de Identidad,Masculino,16,NA,Secundaria
Puntos Vive Digital,Secundaria,General,CALLE 70 # 20-63 MZ 6 SAN FERNANDO,Cédula Ciudadanía,Masculino,19,NA,Secundaria
Puntos Vive Digital,Secundaria,General,CALLE 70 # 20-63 MZ 6 SAN FERNANDO,Tarjeta de Identidad,Masculino,17,NA,Secundaria
Puntos Vive Digital,Secundaria,General,CALLE 70 # 20-63 MZ 6 SAN FERNANDO,Tarjeta de Identidad,Masculino,17,NA,Secundaria
Puntos Vive Digital,Secundaria,General,CALLE 70 # 20-63 MZ 6 SAN FERNANDO,Tarjeta de Identidad,Masculino,15,NA,Secundaria
Puntos Vive Digital,Secundaria,General,CALLE 70 # 20-63 MZ 6 SAN FERNANDO,Tarjeta de Identidad,Masculino,16,NA,Secundaria
Puntos Vive Digital,Instructor,General,CALLE 70 # 20-63 MZ 6 SAN FERNANDO,Cédula Ciudadanía,Masculino,44,NA,Instructor
Puntos Vive Digital,Secundaria,General,CALLE 70 # 20-63 MZ 6 SAN FERNANDO,Tarjeta de Identidad,Masculino,12,Afrocolombiano,Secundaria
Puntos Vive Digital,Primaria,General,CALLE 70 # 20-63 MZ 6 SAN FERNANDO,Permiso por Protección Temporal,Masculino,15,NA,Primaria
Puntos Vive Digital,Secundaria,General,CALLE 70 # 20-63 MZ 6 SAN FERNANDO,Tarjeta de Identidad,Masculino,17,NA,Secundaria
Puntos Vive Digital,Secundaria,General,CALLE 70 # 20-63 MZ 6 SAN FERNANDO,Tarjeta de Identidad,Masculino,12,Afrocolombiano,Secundaria
Puntos Vive Digital,universitario,General,CALLE 70 # 20-63 MZ 6 SAN FERNANDO,Cédula Ciudadanía,Masculino,44,NA,universitario
Puntos Vive Digital,secundaria,General,CALLE 70 # 20-63 MZ 6 SAN FERNANDO,Cédula Ciudadanía,Femenino,18,NA,secundaria
Puntos Vive Digital,Secundaria,General,CALLE 70 # 20-63 MZ 6 SAN FERNANDO,Tarjeta de Identidad,Masculino,15,NA,Secundaria
Puntos Vive Digital,Secundaria,General,CALLE 70 # 20-63 MZ 6 SAN FERNANDO,Tarjeta de Identidad,Masculino,16,NA,Secundaria
Puntos Vive Digital,secundaria,General,CALLE 70 # 20-63 MZ 6 SAN FERNANDO,Tarjeta de Identidad,Femenino,17,NA,secundaria
Puntos Vive Digital,Secundaria,General,CALLE 70 # 20-63 MZ 6 SAN FERNANDO,Tarjeta de Identidad,Masculino,17,NA,Secundaria
Puntos Vive Digital,Secundaria,General,CALLE 70 # 20-63 MZ 6 SAN FERNANDO,Tarjeta de Identidad,Masculino,17,NA,Secundaria
Puntos Vive Digital,Secundaria,General,CALLE 70 # 20-63 MZ 6 SAN FERNANDO,Tarjeta de Identidad,Masculino,17,NA,Secundaria
Puntos Vive Digital,secundaria,General,CALLE 70 # 20-63 MZ 6 SAN FERNANDO,Tarjeta de Identidad,Femenino,17,NA,secundaria
Puntos Vive Digital,Secundaria,General,CALLE 70 # 20-63 MZ 6 SAN FERNANDO,Cédula Ciudadanía,Masculino,18,NA,Secundaria
Puntos Vive Digital,Secundaria,General,CALLE 70 # 20-63 MZ 6 SAN FERNANDO,Permiso por Protección Temporal,Masculino,18,NA,Secundaria
Puntos Vive Digital,secundaria,General,CALLE 70 # 20-63 MZ 6 SAN FERNANDO,Tarjeta de Identidad,Femenino,17,NA,secundaria
Puntos Vive Digital,secundaria,General,CALLE 70 # 20-63 MZ 6 SAN FERNANDO,Permiso por Protección Temporal,Femenino,17,NA,secundaria
Puntos Vive Digital,secundaria,General,CALLE 70 # 20-63 MZ 6 SAN FERNANDO,Tarjeta de Identidad,Femenino,16,NA,secundaria
Puntos Vive Digital,universitario,General,CALLE 70 # 20-63 MZ 6 SAN FERNANDO,Cédula Ciudadanía,Masculino,54,NA,universitario
Puntos Vive Digital,secundaria,General,CALLE 70 # 20-63 MZ 6 SAN FERNANDO,Cédula Ciudadanía,Femenino,70,NA,secundaria
Puntos Vive Digital,Tecnico,General,CALLE 70 # 20-63 MZ 6 SAN FERNANDO,Cédula Ciudadanía,Masculino,30,NA,Tecnico
Puntos Vive Digital,Secundaria,General,CALLE 70 # 20-63 MZ 6 SAN FERNANDO,Tarjeta de Identidad,Masculino,15,NA,Secundaria
Puntos Vive Digital,Secundaria,General,CALLE 70 # 20-63 MZ 6 SAN FERNANDO,Tarjeta de Identidad,Masculino,15,NA,Secundaria
Puntos Vive Digital,Secundaria,General,CALLE 70 # 20-63 MZ 6 SAN FERNANDO,Tarjeta de Identidad,Masculino,17,NA,Secundaria
Puntos Vive Digital,Secundaria,General,CALLE 70 # 20-63 MZ 6 SAN FERNANDO,Tarjeta de Identidad,Masculino,17,NA,Secundaria
Puntos Vive Digital,Secundaria,General,CALLE 70 # 20-63 MZ 6 SAN FERNANDO,Tarjeta de Identidad,Masculino,16,NA,Secundaria
Puntos Vive Digital,secundaria,General,CALLE 70 # 20-63 MZ 6 SAN FERNANDO,Tarjeta de Identidad,Femenino,16,NA,secundaria
Puntos Vive Digital,Secundaria,General,CALLE 70 # 20-63 MZ 6 SAN FERNANDO,Tarjeta de Identidad,Masculino,16,NA,Secundaria
Puntos Vive Digital,secundaria,General,CALLE 70 # 20-63 MZ 6 SAN FERNANDO,Tarjeta de Identidad,Femenino,16,NA,secundaria
Puntos Vive Digital,secundaria,General,CALLE 70 # 20-63 MZ 6 SAN FERNANDO,Tarjeta de Identidad,Femenino,15,NA,secundaria
Puntos Vive Digital,Secundaria,General,CALLE 70 # 20-63 MZ 6 SAN FERNANDO,Tarjeta de Identidad,Masculino,15,NA,Secundaria
Puntos Vive Digital,Secundaria,General,CALLE 70 # 20-63 MZ 6 SAN FERNANDO,Tarjeta de Identidad,Masculino,15,NA,Secundaria
Puntos Vive Digital,Secundaria,General,CALLE 70 # 20-63 MZ 6 SAN FERNANDO,Cédula Ciudadanía,Masculino,18,NA,Secundaria
Puntos Vive Digital,secundaria,General,CALLE 70 # 20-63 MZ 6 SAN FERNANDO,Tarjeta de Identidad,Femenino,17,NA,secundaria
Puntos Vive Digital,Secundaria,General,CALLE 70 # 20-63 MZ 6 SAN FERNANDO,Tarjeta de Identidad,Masculino,15,NA,Secundaria
Puntos Vive Digital,secundaria,General,CALLE 70 # 20-63 MZ 6 SAN FERNANDO,Tarjeta de Identidad,Femenino,15,NA,secundaria
Puntos Vive Digital,secundaria,General,CALLE 70 # 20-63 MZ 6 SAN FERNANDO,Tarjeta de Identidad,Femenino,15,NA,secundaria
Puntos Vive Digital,secundaria,General,CALLE 70 # 20-63 MZ 6 SAN FERNANDO,Tarjeta de Identidad,Femenino,15,NA,secundaria
Puntos Vive Digital,secundaria,General,CALLE 70 # 20-63 MZ 6 SAN FERNANDO,Tarjeta de Identidad,Femenino,15,NA,secundaria
Puntos Vive Digital,Secundaria,General,CALLE 70 # 20-63 MZ 6 SAN FERNANDO,Tarjeta de Identidad,Masculino,18,NA,Secundaria
Puntos Vive Digital,Secundaria,General,CALLE 70 # 20-63 MZ 6 SAN FERNANDO,Tarjeta de Identidad,Masculino,17,NA,Secundaria
Puntos Vive Digital,Secundaria,General,CALLE 70 # 20-63 MZ 6 SAN FERNANDO,Tarjeta de Identidad,Masculino,16,NA,Secundaria
Puntos Vive Digital,Secundaria,General,CALLE 70 # 20-63 MZ 6 SAN FERNANDO,Cédula Ciudadanía,Masculino,18,NA,Secundaria
Puntos Vive Digital,Secundaria,General,CALLE 70 # 20-63 MZ 6 SAN FERNANDO,Tarjeta de Identidad,Masculino,12,Afrocolombiano,Secundaria
Puntos Vive Digital,secundaria,General,CALLE 70 # 20-63 MZ 6 SAN FERNANDO,Cédula Ciudadanía,Femenino,18,NA,secundaria
Puntos Vive Digital,Secundaria,General,CALLE 70 # 20-63 MZ 6 SAN FERNANDO,Cédula Ciudadanía,Masculino,19,NA,Secundaria
Puntos Vive Digital,Secundaria,General,CALLE 70 # 20-63 MZ 6 SAN FERNANDO,Cédula Ciudadanía,Masculino,18,NA,Secundaria
Puntos Vive Digital,Secundaria,General,CALLE 70 # 20-63 MZ 6 SAN FERNANDO,Cédula Ciudadanía,Masculino,18,NA,Secundaria
Puntos Vive Digital,Secundaria,General,CALLE 70 # 20-63 MZ 6 SAN FERNANDO,Tarjeta de Identidad,Masculino,17,NA,Secundaria
Puntos Vive Digital,Secundaria,General,CALLE 70 # 20-63 MZ 6 SAN FERNANDO,Tarjeta de Identidad,Masculino,17,NA,Secundaria
Puntos Vive Digital,Secundaria,General,CALLE 70 # 20-63 MZ 6 SAN FERNANDO,Tarjeta de Identidad,Masculino,17,NA,Secundaria
Puntos Vive Digital,Secundaria,General,CALLE 70 # 20-63 MZ 6 SAN FERNANDO,Permiso por Protección Temporal,Masculino,18,NA,Secundaria
Puntos Vive Digital,secundaria,General,CALLE 70 # 20-63 MZ 6 SAN FERNANDO,Tarjeta de Identidad,Femenino,17,NA,secundaria
Puntos Vive Digital,secundaria,General,CALLE 70 # 20-63 MZ 6 SAN FERNANDO,Tarjeta de Identidad,Femenino,16,NA,secundaria
Puntos Vive Digital,secundaria,General,CALLE 70 # 20-63 MZ 6 SAN FERNANDO,Permiso por Protección Temporal,Femenino,17,NA,secundaria
Puntos Vive Digital,Secundaria,General,CALLE 70 # 20-63 MZ 6 SAN FERNANDO,Tarjeta de Identidad,Masculino,16,NA,Secundaria
Puntos Vive Digital,secundaria,General,CALLE 70 # 20-63 MZ 6 SAN FERNANDO,Tarjeta de Identidad,Femenino,15,NA,secundaria
Puntos Vive Digital,Secundaria,General,CALLE 70 # 20-63 MZ 6 SAN FERNANDO,Tarjeta de Identidad,Masculino,15,NA,Secundaria
Puntos Vive Digital,primaria,General,CALLE 70 # 20-63 MZ 6 SAN FERNANDO,Tarjeta de Identidad,Femenino,10,NA,primaria
Puntos Vive Digital,Primaria,General,CALLE 70 # 20-63 MZ 6 SAN FERNANDO,Tarjeta de Identidad,Masculino,10,NA,Primaria
Puntos Vive Digital,Primaria,General,CALLE 70 # 20-63 MZ 6 SAN FERNANDO,Tarjeta de Identidad,Masculino,12,NA,Primaria
Puntos Vive Digital,secundaria,General,CALLE 70 # 20-63 MZ 6 SAN FERNANDO,Tarjeta de Identidad,Femenino,8,NA,secundaria
Puntos Vive Digital,secundaria,General,CALLE 70 # 20-63 MZ 6 SAN FERNANDO,Tarjeta de Identidad,Femenino,11,NA,secundaria
Puntos Vive Digital,Secundaria,General,CALLE 70 # 20-63 MZ 6 SAN FERNANDO,Tarjeta de Identidad,Masculino,17,Afrocolombiano,Secundaria
Puntos Vive Digital,Secundaria,General,CALLE 70 # 20-63 MZ 6 SAN FERNANDO,Tarjeta de Identidad,Masculino,12,NA,Secundaria
Puntos Vive Digital,Secundaria,General,CALLE 70 # 20-63 MZ 6 SAN FERNANDO,Cédula Ciudadanía,Masculino,53,NA,Secundaria
Puntos Vive Digital,secundaria,General,CALLE 70 # 20-63 MZ 6 SAN FERNANDO,Cédula Ciudadanía,Femenino,35,NA,secundaria
Puntos Vive Digital,secundaria,General,CALLE 70 # 20-63 MZ 6 SAN FERNANDO,Cédula Ciudadanía,Femenino,47,NA,secundaria
Puntos Vive Digital,tecnologico,General,CALLE 70 # 20-63 MZ 6 SAN FERNANDO,Cédula Ciudadanía,Femenino,45,mestizo,tecnologico
Puntos Vive Digital,Secundaria,General,CALLE 70 # 20-63 MZ 6 SAN FERNANDO,Cédula Ciudadanía,Masculino,57,NA,Secundaria
Puntos Vive Digital,secundaria,General,CALLE 70 # 20-63 MZ 6 SAN FERNANDO,Registro Civil,Femenino,60,NA,secundaria
Puntos Vive Digital,Tecnico,General,CALLE 70 # 20-63 MZ 6 SAN FERNANDO,Cédula Ciudadanía,Masculino,61,NA,Tecnico
Puntos Vive Digital,tecnico,General,CALLE 70 # 20-63 MZ 6 SAN FERNANDO,Cédula Ciudadanía,Femenino,48,NA,tecnico
Puntos Vive Digital,Secundaria,General,CALLE 70 # 20-63 MZ 6 SAN FERNANDO,Cédula Ciudadanía,Masculino,62,NA,Secundaria
Puntos Vive Digital,tecnico,General,CALLE 70 # 20-63 MZ 6 SAN FERNANDO,Cédula Ciudadanía,Femenino,60,NA,tecnico
Puntos Vive Digital,primaria,General,CALLE 70 # 20-63 MZ 6 SAN FERNANDO,Cédula Ciudadanía,Femenino,54,NA,primaria
Puntos Vive Digital,universitario,General,CALLE 70 # 20-63 MZ 6 SAN FERNANDO,Cédula Ciudadanía,Masculino,42,NA,universitario
Puntos Vive Digital,Secundaria,General,CALLE 70 # 20-63 MZ 6 SAN FERNANDO,Tarjeta de Identidad,Masculino,16,NA,Secundaria
Puntos Vive Digital,Secundaria,General,CALLE 70 # 20-63 MZ 6 SAN FERNANDO,Tarjeta de Identidad,Masculino,17,NA,Secundaria
Puntos Vive Digital,Secundaria,General,CALLE 70 # 20-63 MZ 6 SAN FERNANDO,Tarjeta de Identidad,Masculino,18,NA,Secundaria
Puntos Vive Digital,secundaria,General,CALLE 70 # 20-63 MZ 6 SAN FERNANDO,Tarjeta de Identidad,Femenino,15,NA,secundaria
Puntos Vive Digital,secundaria,General,CALLE 70 # 20-63 MZ 6 SAN FERNANDO,Tarjeta de Identidad,Femenino,15,NA,secundaria
Puntos Vive Digital,Secundaria,General,CALLE 70 # 20-63 MZ 6 SAN FERNANDO,Tarjeta de Identidad,Masculino,18,NA,Secundaria
Puntos Vive Digital,secundaria,General,CALLE 70 # 20-63 MZ 6 SAN FERNANDO,Tarjeta de Identidad,Femenino,15,NA,secundaria
Puntos Vive Digital,secundaria,General,CALLE 70 # 20-63 MZ 6 SAN FERNANDO,Tarjeta de Identidad,Femenino,15,NA,secundaria
Puntos Vive Digital,Secundaria,General,CALLE 70 # 20-63 MZ 6 SAN FERNANDO,Tarjeta de Identidad,Masculino,15,NA,Secundaria
Puntos Vive Digital,secundaria,General,CALLE 70 # 20-63 MZ 6 SAN FERNANDO,Tarjeta de Identidad,Femenino,17,NA,secundaria
Puntos Vive Digital,Secundaria,General,CALLE 70 # 20-63 MZ 6 SAN FERNANDO,Cédula Ciudadanía,Masculino,18,NA,Secundaria
Puntos Vive Digital,Secundaria,General,CALLE 70 # 20-63 MZ 6 SAN FERNANDO,Tarjeta de Identidad,Masculino,15,NA,Secundaria
Puntos Vive Digital,Secundaria,General,CALLE 70 # 20-63 MZ 6 SAN FERNANDO,Tarjeta de Identidad,Masculino,15,NA,Secundaria
Puntos Vive Digital,secundaria,General,CALLE 70 # 20-63 MZ 6 SAN FERNANDO,Tarjeta de Identidad,Femenino,15,NA,secundaria
Puntos Vive Digital,secundaria,General,CALLE 70 # 20-63 MZ 6 SAN FERNANDO,Tarjeta de Identidad,Femenino,16,NA,secundaria
Puntos Vive Digital,Secundaria,General,CALLE 70 # 20-63 MZ 6 SAN FERNANDO,Tarjeta de Identidad,Masculino,16,NA,Secundaria
Puntos Vive Digital,Secundaria,General,CALLE 70 # 20-63 MZ 6 SAN FERNANDO,Tarjeta de Identidad,Masculino,16,NA,Secundaria
Puntos Vive Digital,secundaria,General,CALLE 70 # 20-63 MZ 6 SAN FERNANDO,Tarjeta de Identidad,Femenino,16,NA,secundaria
Puntos Vive Digital,Secundaria,General,CALLE 70 # 20-63 MZ 6 SAN FERNANDO,Tarjeta de Identidad,Masculino,16,NA,Secundaria
Puntos Vive Digital,Secundaria,General,CALLE 70 # 20-63 MZ 6 SAN FERNANDO,Tarjeta de Identidad,Masculino,17,NA,Secundaria
Puntos Vive Digital,Secundaria,General,CALLE 70 # 20-63 MZ 6 SAN FERNANDO,Tarjeta de Identidad,Masculino,17,NA,Secundaria
Puntos Vive Digital,Secundaria,General,CALLE 70 # 20-63 MZ 6 SAN FERNANDO,Tarjeta de Identidad,Masculino,16,NA,Secundaria
Puntos Vive Digital,Secundaria,General,CALLE 70 # 20-63 MZ 6 SAN FERNANDO,Tarjeta de Identidad,Masculino,15,NA,Secundaria
Puntos Vive Digital,Secundaria,General,CALLE 70 # 20-63 MZ 6 SAN FERNANDO,Tarjeta de Identidad,Masculino,15,NA,Secundaria
Puntos Vive Digital,secundaria,General,CALLE 70 # 20-63 MZ 6 SAN FERNANDO,Tarjeta de Identidad,Femenino,16,NA,secundaria
Puntos Vive Digital,Secundaria,General,CALLE 70 # 20-63 MZ 6 SAN FERNANDO,Tarjeta de Identidad,Masculino,17,NA,Secundaria
Puntos Vive Digital,secundaria,General,CALLE 70 # 20-63 MZ 6 SAN FERNANDO,Tarjeta de Identidad,Femenino,17,NA,secundaria
Puntos Vive Digital,secundaria,General,CALLE 70 # 20-63 MZ 6 SAN FERNANDO,Tarjeta de Identidad,Femenino,17,NA,secundaria
Puntos Vive Digital,Secundaria,General,CALLE 70 # 20-63 MZ 6 SAN FERNANDO,Tarjeta de Identidad,Masculino,15,NA,Secundaria
Puntos Vive Digital,Secundaria,General,CALLE 70 # 20-63 MZ 6 SAN FERNANDO,Tarjeta de Identidad,Masculino,15,NA,Secundaria
Puntos Vive Digital,secundaria,General,CALLE 70 # 20-63 MZ 6 SAN FERNANDO,Tarjeta de Identidad,Femenino,15,NA,secundaria
Puntos Vive Digital,secundaria,General,CALLE 70 # 20-63 MZ 6 SAN FERNANDO,Tarjeta de Identidad,Femenino,16,NA,secundaria
Puntos Vive Digital,Secundaria,General,CALLE 70 # 20-63 MZ 6 SAN FERNANDO,Tarjeta de Identidad,Masculino,16,NA,Secundaria
Puntos Vive Digital,secundaria,General,CALLE 70 # 20-63 MZ 6 SAN FERNANDO,Tarjeta de Identidad,Femenino,16,NA,secundaria
Puntos Vive Digital,Secundaria,General,CALLE 70 # 20-63 MZ 6 SAN FERNANDO,Tarjeta de Identidad,Masculino,17,NA,Secundaria
Puntos Vive Digital,Secundaria,General,CALLE 70 # 20-63 MZ 6 SAN FERNANDO,Tarjeta de Identidad,Masculino,17,NA,Secundaria
Puntos Vive Digital,Secundaria,General,CALLE 70 # 20-63 MZ 6 SAN FERNANDO,Tarjeta de Identidad,Masculino,12,Afrocolombiano,Secundaria
Puntos Vive Digital,Secundaria,General,CALLE 70 # 20-63 MZ 6 SAN FERNANDO,Otro,Masculino,15,Afrocolombiano,Secundaria
Puntos Vive Digital,Secundaria,General,CALLE 70 # 20-63 MZ 6 SAN FERNANDO,Cédula Ciudadanía,Masculino,18,Afrocolombiano,Secundaria
Puntos Vive Digital,Secundaria,General,CALLE 70 # 20-63 MZ 6 SAN FERNANDO,Tarjeta de Identidad,Masculino,16,NA,Secundaria
Puntos Vive Digital,Secundaria,General,CALLE 70 # 20-63 MZ 6 SAN FERNANDO,Tarjeta de Identidad,Masculino,11,NA,Secundaria
Puntos Vive Digital,NA,General,CARRERA 9 # 16-60 CENTRO CULTURAL LUCY TEJADA PISO 4,Cédula Ciudadanía,Masculino,29,NA,NA
Puntos Vive Digital,NA,General,CARRERA 9 # 16-60 CENTRO CULTURAL LUCY TEJADA PISO 4,Cédula Ciudadanía,Masculino,22,NA,NA
Puntos Vive Digital,NA,General,CARRERA 9 # 16-60 CENTRO CULTURAL LUCY TEJADA PISO 4,Cédula Ciudadanía,Masculino,35,NA,NA
Puntos Vive Digital,NA,General,CARRERA 9 # 16-60 CENTRO CULTURAL LUCY TEJADA PISO 4,Cédula Ciudadanía,Masculino,18,NA,NA
Puntos Vive Digital,NA,General,CARRERA 9 # 16-60 CENTRO CULTURAL LUCY TEJADA PISO 4,Cédula Ciudadanía,Masculino,25,NA,NA
Puntos Vive Digital,NA,General,CARRERA 9 # 16-60 CENTRO CULTURAL LUCY TEJADA PISO 4,Tarjeta de Identidad,Masculino,16,NA,NA
Puntos Vive Digital,NA,General,CARRERA 9 # 16-60 CENTRO CULTURAL LUCY TEJADA PISO 4,Cédula Ciudadanía,Masculino,37,NA,NA
Puntos Vive Digital,NA,General,CARRERA 9 # 16-60 CENTRO CULTURAL LUCY TEJADA PISO 4,Tarjeta de Identidad,Masculino,16,NA,NA
Puntos Vive Digital,NA,General,CARRERA 9 # 16-60 CENTRO CULTURAL LUCY TEJADA PISO 4,Cédula Ciudadanía,Masculino,60,NA,NA
Puntos Vive Digital,NA,General,CARRERA 9 # 16-60 CENTRO CULTURAL LUCY TEJADA PISO 4,Cédula Ciudadanía,Masculino,34,NA,NA
Puntos Vive Digital,NA,General,CARRERA 9 # 16-60 CENTRO CULTURAL LUCY TEJADA PISO 4,Tarjeta de Identidad,Masculino,15,NA,NA
Puntos Vive Digital,NA,General,CARRERA 9 # 16-60 CENTRO CULTURAL LUCY TEJADA PISO 4,Cédula Ciudadanía,Masculino,28,NA,NA
Puntos Vive Digital,NA,General,CARRERA 9 # 16-60 CENTRO CULTURAL LUCY TEJADA PISO 4,Cédula Ciudadanía,Masculino,66,NA,NA
Puntos Vive Digital,NA,General,CARRERA 9 # 16-60 CENTRO CULTURAL LUCY TEJADA PISO 4,Cédula Ciudadanía,Masculino,56,NA,NA
Puntos Vive Digital,NA,General,CARRERA 9 # 16-60 CENTRO CULTURAL LUCY TEJADA PISO 4,Tarjeta de Identidad,Masculino,17,NA,NA
Puntos Vive Digital,NA,General,CARRERA 9 # 16-60 CENTRO CULTURAL LUCY TEJADA PISO 4,Cédula Ciudadanía,Masculino,56,NA,NA
Puntos Vive Digital,NA,General,CARRERA 9 # 16-60 CENTRO CULTURAL LUCY TEJADA PISO 4,Cédula Ciudadanía,Masculino,60,NA,NA
Puntos Vive Digital,NA,General,CARRERA 9 # 16-60 CENTRO CULTURAL LUCY TEJADA PISO 4,Cédula Ciudadanía,Masculino,66,NA,NA
Puntos Vive Digital,NA,General,CARRERA 9 # 16-60 CENTRO CULTURAL LUCY TEJADA PISO 4,Cédula Ciudadanía,Masculino,35,NA,NA
Puntos Vive Digital,NA,General,CARRERA 9 # 16-60 CENTRO CULTURAL LUCY TEJADA PISO 4,Cédula Ciudadanía,Masculino,78,NA,NA
Puntos Vive Digital,NA,General,CARRERA 9 # 16-60 CENTRO CULTURAL LUCY TEJADA PISO 4,Cédula Ciudadanía,Masculino,36,NA,NA
Puntos Vive Digital,NA,General,CARRERA 9 # 16-60 CENTRO CULTURAL LUCY TEJADA PISO 4,Otro,Masculino,15,NA,NA
Puntos Vive Digital,NA,General,CARRERA 9 # 16-60 CENTRO CULTURAL LUCY TEJADA PISO 4,Cédula Ciudadanía,Masculino,53,NA,NA
Puntos Vive Digital,NA,General,CARRERA 9 # 16-60 CENTRO CULTURAL LUCY TEJADA PISO 4,Cédula Ciudadanía,Masculino,44,NA,NA
Puntos Vive Digital,NA,General,CARRERA 9 # 16-60 CENTRO CULTURAL LUCY TEJADA PISO 4,Tarjeta de Identidad,Masculino,17,NA,NA
Puntos Vive Digital,NA,General,CARRERA 9 # 16-60 CENTRO CULTURAL LUCY TEJADA PISO 4,Cédula Ciudadanía,Masculino,35,NA,NA
Puntos Vive Digital,NA,General,CARRERA 9 # 16-60 CENTRO CULTURAL LUCY TEJADA PISO 4,Otro,Masculino,15,NA,NA
Puntos Vive Digital,NA,General,CARRERA 9 # 16-60 CENTRO CULTURAL LUCY TEJADA PISO 4,Otro,Masculino,52,NA,NA
Puntos Vive Digital,NA,General,CARRERA 9 # 16-60 CENTRO CULTURAL LUCY TEJADA PISO 4,Cédula Ciudadanía,Masculino,44,NA,NA
Puntos Vive Digital,NA,General,CARRERA 9 # 16-60 CENTRO CULTURAL LUCY TEJADA PISO 4,Cédula Ciudadanía,Masculino,40,NA,NA
Puntos Vive Digital,NA,General,CARRERA 9 # 16-60 CENTRO CULTURAL LUCY TEJADA PISO 4,Cédula Ciudadanía,Masculino,53,NA,NA
Puntos Vive Digital,NA,General,CARRERA 9 # 16-60 CENTRO CULTURAL LUCY TEJADA PISO 4,Cédula Ciudadanía,Masculino,33,NA,NA
Puntos Vive Digital,NA,General,CARRERA 9 # 16-60 CENTRO CULTURAL LUCY TEJADA PISO 4,Cédula Ciudadanía,Masculino,19,NA,NA
Puntos Vive Digital,NA,General,CARRERA 9 # 16-60 CENTRO CULTURAL LUCY TEJADA PISO 4,Cédula Ciudadanía,Masculino,34,NA,NA
Puntos Vive Digital,NA,General,CARRERA 9 # 16-60 CENTRO CULTURAL LUCY TEJADA PISO 4,Cédula Ciudadanía,Masculino,35,NA,NA
Puntos Vive Digital,NA,General,CARRERA 9 # 16-60 CENTRO CULTURAL LUCY TEJADA PISO 4,Cédula Ciudadanía,Masculino,42,NA,NA
Puntos Vive Digital,NA,General,CARRERA 9 # 16-60 CENTRO CULTURAL LUCY TEJADA PISO 4,Cédula Ciudadanía,Masculino,36,NA,NA
Puntos Vive Digital,NA,General,CARRERA 9 # 16-60 CENTRO CULTURAL LUCY TEJADA PISO 4,Cédula Ciudadanía,Masculino,53,NA,NA
Puntos Vive Digital,NA,General,CARRERA 9 # 16-60 CENTRO CULTURAL LUCY TEJADA PISO 4,Cédula Ciudadanía,Masculino,37,NA,NA
Puntos Vive Digital,NA,General,CARRERA 9 # 16-60 CENTRO CULTURAL LUCY TEJADA PISO 4,Cédula Ciudadanía,Masculino,29,NA,NA
Puntos Vive Digital,NA,General,CARRERA 9 # 16-60 CENTRO CULTURAL LUCY TEJADA PISO 4,Cédula Ciudadanía,Masculino,42,NA,NA
Puntos Vive Digital,NA,General,CARRERA 9 # 16-60 CENTRO CULTURAL LUCY TEJADA PISO 4,Cédula Ciudadanía,Masculino,27,NA,NA
Puntos Vive Digital,NA,General,CARRERA 9 # 16-60 CENTRO CULTURAL LUCY TEJADA PISO 4,Cédula Ciudadanía,Masculino,18,NA,NA
Puntos Vive Digital,NA,General,CARRERA 9 # 16-60 CENTRO CULTURAL LUCY TEJADA PISO 4,Cédula Ciudadanía,Masculino,30,NA,NA
Puntos Vive Digital,NA,General,CARRERA 9 # 16-60 CENTRO CULTURAL LUCY TEJADA PISO 4,Cédula Ciudadanía,Masculino,66,NA,NA
Puntos Vive Digital,NA,General,CARRERA 9 # 16-60 CENTRO CULTURAL LUCY TEJADA PISO 4,Cédula Ciudadanía,Masculino,49,NA,NA
Puntos Vive Digital,NA,General,CARRERA 9 # 16-60 CENTRO CULTURAL LUCY TEJADA PISO 4,Cédula Ciudadanía,Masculino,37,NA,NA
Puntos Vive Digital,NA,General,CARRERA 9 # 16-60 CENTRO CULTURAL LUCY TEJADA PISO 4,Cédula Ciudadanía,Masculino,20,NA,NA
Puntos Vive Digital,NA,General,CARRERA 9 # 16-60 CENTRO CULTURAL LUCY TEJADA PISO 4,Cédula Ciudadanía,Masculino,29,NA,NA
Puntos Vive Digital,NA,General,CARRERA 9 # 16-60 CENTRO CULTURAL LUCY TEJADA PISO 4,Otro,Masculino,15,NA,NA
Puntos Vive Digital,NA,General,CARRERA 9 # 16-60 CENTRO CULTURAL LUCY TEJADA PISO 4,Cédula Ciudadanía,Masculino,36,NA,NA
Puntos Vive Digital,NA,General,CARRERA 9 # 16-60 CENTRO CULTURAL LUCY TEJADA PISO 4,Cédula Ciudadanía,Masculino,53,NA,NA
Puntos Vive Digital,NA,General,CARRERA 9 # 16-60 CENTRO CULTURAL LUCY TEJADA PISO 4,Cédula Ciudadanía,Masculino,18,NA,NA
Puntos Vive Digital,NA,General,CARRERA 9 # 16-60 CENTRO CULTURAL LUCY TEJADA PISO 4,Cédula Ciudadanía,Masculino,58,NA,NA
Puntos Vive Digital,NA,General,CARRERA 9 # 16-60 CENTRO CULTURAL LUCY TEJADA PISO 4,Cédula Ciudadanía,Masculino,54,NA,NA
Puntos Vive Digital,NA,General,CARRERA 9 # 16-60 CENTRO CULTURAL LUCY TEJADA PISO 4,Cédula Ciudadanía,Masculino,82,NA,NA
Puntos Vive Digital,NA,General,CARRERA 9 # 16-60 CENTRO CULTURAL LUCY TEJADA PISO 4,Otro,Masculino,15,NA,NA
Puntos Vive Digital,NA,General,CARRERA 9 # 16-60 CENTRO CULTURAL LUCY TEJADA PISO 4,Tarjeta de Identidad,Masculino,14,NA,NA
Puntos Vive Digital,NA,General,CARRERA 9 # 16-60 CENTRO CULTURAL LUCY TEJADA PISO 4,Cédula Ciudadanía,Masculino,68,NA,NA
Puntos Vive Digital,NA,General,CARRERA 9 # 16-60 CENTRO CULTURAL LUCY TEJADA PISO 4,Cédula Ciudadanía,Masculino,66,NA,NA
Puntos Vive Digital,NA,General,CARRERA 9 # 16-60 CENTRO CULTURAL LUCY TEJADA PISO 4,Cédula Ciudadanía,Masculino,53,NA,NA
Puntos Vive Digital,NA,General,CARRERA 9 # 16-60 CENTRO CULTURAL LUCY TEJADA PISO 4,Cédula Ciudadanía,Masculino,18,NA,NA
Puntos Vive Digital,NA,General,CARRERA 9 # 16-60 CENTRO CULTURAL LUCY TEJADA PISO 4,Cédula Ciudadanía,Masculino,66,NA,NA
Puntos Vive Digital,NA,General,CARRERA 9 # 16-60 CENTRO CULTURAL LUCY TEJADA PISO 4,Otro,Masculino,15,NA,NA
Puntos Vive Digital,NA,General,CARRERA 9 # 16-60 CENTRO CULTURAL LUCY TEJADA PISO 4,Cédula Ciudadanía,Masculino,44,NA,NA
Puntos Vive Digital,NA,General,CARRERA 9 # 16-60 CENTRO CULTURAL LUCY TEJADA PISO 4,Cédula Ciudadanía,Masculino,40,NA,NA
Puntos Vive Digital,NA,General,CARRERA 9 # 16-60 CENTRO CULTURAL LUCY TEJADA PISO 4,Cédula Ciudadanía,Masculino,35,NA,NA
Puntos Vive Digital,NA,General,CARRERA 9 # 16-60 CENTRO CULTURAL LUCY TEJADA PISO 4,Cédula Ciudadanía,Masculino,57,NA,NA
Puntos Vive Digital,NA,General,CARRERA 9 # 16-60 CENTRO CULTURAL LUCY TEJADA PISO 4,Cédula Ciudadanía,Masculino,63,NA,NA
Puntos Vive Digital,NA,General,CARRERA 9 # 16-60 CENTRO CULTURAL LUCY TEJADA PISO 4,Cédula Ciudadanía,Masculino,20,NA,NA
Puntos Vive Digital,NA,General,CARRERA 9 # 16-60 CENTRO CULTURAL LUCY TEJADA PISO 4,Cédula Ciudadanía,Masculino,68,NA,NA
Puntos Vive Digital,NA,General,CARRERA 9 # 16-60 CENTRO CULTURAL LUCY TEJADA PISO 4,Cédula Ciudadanía,Masculino,62,NA,NA
Puntos Vive Digital,NA,General,CARRERA 9 # 16-60 CENTRO CULTURAL LUCY TEJADA PISO 4,Cédula Ciudadanía,Masculino,66,NA,NA
Puntos Vive Digital,NA,General,CARRERA 9 # 16-60 CENTRO CULTURAL LUCY TEJADA PISO 4,Cédula Ciudadanía,Masculino,41,NA,NA
Puntos Vive Digital,NA,General,CARRERA 9 # 16-60 CENTRO CULTURAL LUCY TEJADA PISO 4,Otro,Masculino,17,NA,NA
Puntos Vive Digital,NA,General,CARRERA 9 # 16-60 CENTRO CULTURAL LUCY TEJADA PISO 4,Tarjeta de Identidad,Masculino,15,NA,NA
Puntos Vive Digital,NA,General,CARRERA 9 # 16-60 CENTRO CULTURAL LUCY TEJADA PISO 4,Cédula Ciudadanía,Masculino,33,NA,NA
Puntos Vive Digital,NA,General,CARRERA 9 # 16-60 CENTRO CULTURAL LUCY TEJADA PISO 4,Cédula Ciudadanía,Masculino,65,NA,NA
Puntos Vive Digital,NA,General,CARRERA 9 # 16-60 CENTRO CULTURAL LUCY TEJADA PISO 4,Cédula Ciudadanía,Masculino,37,NA,NA
Puntos Vive Digital,NA,General,CARRERA 9 # 16-60 CENTRO CULTURAL LUCY TEJADA PISO 4,Cédula Ciudadanía,Masculino,42,NA,NA
Puntos Vive Digital,NA,General,CARRERA 9 # 16-60 CENTRO CULTURAL LUCY TEJADA PISO 4,Cédula Ciudadanía,Masculino,53,NA,NA
Puntos Vive Digital,NA,General,CARRERA 9 # 16-60 CENTRO CULTURAL LUCY TEJADA PISO 4,Cédula Ciudadanía,Masculino,31,NA,NA
Puntos Vive Digital,NA,General,CARRERA 9 # 16-60 CENTRO CULTURAL LUCY TEJADA PISO 4,Cédula Ciudadanía,Masculino,66,NA,NA
Puntos Vive Digital,NA,General,CARRERA 9 # 16-60 CENTRO CULTURAL LUCY TEJADA PISO 4,Cédula Ciudadanía,Masculino,33,NA,NA
Puntos Vive Digital,NA,General,CARRERA 9 # 16-60 CENTRO CULTURAL LUCY TEJADA PISO 4,Cédula Ciudadanía,Masculino,70,NA,NA
Puntos Vive Digital,NA,General,CARRERA 9 # 16-60 CENTRO CULTURAL LUCY TEJADA PISO 4,Cédula Ciudadanía,Masculino,66,NA,NA
Puntos Vive Digital,NA,General,CARRERA 9 # 16-60 CENTRO CULTURAL LUCY TEJADA PISO 4,Cédula Ciudadanía,Masculino,78,NA,NA
Puntos Vive Digital,NA,General,CARRERA 9 # 16-60 CENTRO CULTURAL LUCY TEJADA PISO 4,Cédula Ciudadanía,Masculino,44,NA,NA
Puntos Vive Digital,NA,General,CARRERA 9 # 16-60 CENTRO CULTURAL LUCY TEJADA PISO 4,Cédula Ciudadanía,Masculino,40,NA,NA
Puntos Vive Digital,NA,General,CARRERA 9 # 16-60 CENTRO CULTURAL LUCY TEJADA PISO 4,Cédula Ciudadanía,Masculino,21,NA,NA
Puntos Vive Digital,NA,General,CARRERA 9 # 16-60 CENTRO CULTURAL LUCY TEJADA PISO 4,Tarjeta de Identidad,Masculino,17,NA,NA
Puntos Vive Digital,NA,General,CARRERA 9 # 16-60 CENTRO CULTURAL LUCY TEJADA PISO 4,Cédula Ciudadanía,Masculino,19,NA,NA
Puntos Vive Digital,NA,General,CARRERA 9 # 16-60 CENTRO CULTURAL LUCY TEJADA PISO 4,Tarjeta de Identidad,Masculino,17,NA,NA
Puntos Vive Digital,NA,General,CARRERA 9 # 16-60 CENTRO CULTURAL LUCY TEJADA PISO 4,Cédula Ciudadanía,Masculino,42,NA,NA
Puntos Vive Digital,NA,General,CARRERA 9 # 16-60 CENTRO CULTURAL LUCY TEJADA PISO 4,Cédula Ciudadanía,Masculino,66,NA,NA
Puntos Vive Digital,NA,General,CARRERA 9 # 16-60 CENTRO CULTURAL LUCY TEJADA PISO 4,Cédula Ciudadanía,Masculino,55,NA,NA
Puntos Vive Digital,NA,General,CARRERA 9 # 16-60 CENTRO CULTURAL LUCY TEJADA PISO 4,Cédula Ciudadanía,Masculino,24,NA,NA
Puntos Vive Digital,NA,General,CARRERA 9 # 16-60 CENTRO CULTURAL LUCY TEJADA PISO 4,Cédula Ciudadanía,Masculino,18,NA,NA
Puntos Vive Digital,NA,General,CARRERA 9 # 16-60 CENTRO CULTURAL LUCY TEJADA PISO 4,Cédula Ciudadanía,Masculino,42,NA,NA
Puntos Vive Digital,NA,General,CARRERA 9 # 16-60 CENTRO CULTURAL LUCY TEJADA PISO 4,Tarjeta de Identidad,Masculino,16,NA,NA
Puntos Vive Digital,NA,General,CARRERA 9 # 16-60 CENTRO CULTURAL LUCY TEJADA PISO 4,Cédula Ciudadanía,Masculino,68,NA,NA
Puntos Vive Digital,NA,General,CARRERA 9 # 16-60 CENTRO CULTURAL LUCY TEJADA PISO 4,Cédula Ciudadanía,Masculino,62,NA,NA
Puntos Vive Digital,NA,General,CARRERA 9 # 16-60 CENTRO CULTURAL LUCY TEJADA PISO 4,Cédula Ciudadanía,Masculino,24,NA,NA
Puntos Vive Digital,NA,General,CARRERA 9 # 16-60 CENTRO CULTURAL LUCY TEJADA PISO 4,Cédula Ciudadanía,Masculino,76,NA,NA
Puntos Vive Digital,NA,General,CARRERA 9 # 16-60 CENTRO CULTURAL LUCY TEJADA PISO 4,Cédula Ciudadanía,Masculino,18,NA,NA
Puntos Vive Digital,NA,General,CARRERA 9 # 16-60 CENTRO CULTURAL LUCY TEJADA PISO 4,Cédula Ciudadanía,Masculino,63,NA,NA
Puntos Vive Digital,NA,General,CARRERA 9 # 16-60 CENTRO CULTURAL LUCY TEJADA PISO 4,Cédula Ciudadanía,Masculino,33,NA,NA
Puntos Vive Digital,NA,General,CARRERA 9 # 16-60 CENTRO CULTURAL LUCY TEJADA PISO 4,Otro,Masculino,17,NA,NA
Puntos Vive Digital,NA,General,CARRERA 9 # 16-60 CENTRO CULTURAL LUCY TEJADA PISO 4,Cédula Ciudadanía,Masculino,38,NA,NA
Puntos Vive Digital,NA,General,CARRERA 9 # 16-60 CENTRO CULTURAL LUCY TEJADA PISO 4,Cédula Ciudadanía,Masculino,29,NA,NA
Puntos Vive Digital,NA,General,CARRERA 9 # 16-60 CENTRO CULTURAL LUCY TEJADA PISO 4,Cédula Ciudadanía,Masculino,63,NA,NA
Puntos Vive Digital,NA,General,CARRERA 9 # 16-60 CENTRO CULTURAL LUCY TEJADA PISO 4,Cédula Ciudadanía,Masculino,32,NA,NA
Puntos Vive Digital,NA,General,CARRERA 9 # 16-60 CENTRO CULTURAL LUCY TEJADA PISO 4,Cédula Ciudadanía,Masculino,80,NA,NA
Puntos Vive Digital,NA,General,CARRERA 9 # 16-60 CENTRO CULTURAL LUCY TEJADA PISO 4,Cédula Ciudadanía,Masculino,20,NA,NA
Puntos Vive Digital,NA,General,CARRERA 9 # 16-60 CENTRO CULTURAL LUCY TEJADA PISO 4,Cédula Ciudadanía,Masculino,30,NA,NA
Puntos Vive Digital,NA,General,CARRERA 9 # 16-60 CENTRO CULTURAL LUCY TEJADA PISO 4,Cédula Ciudadanía,Masculino,66,NA,NA
Puntos Vive Digital,NA,General,CARRERA 9 # 16-60 CENTRO CULTURAL LUCY TEJADA PISO 4,Cédula Ciudadanía,Masculino,33,NA,NA
Puntos Vive Digital,NA,General,CARRERA 9 # 16-60 CENTRO CULTURAL LUCY TEJADA PISO 4,Cédula Ciudadanía,Masculino,26,NA,NA
Puntos Vive Digital,NA,General,CARRERA 9 # 16-60 CENTRO CULTURAL LUCY TEJADA PISO 4,Cédula Ciudadanía,Masculino,22,NA,NA
Puntos Vive Digital,NA,General,CARRERA 9 # 16-60 CENTRO CULTURAL LUCY TEJADA PISO 4,Cédula Ciudadanía,Masculino,53,NA,NA
Puntos Vive Digital,NA,General,CARRERA 9 # 16-60 CENTRO CULTURAL LUCY TEJADA PISO 4,Cédula Ciudadanía,Masculino,63,NA,NA
Puntos Vive Digital,NA,General,CARRERA 9 # 16-60 CENTRO CULTURAL LUCY TEJADA PISO 4,Cédula Ciudadanía,Masculino,33,NA,NA
Puntos Vive Digital,NA,General,CARRERA 9 # 16-60 CENTRO CULTURAL LUCY TEJADA PISO 4,Permiso por Protección Temporal,Masculino,17,NA,NA
Puntos Vive Digital,NA,General,CARRERA 9 # 16-60 CENTRO CULTURAL LUCY TEJADA PISO 4,Cédula Ciudadanía,Masculino,24,NA,NA
Puntos Vive Digital,NA,General,CARRERA 9 # 16-60 CENTRO CULTURAL LUCY TEJADA PISO 4,Cédula Ciudadanía,Masculino,29,NA,NA
Puntos Vive Digital,NA,General,CARRERA 9 # 16-60 CENTRO CULTURAL LUCY TEJADA PISO 4,Cédula Ciudadanía,Masculino,68,NA,NA
Puntos Vive Digital,NA,General,CARRERA 9 # 16-60 CENTRO CULTURAL LUCY TEJADA PISO 4,Cédula Ciudadanía,Masculino,68,NA,NA
Puntos Vive Digital,NA,General,CARRERA 9 # 16-60 CENTRO CULTURAL LUCY TEJADA PISO 4,Cédula Ciudadanía,Masculino,56,NA,NA
Puntos Vive Digital,NA,General,CARRERA 9 # 16-60 CENTRO CULTURAL LUCY TEJADA PISO 4,Cédula Ciudadanía,Masculino,33,NA,NA
Puntos Vive Digital,NA,General,CARRERA 9 # 16-60 CENTRO CULTURAL LUCY TEJADA PISO 4,Permiso por Protección Temporal,Masculino,15,NA,NA
Puntos Vive Digital,NA,General,CARRERA 9 # 16-60 CENTRO CULTURAL LUCY TEJADA PISO 4,Cédula Ciudadanía,Masculino,27,NA,NA
Puntos Vive Digital,NA,General,CARRERA 9 # 16-60 CENTRO CULTURAL LUCY TEJADA PISO 4,Cédula Ciudadanía,Masculino,60,NA,NA
Puntos Vive Digital,NA,General,CARRERA 9 # 16-60 CENTRO CULTURAL LUCY TEJADA PISO 4,Otro,Masculino,17,NA,NA
Puntos Vive Digital,Secundaria,General,CARRERA 9 # 16-60 CENTRO CULTURAL LUCY TEJADA PISO 4,Cédula Ciudadanía,Masculino,42,NA,Secundaria
Puntos Vive Digital,universitario,General,CARRERA 9 # 16-60 CENTRO CULTURAL LUCY TEJADA PISO 4,Cédula Ciudadanía,Femenino,31,NA,universitario
Puntos Vive Digital,Secundaria,General,CARRERA 9 # 16-60 CENTRO CULTURAL LUCY TEJADA PISO 4,Cédula Ciudadanía,Masculino,25,NA,Secundaria
Puntos Vive Digital,Secundaria,General,CARRERA 9 # 16-60 CENTRO CULTURAL LUCY TEJADA PISO 4,Cédula Ciudadanía,Masculino,49,mestizo,Secundaria
Puntos Vive Digital,secundaria,General,CARRERA 9 # 16-60 CENTRO CULTURAL LUCY TEJADA PISO 4,Cédula Ciudadanía,Femenino,52,NA,secundaria
Puntos Vive Digital,Secundaria,General,CARRERA 9 # 16-60 CENTRO CULTURAL LUCY TEJADA PISO 4,Cédula Ciudadanía,Masculino,38,NA,Secundaria
Puntos Vive Digital,Tecnico,General,CARRERA 9 # 16-60 CENTRO CULTURAL LUCY TEJADA PISO 4,Tarjeta de Identidad,Masculino,17,NA,Tecnico
Puntos Vive Digital,universitario,General,CARRERA 9 # 16-60 CENTRO CULTURAL LUCY TEJADA PISO 4,Cédula Ciudadanía,Masculino,48,NA,universitario
Puntos Vive Digital,NA,General,CARRERA 9 # 16-60 CENTRO CULTURAL LUCY TEJADA PISO 4,Cédula Ciudadanía,Masculino,19,NA,NA
Puntos Vive Digital,Secundaria,General,CARRERA 9 # 16-60 CENTRO CULTURAL LUCY TEJADA PISO 4,Cédula Ciudadanía,Masculino,46,NA,Secundaria
Puntos Vive Digital,Secundaria,General,CARRERA 9 # 16-60 CENTRO CULTURAL LUCY TEJADA PISO 4,Cédula Ciudadanía,Masculino,19,NA,Secundaria
Puntos Vive Digital,Secundaria,General,CARRERA 9 # 16-60 CENTRO CULTURAL LUCY TEJADA PISO 4,Cédula Ciudadanía,Masculino,62,NA,Secundaria
Puntos Vive Digital,secundaria,General,CARRERA 9 # 16-60 CENTRO CULTURAL LUCY TEJADA PISO 4,Cédula Ciudadanía,Femenino,18,NA,secundaria
Puntos Vive Digital,tecnico,General,CARRERA 9 # 16-60 CENTRO CULTURAL LUCY TEJADA PISO 4,Tarjeta de Identidad,Femenino,17,NA,tecnico
Puntos Vive Digital,Tecnico,General,CARRERA 9 # 16-60 CENTRO CULTURAL LUCY TEJADA PISO 4,Cédula Ciudadanía,Masculino,56,NA,Tecnico
Puntos Vive Digital,Secundaria,General,CARRERA 9 # 16-60 CENTRO CULTURAL LUCY TEJADA PISO 4,Cédula Ciudadanía,Masculino,33,NA,Secundaria
Puntos Vive Digital,Tecnico,General,CARRERA 9 # 16-60 CENTRO CULTURAL LUCY TEJADA PISO 4,Tarjeta de Identidad,Masculino,16,mestizo,Tecnico
Puntos Vive Digital,secundaria,General,CARRERA 9 # 16-60 CENTRO CULTURAL LUCY TEJADA PISO 4,Cédula Ciudadanía,Femenino,18,NA,secundaria
Puntos Vive Digital,secundaria,General,CARRERA 9 # 16-60 CENTRO CULTURAL LUCY TEJADA PISO 4,Cédula Ciudadanía,Femenino,39,NA,secundaria
Puntos Vive Digital,Secundaria,General,CARRERA 9 # 16-60 CENTRO CULTURAL LUCY TEJADA PISO 4,Cédula Ciudadanía,Masculino,31,NA,Secundaria
Puntos Vive Digital,secundaria,General,CARRERA 9 # 16-60 CENTRO CULTURAL LUCY TEJADA PISO 4,Cédula Ciudadanía,Femenino,52,NA,secundaria
Puntos Vive Digital,Secundaria,General,CARRERA 9 # 16-60 CENTRO CULTURAL LUCY TEJADA PISO 4,Cédula Ciudadanía,Masculino,38,NA,Secundaria
Puntos Vive Digital,universitario,General,CARRERA 9 # 16-60 CENTRO CULTURAL LUCY TEJADA PISO 4,Cédula Ciudadanía,Masculino,48,NA,universitario
Puntos Vive Digital,Secundaria,General,CARRERA 9 # 16-60 CENTRO CULTURAL LUCY TEJADA PISO 4,Cédula Ciudadanía,Masculino,46,NA,Secundaria
Puntos Vive Digital,Secundaria,General,CARRERA 9 # 16-60 CENTRO CULTURAL LUCY TEJADA PISO 4,Cédula Ciudadanía,Masculino,19,NA,Secundaria
Puntos Vive Digital,Tecnico,General,CARRERA 9 # 16-60 CENTRO CULTURAL LUCY TEJADA PISO 4,Tarjeta de Identidad,Masculino,17,NA,Tecnico
Puntos Vive Digital,Secundaria,General,CARRERA 9 # 16-60 CENTRO CULTURAL LUCY TEJADA PISO 4,Cédula Ciudadanía,Masculino,19,NA,Secundaria
Puntos Vive Digital,Tecnico,General,CARRERA 9 # 16-60 CENTRO CULTURAL LUCY TEJADA PISO 4,Cédula Ciudadanía,Masculino,33,NA,Tecnico
Puntos Vive Digital,secundaria,General,CARRERA 9 # 16-60 CENTRO CULTURAL LUCY TEJADA PISO 4,Cédula Ciudadanía,Femenino,68,NA,secundaria
Puntos Vive Digital,secundaria,General,CARRERA 9 # 16-60 CENTRO CULTURAL LUCY TEJADA PISO 4,Cédula Ciudadanía,Femenino,78,NA,secundaria
Puntos Vive Digital,Secundaria,General,CARRERA 9 # 16-60 CENTRO CULTURAL LUCY TEJADA PISO 4,Cédula Ciudadanía,Masculino,32,NA,Secundaria
Puntos Vive Digital,secundaria,General,CARRERA 9 # 16-60 CENTRO CULTURAL LUCY TEJADA PISO 4,Cédula Ciudadanía,Femenino,64,NA,secundaria
Puntos Vive Digital,Tecnico,General,CARRERA 9 # 16-60 CENTRO CULTURAL LUCY TEJADA PISO 4,Cédula Ciudadanía,Masculino,30,NA,Tecnico
Puntos Vive Digital,secundaria,General,CARRERA 9 # 16-60 CENTRO CULTURAL LUCY TEJADA PISO 4,Cédula Ciudadanía,Femenino,39,NA,secundaria
Puntos Vive Digital,tecnologico,General,CARRERA 9 # 16-60 CENTRO CULTURAL LUCY TEJADA PISO 4,Cédula Ciudadanía,Femenino,22,NA,tecnologico
Puntos Vive Digital,tecnologico,General,CARRERA 9 # 16-60 CENTRO CULTURAL LUCY TEJADA PISO 4,Cédula Ciudadanía,Femenino,22,NA,tecnologico
Puntos Vive Digital,Secundaria,General,CARRERA 9 # 16-60 CENTRO CULTURAL LUCY TEJADA PISO 4,Cédula Ciudadanía,Masculino,66,NA,Secundaria
Puntos Vive Digital,universitario,General,CARRERA 9 # 16-60 CENTRO CULTURAL LUCY TEJADA PISO 4,Cédula Ciudadanía,Masculino,62,NA,universitario
Puntos Vive Digital,universitario,General,CARRERA 9 # 16-60 CENTRO CULTURAL LUCY TEJADA PISO 4,Cédula Ciudadanía,Masculino,70,NA,universitario
Puntos Vive Digital,universitario,General,CARRERA 9 # 16-60 CENTRO CULTURAL LUCY TEJADA PISO 4,Cédula Ciudadanía,Masculino,70,NA,universitario
Puntos Vive Digital,Secundaria,General,CARRERA 9 # 16-60 CENTRO CULTURAL LUCY TEJADA PISO 4,Cédula Ciudadanía,Masculino,64,NA,Secundaria
Puntos Vive Digital,tecnico,General,CARRERA 9 # 16-60 CENTRO CULTURAL LUCY TEJADA PISO 4,Cédula Ciudadanía,Femenino,30,NA,tecnico
Puntos Vive Digital,primaria,General,CARRERA 9 # 16-60 CENTRO CULTURAL LUCY TEJADA PISO 4,Cédula Ciudadanía,Femenino,62,NA,primaria
Puntos Vive Digital,secundaria,General,CARRERA 9 # 16-60 CENTRO CULTURAL LUCY TEJADA PISO 4,Cédula Ciudadanía,Femenino,66,NA,secundaria
Puntos Vive Digital,universitario,General,CARRERA 9 # 16-60 CENTRO CULTURAL LUCY TEJADA PISO 4,Cédula Ciudadanía,Femenino,27,NA,universitario
Puntos Vive Digital,secundaria,General,CARRERA 9 # 16-60 CENTRO CULTURAL LUCY TEJADA PISO 4,Tarjeta de Identidad,Femenino,17,NA,secundaria
Puntos Vive Digital,secundaria,General,CARRERA 9 # 16-60 CENTRO CULTURAL LUCY TEJADA PISO 4,Cédula Ciudadanía,Femenino,18,NA,secundaria
Puntos Vive Digital,secundaria,General,CARRERA 9 # 16-60 CENTRO CULTURAL LUCY TEJADA PISO 4,Cédula Ciudadanía,Femenino,25,NA,secundaria
Puntos Vive Digital,secundaria,General,CARRERA 9 # 16-60 CENTRO CULTURAL LUCY TEJADA PISO 4,Cédula Ciudadanía,Femenino,25,NA,secundaria
Puntos Vive Digital,primaria,General,CARRERA 9 # 16-60 CENTRO CULTURAL LUCY TEJADA PISO 4,Cédula Ciudadanía,Femenino,62,NA,primaria
Puntos Vive Digital,secundaria,General,CARRERA 9 # 16-60 CENTRO CULTURAL LUCY TEJADA PISO 4,Cédula Ciudadanía,Femenino,39,NA,secundaria
Puntos Vive Digital,universitario,General,CARRERA 9 # 16-60 CENTRO CULTURAL LUCY TEJADA PISO 4,Cédula Ciudadanía,Masculino,63,NA,universitario
Puntos Vive Digital,universitario,General,CARRERA 9 # 16-60 CENTRO CULTURAL LUCY TEJADA PISO 4,Cédula Ciudadanía,Masculino,62,NA,universitario
Puntos Vive Digital,Secundaria,General,CARRERA 9 # 16-60 CENTRO CULTURAL LUCY TEJADA PISO 4,Cédula Ciudadanía,Masculino,66,NA,Secundaria
Puntos Vive Digital,tecnico,General,CARRERA 9 # 16-60 CENTRO CULTURAL LUCY TEJADA PISO 4,Cédula Ciudadanía,Femenino,30,NA,tecnico
Puntos Vive Digital,universitario,General,CARRERA 9 # 16-60 CENTRO CULTURAL LUCY TEJADA PISO 4,Cédula Ciudadanía,Femenino,27,NA,universitario
Puntos Vive Digital,Secundaria,General,CARRERA 9 # 16-60 CENTRO CULTURAL LUCY TEJADA PISO 4,Cédula Ciudadanía,Masculino,64,NA,Secundaria
Puntos Vive Digital,universitario,General,CARRERA 9 # 16-60 CENTRO CULTURAL LUCY TEJADA PISO 4,Cédula Ciudadanía,Masculino,70,NA,universitario
Puntos Vive Digital,secundaria,General,CARRERA 9 # 16-60 CENTRO CULTURAL LUCY TEJADA PISO 4,Cédula Ciudadanía,Femenino,66,NA,secundaria
Puntos Vive Digital,Tecnico,General,CARRERA 9 # 16-60 CENTRO CULTURAL LUCY TEJADA PISO 4,Cédula Ciudadanía,Masculino,19,NA,Tecnico
Puntos Vive Digital,Tecnico,General,CARRERA 9 # 16-60 CENTRO CULTURAL LUCY TEJADA PISO 4,Cédula Ciudadanía,Masculino,19,NA,Tecnico
Puntos Vive Digital,tecnologico,General,CARRERA 9 # 16-60 CENTRO CULTURAL LUCY TEJADA PISO 4,Cédula Ciudadanía,Femenino,19,NA,tecnologico
Puntos Vive Digital,Tecnico,General,CARRERA 9 # 16-60 CENTRO CULTURAL LUCY TEJADA PISO 4,Cédula Ciudadanía,Masculino,52,NA,Tecnico
Puntos Vive Digital,Secundaria,General,CARRERA 9 # 16-60 CENTRO CULTURAL LUCY TEJADA PISO 4,Cédula Ciudadanía,Masculino,27,NA,Secundaria
Puntos Vive Digital,Secundaria,General,CARRERA 9 # 16-60 CENTRO CULTURAL LUCY TEJADA PISO 4,Cédula Ciudadanía,Masculino,25,NA,Secundaria
Puntos Vive Digital,Secundaria,General,CARRERA 9 # 16-60 CENTRO CULTURAL LUCY TEJADA PISO 4,Cédula Ciudadanía,Masculino,49,mestizo,Secundaria
Puntos Vive Digital,Secundaria,General,CARRERA 9 # 16-60 CENTRO CULTURAL LUCY TEJADA PISO 4,Cédula Ciudadanía,Masculino,19,NA,Secundaria
Puntos Vive Digital,Tecnico,General,CARRERA 9 # 16-60 CENTRO CULTURAL LUCY TEJADA PISO 4,Tarjeta de Identidad,Masculino,17,NA,Tecnico
Puntos Vive Digital,universitario,General,CARRERA 9 # 16-60 CENTRO CULTURAL LUCY TEJADA PISO 4,Cédula Ciudadanía,Femenino,31,mestizo,universitario
Puntos Vive Digital,Secundaria,General,CARRERA 9 # 16-60 CENTRO CULTURAL LUCY TEJADA PISO 4,Cédula Ciudadanía,Masculino,46,NA,Secundaria
Puntos Vive Digital,Secundaria,General,CARRERA 9 # 16-60 CENTRO CULTURAL LUCY TEJADA PISO 4,Cédula Ciudadanía,Masculino,38,NA,Secundaria
Puntos Vive Digital,secundaria,General,CARRERA 9 # 16-60 CENTRO CULTURAL LUCY TEJADA PISO 4,Cédula Ciudadanía,Femenino,52,NA,secundaria
Puntos Vive Digital,universitario,General,CARRERA 9 # 16-60 CENTRO CULTURAL LUCY TEJADA PISO 4,Cédula Ciudadanía,Femenino,48,NA,universitario
Puntos Vive Digital,Secundaria,General,CARRERA 9 # 16-60 CENTRO CULTURAL LUCY TEJADA PISO 4,Cédula Ciudadanía,Masculino,25,NA,Secundaria
Puntos Vive Digital,Secundaria,General,CARRERA 9 # 16-60 CENTRO CULTURAL LUCY TEJADA PISO 4,Cédula Ciudadanía,Masculino,42,NA,Secundaria
Puntos Vive Digital,Secundaria,General,CARRERA 9 # 16-60 CENTRO CULTURAL LUCY TEJADA PISO 4,Cédula Ciudadanía,Masculino,42,NA,Secundaria
Puntos Vive Digital,Secundaria,General,CARRERA 9 # 16-60 CENTRO CULTURAL LUCY TEJADA PISO 4,Tarjeta de Identidad,Masculino,17,mestizo,Secundaria
Puntos Vive Digital,Secundaria,General,CARRERA 9 # 16-60 CENTRO CULTURAL LUCY TEJADA PISO 4,Tarjeta de Identidad,Masculino,17,mestizo,Secundaria
Puntos Vive Digital,Secundaria,General,CARRERA 9 # 16-60 CENTRO CULTURAL LUCY TEJADA PISO 4,Tarjeta de Identidad,Masculino,17,mestizo,Secundaria
Puntos Vive Digital,Secundaria,General,CARRERA 9 # 16-60 CENTRO CULTURAL LUCY TEJADA PISO 4,Tarjeta de Identidad,Masculino,17,mestizo,Secundaria
Puntos Vive Digital,Secundaria,General,CARRERA 9 # 16-60 CENTRO CULTURAL LUCY TEJADA PISO 4,Tarjeta de Identidad,Masculino,17,mestizo,Secundaria
Puntos Vive Digital,Secundaria,General,CARRERA 9 # 16-60 CENTRO CULTURAL LUCY TEJADA PISO 4,Cédula Ciudadanía,Masculino,46,NA,Secundaria
Puntos Vive Digital,Secundaria,General,CARRERA 9 # 16-60 CENTRO CULTURAL LUCY TEJADA PISO 4,Cédula Ciudadanía,Masculino,46,NA,Secundaria
Puntos Vive Digital,Secundaria,General,CARRERA 9 # 16-60 CENTRO CULTURAL LUCY TEJADA PISO 4,Cédula Ciudadanía,Masculino,38,NA,Secundaria
Puntos Vive Digital,universitario,General,CARRERA 9 # 16-60 CENTRO CULTURAL LUCY TEJADA PISO 4,Cédula Ciudadanía,Masculino,48,NA,universitario
Puntos Vive Digital,universitario,General,CARRERA 9 # 16-60 CENTRO CULTURAL LUCY TEJADA PISO 4,Cédula Ciudadanía,Masculino,48,NA,universitario
Puntos Vive Digital,universitario,General,CARRERA 9 # 16-60 CENTRO CULTURAL LUCY TEJADA PISO 4,Cédula Ciudadanía,Masculino,48,NA,universitario
Puntos Vive Digital,Secundaria,General,CARRERA 9 # 16-60 CENTRO CULTURAL LUCY TEJADA PISO 4,Cédula Ciudadanía,Masculino,49,mestizo,Secundaria
Puntos Vive Digital,secundaria,General,CARRERA 9 # 16-60 CENTRO CULTURAL LUCY TEJADA PISO 4,Cédula Ciudadanía,Femenino,52,NA,secundaria
Puntos Vive Digital,secundaria,General,CARRERA 9 # 16-60 CENTRO CULTURAL LUCY TEJADA PISO 4,Cédula Ciudadanía,Femenino,52,NA,secundaria
Puntos Vive Digital,Tecnico,General,CARRERA 9 # 16-60 CENTRO CULTURAL LUCY TEJADA PISO 4,Cédula Ciudadanía,Masculino,36,NA,Tecnico
Puntos Vive Digital,Tecnico,General,CARRERA 9 # 16-60 CENTRO CULTURAL LUCY TEJADA PISO 4,Tarjeta de Identidad,Masculino,17,NA,Tecnico
Puntos Vive Digital,Tecnico,General,CARRERA 9 # 16-60 CENTRO CULTURAL LUCY TEJADA PISO 4,Cédula Ciudadanía,Masculino,36,NA,Tecnico
Puntos Vive Digital,universitario,General,CARRERA 9 # 16-60 CENTRO CULTURAL LUCY TEJADA PISO 4,Cédula Ciudadanía,Femenino,31,mestizo,universitario
Puntos Vive Digital,universitario,General,CARRERA 9 # 16-60 CENTRO CULTURAL LUCY TEJADA PISO 4,Cédula Ciudadanía,Femenino,31,mestizo,universitario
Puntos Vive Digital,tecnologico,General,CARRERA 9 # 16-60 CENTRO CULTURAL LUCY TEJADA PISO 4,Cédula Ciudadanía,Masculino,38,NA,tecnologico
Puntos Vive Digital,tecnologico,General,CARRERA 9 # 16-60 CENTRO CULTURAL LUCY TEJADA PISO 4,Cédula Ciudadanía,Masculino,38,NA,tecnologico
Puntos Vive Digital,Secundaria,General,CENTRO ADMINISTRATIVO LA BELLA,Tarjeta de Identidad,Masculino,12,NA,Secundaria
Puntos Vive Digital,Tecnico,General,CENTRO ADMINISTRATIVO LA BELLA,Cédula Ciudadanía,Masculino,29,NA,Tecnico
Puntos Vive Digital,Primaria,General,CENTRO ADMINISTRATIVO LA BELLA,Tarjeta de Identidad,Masculino,11,NA,Primaria
Puntos Vive Digital,Primaria,General,CENTRO ADMINISTRATIVO LA BELLA,Tarjeta de Identidad,Masculino,11,NA,Primaria
Puntos Vive Digital,Primaria,General,CENTRO ADMINISTRATIVO LA BELLA,Tarjeta de Identidad,Masculino,11,NA,Primaria
Puntos Vive Digital,Secundaria,General,CENTRO ADMINISTRATIVO LA BELLA,Tarjeta de Identidad,Masculino,14,NA,Secundaria
Puntos Vive Digital,Primaria,General,CENTRO ADMINISTRATIVO LA BELLA,Tarjeta de Identidad,Masculino,8,NA,Primaria
Puntos Vive Digital,Secundaria,General,CENTRO ADMINISTRATIVO LA BELLA,Tarjeta de Identidad,Masculino,16,NA,Secundaria
Puntos Vive Digital,Secundaria,General,CENTRO ADMINISTRATIVO LA BELLA,Tarjeta de Identidad,Masculino,12,NA,Secundaria
Puntos Vive Digital,Primaria,General,CENTRO ADMINISTRATIVO LA BELLA,Tarjeta de Identidad,Masculino,11,NA,Primaria
Puntos Vive Digital,Tecnico,General,CENTRO ADMINISTRATIVO LA BELLA,Cédula Ciudadanía,Masculino,29,NA,Tecnico
Puntos Vive Digital,Primaria,General,CENTRO ADMINISTRATIVO LA BELLA,Tarjeta de Identidad,Masculino,10,NA,Primaria
Puntos Vive Digital,Primaria,General,CENTRO ADMINISTRATIVO LA BELLA,Tarjeta de Identidad,Masculino,11,NA,Primaria
Puntos Vive Digital,Primaria,General,CENTRO ADMINISTRATIVO LA BELLA,Tarjeta de Identidad,Masculino,10,NA,Primaria
Puntos Vive Digital,Primaria,General,CENTRO ADMINISTRATIVO LA BELLA,Tarjeta de Identidad,Masculino,11,NA,Primaria
Puntos Vive Digital,Primaria,General,CENTRO ADMINISTRATIVO LA BELLA,Tarjeta de Identidad,Masculino,10,NA,Primaria
Puntos Vive Digital,Primaria,General,CENTRO ADMINISTRATIVO LA BELLA,Tarjeta de Identidad,Masculino,11,NA,Primaria
Puntos Vive Digital,Primaria,General,CENTRO ADMINISTRATIVO LA BELLA,Tarjeta de Identidad,Masculino,9,NA,Primaria
Puntos Vive Digital,Secundaria,General,CENTRO ADMINISTRATIVO LA BELLA,Tarjeta de Identidad,Masculino,12,NA,Secundaria
Puntos Vive Digital,Secundaria,General,CENTRO ADMINISTRATIVO LA BELLA,Tarjeta de Identidad,Masculino,12,NA,Secundaria
Puntos Vive Digital,Primaria,General,CENTRO ADMINISTRATIVO LA BELLA,Tarjeta de Identidad,Masculino,10,NA,Primaria
Puntos Vive Digital,Secundaria,General,CENTRO ADMINISTRATIVO LA BELLA,Tarjeta de Identidad,Masculino,14,NA,Secundaria
Puntos Vive Digital,Secundaria,General,CENTRO ADMINISTRATIVO LA BELLA,Tarjeta de Identidad,Masculino,14,NA,Secundaria
Puntos Vive Digital,Primaria,General,CENTRO ADMINISTRATIVO LA BELLA,Tarjeta de Identidad,Masculino,8,NA,Primaria
Puntos Vive Digital,Secundaria,General,CENTRO ADMINISTRATIVO LA BELLA,Tarjeta de Identidad,Masculino,13,NA,Secundaria
Puntos Vive Digital,Primaria,General,CENTRO ADMINISTRATIVO LA BELLA,Tarjeta de Identidad,Masculino,11,NA,Primaria
Puntos Vive Digital,Primaria,General,CENTRO ADMINISTRATIVO LA BELLA,Tarjeta de Identidad,Masculino,9,NA,Primaria
Puntos Vive Digital,Primaria,General,CENTRO ADMINISTRATIVO LA BELLA,Tarjeta de Identidad,Masculino,10,NA,Primaria
Puntos Vive Digital,Primaria,General,CENTRO ADMINISTRATIVO LA BELLA,Tarjeta de Identidad,Masculino,10,NA,Primaria
Puntos Vive Digital,Primaria,General,CENTRO ADMINISTRATIVO LA BELLA,Tarjeta de Identidad,Masculino,11,NA,Primaria
Puntos Vive Digital,Primaria,General,CENTRO ADMINISTRATIVO LA BELLA,Tarjeta de Identidad,Masculino,12,NA,Primaria
Puntos Vive Digital,Secundaria,General,CENTRO ADMINISTRATIVO LA BELLA,Tarjeta de Identidad,Masculino,12,NA,Secundaria
Puntos Vive Digital,Secundaria,General,CENTRO ADMINISTRATIVO LA BELLA,Tarjeta de Identidad,Masculino,15,NA,Secundaria
Puntos Vive Digital,Secundaria,General,CENTRO ADMINISTRATIVO LA BELLA,Tarjeta de Identidad,Masculino,15,NA,Secundaria
Puntos Vive Digital,Primaria,General,CENTRO ADMINISTRATIVO LA BELLA,Tarjeta de Identidad,Masculino,10,NA,Primaria
Puntos Vive Digital,Primaria,General,CENTRO ADMINISTRATIVO LA BELLA,Tarjeta de Identidad,Masculino,9,NA,Primaria
Puntos Vive Digital,Secundaria,General,CENTRO ADMINISTRATIVO LA BELLA,Tarjeta de Identidad,Masculino,12,NA,Secundaria
Puntos Vive Digital,Primaria,General,CENTRO ADMINISTRATIVO LA BELLA,Tarjeta de Identidad,Masculino,11,NA,Primaria
Puntos Vive Digital,Primaria,General,CENTRO ADMINISTRATIVO LA BELLA,Tarjeta de Identidad,Masculino,12,NA,Primaria
Puntos Vive Digital,Primaria,General,CENTRO ADMINISTRATIVO LA BELLA,Tarjeta de Identidad,Masculino,11,NA,Primaria
Puntos Vive Digital,Primaria,General,CENTRO ADMINISTRATIVO LA BELLA,Tarjeta de Identidad,Masculino,11,NA,Primaria
Puntos Vive Digital,Primaria,General,CENTRO ADMINISTRATIVO LA BELLA,Tarjeta de Identidad,Masculino,11,NA,Primaria
Puntos Vive Digital,Primaria,General,CENTRO ADMINISTRATIVO LA BELLA,Tarjeta de Identidad,Masculino,10,NA,Primaria
Puntos Vive Digital,Primaria,General,CENTRO ADMINISTRATIVO LA BELLA,Tarjeta de Identidad,Masculino,12,NA,Primaria
Puntos Vive Digital,Primaria,General,CENTRO ADMINISTRATIVO LA BELLA,Tarjeta de Identidad,Masculino,13,NA,Primaria
Puntos Vive Digital,Primaria,General,CENTRO ADMINISTRATIVO LA BELLA,Tarjeta de Identidad,Masculino,10,NA,Primaria
Puntos Vive Digital,Primaria,General,CENTRO ADMINISTRATIVO LA BELLA,Tarjeta de Identidad,Masculino,11,NA,Primaria
Puntos Vive Digital,Primaria,General,CENTRO ADMINISTRATIVO LA BELLA,Tarjeta de Identidad,Masculino,9,NA,Primaria
Puntos Vive Digital,Primaria,General,CENTRO ADMINISTRATIVO LA BELLA,Tarjeta de Identidad,Masculino,10,NA,Primaria
Puntos Vive Digital,Secundaria,General,CENTRO ADMINISTRATIVO LA BELLA,Tarjeta de Identidad,Masculino,17,NA,Secundaria
Puntos Vive Digital,Secundaria,General,CENTRO ADMINISTRATIVO LA BELLA,Tarjeta de Identidad,Masculino,15,NA,Secundaria
Puntos Vive Digital,Secundaria,General,CENTRO ADMINISTRATIVO LA BELLA,Tarjeta de Identidad,Masculino,15,NA,Secundaria
Puntos Vive Digital,Secundaria,General,CENTRO ADMINISTRATIVO LA BELLA,Tarjeta de Identidad,Masculino,15,NA,Secundaria
Puntos Vive Digital,Primaria,General,CENTRO ADMINISTRATIVO LA BELLA,Tarjeta de Identidad,Masculino,12,NA,Primaria
Puntos Vive Digital,Secundaria,General,CENTRO ADMINISTRATIVO LA BELLA,Tarjeta de Identidad,Masculino,12,NA,Secundaria
Puntos Vive Digital,Secundaria,General,CENTRO ADMINISTRATIVO LA BELLA,Tarjeta de Identidad,Masculino,16,NA,Secundaria
Puntos Vive Digital,Primaria,General,CENTRO ADMINISTRATIVO LA BELLA,Tarjeta de Identidad,Masculino,11,NA,Primaria
Puntos Vive Digital,Primaria,General,CENTRO ADMINISTRATIVO LA BELLA,Tarjeta de Identidad,Masculino,11,NA,Primaria
Puntos Vive Digital,Primaria,General,CENTRO ADMINISTRATIVO LA BELLA,Tarjeta de Identidad,Masculino,12,NA,Primaria
Puntos Vive Digital,Primaria,General,CENTRO ADMINISTRATIVO LA BELLA,Tarjeta de Identidad,Masculino,11,NA,Primaria
Puntos Vive Digital,Primaria,General,CENTRO ADMINISTRATIVO LA BELLA,Tarjeta de Identidad,Masculino,10,NA,Primaria
Puntos Vive Digital,Primaria,General,CENTRO ADMINISTRATIVO LA BELLA,Tarjeta de Identidad,Masculino,11,NA,Primaria
Puntos Vive Digital,Primaria,General,CENTRO ADMINISTRATIVO LA BELLA,Tarjeta de Identidad,Masculino,10,NA,Primaria
Puntos Vive Digital,Primaria,General,CENTRO ADMINISTRATIVO LA BELLA,Tarjeta de Identidad,Masculino,7,NA,Primaria
Puntos Vive Digital,Primaria,General,CENTRO ADMINISTRATIVO LA BELLA,Tarjeta de Identidad,Masculino,11,NA,Primaria
Puntos Vive Digital,Primaria,General,CENTRO ADMINISTRATIVO LA BELLA,Tarjeta de Identidad,Masculino,11,NA,Primaria
Puntos Vive Digital,Primaria,General,CENTRO ADMINISTRATIVO LA BELLA,Tarjeta de Identidad,Masculino,11,NA,Primaria
Puntos Vive Digital,Secundaria,General,CENTRO ADMINISTRATIVO LA BELLA,Tarjeta de Identidad,Masculino,12,NA,Secundaria
Puntos Vive Digital,Secundaria,General,CENTRO ADMINISTRATIVO LA BELLA,Tarjeta de Identidad,Masculino,16,NA,Secundaria
Puntos Vive Digital,Primaria,General,CENTRO ADMINISTRATIVO LA BELLA,Tarjeta de Identidad,Masculino,16,NA,Primaria
Puntos Vive Digital,Primaria,General,CENTRO ADMINISTRATIVO LA BELLA,Tarjeta de Identidad,Masculino,9,NA,Primaria
Puntos Vive Digital,Primaria,General,CENTRO ADMINISTRATIVO LA BELLA,Tarjeta de Identidad,Masculino,11,NA,Primaria
Puntos Vive Digital,Primaria,General,CENTRO ADMINISTRATIVO LA BELLA,Tarjeta de Identidad,Masculino,9,NA,Primaria
Puntos Vive Digital,Secundaria,General,CENTRO ADMINISTRATIVO LA BELLA,Cédula Ciudadanía,Masculino,35,NA,Secundaria
Puntos Vive Digital,Primaria,General,CENTRO ADMINISTRATIVO LA BELLA,Tarjeta de Identidad,Masculino,8,NA,Primaria
Puntos Vive Digital,Primaria,General,CENTRO ADMINISTRATIVO LA BELLA,Tarjeta de Identidad,Masculino,8,NA,Primaria
Puntos Vive Digital,Primaria,General,CENTRO ADMINISTRATIVO LA BELLA,Tarjeta de Identidad,Masculino,10,NA,Primaria
Puntos Vive Digital,Secundaria,General,CENTRO ADMINISTRATIVO LA BELLA,Tarjeta de Identidad,Masculino,12,NA,Secundaria
Puntos Vive Digital,Primaria,General,CENTRO ADMINISTRATIVO LA BELLA,Tarjeta de Identidad,Masculino,16,NA,Primaria
Puntos Vive Digital,Primaria,General,CENTRO ADMINISTRATIVO LA BELLA,Tarjeta de Identidad,Masculino,11,NA,Primaria
Puntos Vive Digital,Primaria,General,CENTRO ADMINISTRATIVO LA BELLA,Tarjeta de Identidad,Masculino,11,NA,Primaria
Puntos Vive Digital,Primaria,General,CENTRO ADMINISTRATIVO LA BELLA,Tarjeta de Identidad,Masculino,9,NA,Primaria
Puntos Vive Digital,Secundaria,General,CENTRO ADMINISTRATIVO LA BELLA,Tarjeta de Identidad,Masculino,16,NA,Secundaria
Puntos Vive Digital,Primaria,General,CENTRO ADMINISTRATIVO LA BELLA,Tarjeta de Identidad,Masculino,9,NA,Primaria
Puntos Vive Digital,Primaria,General,CENTRO ADMINISTRATIVO LA BELLA,Tarjeta de Identidad,Masculino,11,NA,Primaria
Puntos Vive Digital,Primaria,General,CENTRO ADMINISTRATIVO LA BELLA,Tarjeta de Identidad,Masculino,11,NA,Primaria
Puntos Vive Digital,Secundaria,General,CENTRO ADMINISTRATIVO LA BELLA,Tarjeta de Identidad,Masculino,12,NA,Secundaria
Puntos Vive Digital,Secundaria,General,CENTRO ADMINISTRATIVO LA BELLA,Tarjeta de Identidad,Masculino,12,NA,Secundaria
Puntos Vive Digital,Secundaria,General,CENTRO ADMINISTRATIVO LA BELLA,Tarjeta de Identidad,Masculino,13,NA,Secundaria
Puntos Vive Digital,Secundaria,General,CENTRO ADMINISTRATIVO LA BELLA,Tarjeta de Identidad,Masculino,12,NA,Secundaria
Puntos Vive Digital,Secundaria,General,CENTRO ADMINISTRATIVO LA BELLA,Tarjeta de Identidad,Masculino,13,NA,Secundaria
Puntos Vive Digital,Secundaria,General,CENTRO ADMINISTRATIVO LA BELLA,Tarjeta de Identidad,Masculino,16,NA,Secundaria
Puntos Vive Digital,Secundaria,General,CENTRO ADMINISTRATIVO LA BELLA,Tarjeta de Identidad,Masculino,13,NA,Secundaria
Puntos Vive Digital,Secundaria,General,CENTRO ADMINISTRATIVO LA BELLA,Tarjeta de Identidad,Masculino,12,NA,Secundaria
Puntos Vive Digital,primaria,General,CENTRO ADMINISTRATIVO LA BELLA,Tarjeta de Identidad,Femenino,8,NA,primaria
Puntos Vive Digital,secundaria,General,CENTRO ADMINISTRATIVO LA BELLA,Tarjeta de Identidad,Femenino,16,NA,secundaria
Puntos Vive Digital,universitario,General,CENTRO ADMINISTRATIVO LA BELLA,Cédula Ciudadanía,Masculino,61,NA,universitario
Puntos Vive Digital,postgrado,General,CENTRO ADMINISTRATIVO LA BELLA,Cédula Ciudadanía,Femenino,69,NA,postgrado
Puntos Vive Digital,primaria,General,CENTRO ADMINISTRATIVO LA BELLA,Tarjeta de Identidad,Femenino,10,NA,primaria
Puntos Vive Digital,secundaria,General,CENTRO ADMINISTRATIVO LA BELLA,Tarjeta de Identidad,Femenino,14,NA,secundaria
Puntos Vive Digital,secundaria,General,CENTRO ADMINISTRATIVO LA BELLA,Tarjeta de Identidad,Femenino,13,NA,secundaria
Puntos Vive Digital,primaria,General,CENTRO ADMINISTRATIVO LA BELLA,Tarjeta de Identidad,Femenino,9,NA,primaria
Puntos Vive Digital,Primaria,General,CENTRO ADMINISTRATIVO LA BELLA,Tarjeta de Identidad,Masculino,11,NA,Primaria
Puntos Vive Digital,Secundaria,General,CENTRO ADMINISTRATIVO LA BELLA,Cédula Ciudadanía,Masculino,23,NA,Secundaria
Puntos Vive Digital,Secundaria,General,CENTRO ADMINISTRATIVO LA BELLA,Tarjeta de Identidad,Masculino,17,NA,Secundaria
Puntos Vive Digital,Primaria,General,CENTRO ADMINISTRATIVO LA BELLA,Tarjeta de Identidad,Masculino,10,NA,Primaria
Puntos Vive Digital,Secundaria,General,CENTRO ADMINISTRATIVO LA BELLA,Cédula Ciudadanía,Masculino,23,NA,Secundaria
Puntos Vive Digital,Secundaria,General,CENTRO ADMINISTRATIVO LA BELLA,Tarjeta de Identidad,Masculino,17,NA,Secundaria
Puntos Vive Digital,primaria,General,CENTRO ADMINISTRATIVO LA BELLA,Tarjeta de Identidad,Femenino,9,NA,primaria
Puntos Vive Digital,Primaria,General,CENTRO ADMINISTRATIVO LA BELLA,Tarjeta de Identidad,Masculino,12,NA,Primaria
Puntos Vive Digital,Primaria,General,CENTRO ADMINISTRATIVO LA BELLA,Tarjeta de Identidad,Masculino,11,NA,Primaria
Puntos Vive Digital,Primaria,General,CENTRO ADMINISTRATIVO LA BELLA,Tarjeta de Identidad,Masculino,12,NA,Primaria
Puntos Vive Digital,Primaria,General,CENTRO ADMINISTRATIVO LA BELLA,Tarjeta de Identidad,Masculino,11,NA,Primaria
Puntos Vive Digital,Primaria,General,CENTRO ADMINISTRATIVO LA BELLA,Tarjeta de Identidad,Masculino,12,NA,Primaria
Puntos Vive Digital,Primaria,General,CENTRO ADMINISTRATIVO LA BELLA,Tarjeta de Identidad,Masculino,16,NA,Primaria
Puntos Vive Digital,primaria,General,CENTRO ADMINISTRATIVO LA BELLA,Tarjeta de Identidad,Femenino,9,NA,primaria
Puntos Vive Digital,Primaria,General,CENTRO ADMINISTRATIVO LA BELLA,Tarjeta de Identidad,Masculino,12,NA,Primaria
Puntos Vive Digital,Primaria,General,CENTRO ADMINISTRATIVO LA BELLA,Tarjeta de Identidad,Masculino,11,NA,Primaria
Puntos Vive Digital,Secundaria,General,CENTRO ADMINISTRATIVO LA BELLA,Cédula Ciudadanía,Masculino,23,NA,Secundaria
Puntos Vive Digital,Primaria,General,CENTRO ADMINISTRATIVO LA BELLA,Tarjeta de Identidad,Masculino,11,NA,Primaria
Puntos Vive Digital,primaria,General,CENTRO ADMINISTRATIVO LA BELLA,Tarjeta de Identidad,Femenino,10,NA,primaria
Puntos Vive Digital,Secundaria,General,CENTRO ADMINISTRATIVO LA BELLA,Tarjeta de Identidad,Masculino,12,NA,Secundaria
Puntos Vive Digital,secundaria,General,CENTRO ADMINISTRATIVO LA BELLA,Tarjeta de Identidad,Femenino,14,NA,secundaria
Puntos Vive Digital,Secundaria,General,CENTRO ADMINISTRATIVO LA BELLA,Tarjeta de Identidad,Masculino,12,NA,Secundaria
Puntos Vive Digital,secundaria,General,CENTRO ADMINISTRATIVO LA BELLA,Tarjeta de Identidad,Femenino,16,NA,secundaria
Puntos Vive Digital,primaria,General,CENTRO ADMINISTRATIVO LA BELLA,Tarjeta de Identidad,Femenino,10,NA,primaria
Puntos Vive Digital,Primaria,General,CENTRO ADMINISTRATIVO LA BELLA,Tarjeta de Identidad,Masculino,12,NA,Primaria
Puntos Vive Digital,Primaria,General,CENTRO ADMINISTRATIVO LA BELLA,Tarjeta de Identidad,Masculino,11,NA,Primaria
Puntos Vive Digital,Primaria,General,CENTRO ADMINISTRATIVO LA BELLA,Tarjeta de Identidad,Masculino,7,NA,Primaria
Puntos Vive Digital,Secundaria,General,CENTRO ADMINISTRATIVO LA BELLA,Cédula Ciudadanía,Masculino,23,NA,Secundaria
Puntos Vive Digital,Primaria,General,AL LADO DEL PUESTO DE SALUD EL REMANSO,Tarjeta de Identidad,Masculino,15,NA,Primaria
Puntos Vive Digital,Secundaria,General,AL LADO DEL PUESTO DE SALUD EL REMANSO,Tarjeta de Identidad,Masculino,11,NA,Secundaria
Puntos Vive Digital,Secundaria,General,AL LADO DEL PUESTO DE SALUD EL REMANSO,Tarjeta de Identidad,Masculino,11,NA,Secundaria
Puntos Vive Digital,Secundaria,General,AL LADO DEL PUESTO DE SALUD EL REMANSO,Tarjeta de Identidad,Masculino,12,NA,Secundaria
Puntos Vive Digital,Secundaria,General,AL LADO DEL PUESTO DE SALUD EL REMANSO,Tarjeta de Identidad,Masculino,13,NA,Secundaria
Puntos Vive Digital,Secundaria,General,AL LADO DEL PUESTO DE SALUD EL REMANSO,Cédula Ciudadanía,Masculino,18,NA,Secundaria
Puntos Vive Digital,Secundaria,General,AL LADO DEL PUESTO DE SALUD EL REMANSO,Tarjeta de Identidad,Masculino,12,NA,Secundaria
Puntos Vive Digital,Primaria,General,AL LADO DEL PUESTO DE SALUD EL REMANSO,Tarjeta de Identidad,Masculino,9,NA,Primaria
Puntos Vive Digital,Secundaria,General,AL LADO DEL PUESTO DE SALUD EL REMANSO,Tarjeta de Identidad,Masculino,12,NA,Secundaria
Puntos Vive Digital,Primaria,General,AL LADO DEL PUESTO DE SALUD EL REMANSO,Tarjeta de Identidad,Masculino,7,NA,Primaria
Puntos Vive Digital,Primaria,General,AL LADO DEL PUESTO DE SALUD EL REMANSO,Tarjeta de Identidad,Masculino,9,NA,Primaria
Puntos Vive Digital,Secundaria,General,AL LADO DEL PUESTO DE SALUD EL REMANSO,Tarjeta de Identidad,Masculino,13,NA,Secundaria
Puntos Vive Digital,Secundaria,General,AL LADO DEL PUESTO DE SALUD EL REMANSO,Tarjeta de Identidad,Masculino,15,NA,Secundaria
Puntos Vive Digital,Primaria,General,AL LADO DEL PUESTO DE SALUD EL REMANSO,Tarjeta de Identidad,Masculino,9,NA,Primaria
Puntos Vive Digital,Secundaria,General,AL LADO DEL PUESTO DE SALUD EL REMANSO,Tarjeta de Identidad,Masculino,13,NA,Secundaria
Puntos Vive Digital,Secundaria,General,AL LADO DEL PUESTO DE SALUD EL REMANSO,Tarjeta de Identidad,Masculino,12,NA,Secundaria
Puntos Vive Digital,Primaria,General,AL LADO DEL PUESTO DE SALUD EL REMANSO,Tarjeta de Identidad,Masculino,9,NA,Primaria
Puntos Vive Digital,Secundaria,General,AL LADO DEL PUESTO DE SALUD EL REMANSO,Tarjeta de Identidad,Masculino,13,NA,Secundaria
Puntos Vive Digital,Primaria,General,AL LADO DEL PUESTO DE SALUD EL REMANSO,Tarjeta de Identidad,Masculino,15,NA,Primaria
Puntos Vive Digital,Secundaria,General,AL LADO DEL PUESTO DE SALUD EL REMANSO,Tarjeta de Identidad,Masculino,13,NA,Secundaria
Puntos Vive Digital,Secundaria,General,AL LADO DEL PUESTO DE SALUD EL REMANSO,Tarjeta de Identidad,Masculino,12,NA,Secundaria
Puntos Vive Digital,Secundaria,General,AL LADO DEL PUESTO DE SALUD EL REMANSO,Tarjeta de Identidad,Masculino,12,NA,Secundaria
Puntos Vive Digital,Primaria,General,AL LADO DEL PUESTO DE SALUD EL REMANSO,Tarjeta de Identidad,Masculino,10,NA,Primaria
Puntos Vive Digital,Secundaria,General,AL LADO DEL PUESTO DE SALUD EL REMANSO,Tarjeta de Identidad,Masculino,12,NA,Secundaria
Puntos Vive Digital,Profesional,General,AL LADO DEL PUESTO DE SALUD EL REMANSO,Cédula Ciudadanía,Masculino,24,NA,Profesional
Puntos Vive Digital,Secundaria,General,AL LADO DEL PUESTO DE SALUD EL REMANSO,Tarjeta de Identidad,Masculino,12,NA,Secundaria
Puntos Vive Digital,Secundaria,General,AL LADO DEL PUESTO DE SALUD EL REMANSO,Tarjeta de Identidad,Masculino,13,NA,Secundaria
Puntos Vive Digital,Secundaria,General,AL LADO DEL PUESTO DE SALUD EL REMANSO,Tarjeta de Identidad,Masculino,13,NA,Secundaria
Puntos Vive Digital,Primaria,General,AL LADO DEL PUESTO DE SALUD EL REMANSO,Tarjeta de Identidad,Masculino,9,NA,Primaria
Puntos Vive Digital,Secundaria,General,AL LADO DEL PUESTO DE SALUD EL REMANSO,Tarjeta de Identidad,Masculino,12,NA,Secundaria
Puntos Vive Digital,Secundaria,General,AL LADO DEL PUESTO DE SALUD EL REMANSO,Tarjeta de Identidad,Masculino,12,NA,Secundaria
Puntos Vive Digital,Primaria,General,AL LADO DEL PUESTO DE SALUD EL REMANSO,Tarjeta de Identidad,Masculino,9,NA,Primaria
Puntos Vive Digital,Secundaria,General,AL LADO DEL PUESTO DE SALUD EL REMANSO,Tarjeta de Identidad,Masculino,13,NA,Secundaria
Puntos Vive Digital,Primaria,General,AL LADO DEL PUESTO DE SALUD EL REMANSO,Tarjeta de Identidad,Masculino,15,NA,Primaria
Puntos Vive Digital,Secundaria,General,AL LADO DEL PUESTO DE SALUD EL REMANSO,Tarjeta de Identidad,Masculino,12,NA,Secundaria
Puntos Vive Digital,Primaria,General,AL LADO DEL PUESTO DE SALUD EL REMANSO,Tarjeta de Identidad,Masculino,9,NA,Primaria
Puntos Vive Digital,tecnologico,General,AL LADO DEL PUESTO DE SALUD EL REMANSO,Cédula Ciudadanía,Masculino,19,NA,tecnologico
Puntos Vive Digital,Secundaria,General,AL LADO DEL PUESTO DE SALUD EL REMANSO,Tarjeta de Identidad,Masculino,17,NA,Secundaria
Puntos Vive Digital,Primaria,General,AL LADO DEL PUESTO DE SALUD EL REMANSO,Tarjeta de Identidad,Masculino,9,NA,Primaria
Puntos Vive Digital,Secundaria,General,AL LADO DEL PUESTO DE SALUD EL REMANSO,Cédula Ciudadanía,Masculino,27,NA,Secundaria
Puntos Vive Digital,Secundaria,General,AL LADO DEL PUESTO DE SALUD EL REMANSO,Tarjeta de Identidad,Masculino,13,NA,Secundaria
Puntos Vive Digital,Primaria,General,AL LADO DEL PUESTO DE SALUD EL REMANSO,Tarjeta de Identidad,Masculino,9,NA,Primaria
Puntos Vive Digital,Secundaria,General,AL LADO DEL PUESTO DE SALUD EL REMANSO,Tarjeta de Identidad,Masculino,11,NA,Secundaria
Puntos Vive Digital,Secundaria,General,AL LADO DEL PUESTO DE SALUD EL REMANSO,Tarjeta de Identidad,Masculino,11,NA,Secundaria
Puntos Vive Digital,Secundaria,General,AL LADO DEL PUESTO DE SALUD EL REMANSO,Tarjeta de Identidad,Masculino,13,NA,Secundaria
Puntos Vive Digital,Primaria,General,AL LADO DEL PUESTO DE SALUD EL REMANSO,Tarjeta de Identidad,Masculino,9,NA,Primaria
Puntos Vive Digital,Secundaria,General,AL LADO DEL PUESTO DE SALUD EL REMANSO,Tarjeta de Identidad,Masculino,12,NA,Secundaria
Puntos Vive Digital,Primaria,General,AL LADO DEL PUESTO DE SALUD EL REMANSO,Tarjeta de Identidad,Masculino,10,NA,Primaria
Puntos Vive Digital,Secundaria,General,AL LADO DEL PUESTO DE SALUD EL REMANSO,Otro,Masculino,13,NA,Secundaria
Puntos Vive Digital,Secundaria,General,AL LADO DEL PUESTO DE SALUD EL REMANSO,Tarjeta de Identidad,Masculino,13,NA,Secundaria
Puntos Vive Digital,Secundaria,General,AL LADO DEL PUESTO DE SALUD EL REMANSO,Tarjeta de Identidad,Masculino,13,NA,Secundaria
Puntos Vive Digital,Primaria,General,AL LADO DEL PUESTO DE SALUD EL REMANSO,Tarjeta de Identidad,Masculino,9,NA,Primaria
Puntos Vive Digital,Secundaria,General,AL LADO DEL PUESTO DE SALUD EL REMANSO,Tarjeta de Identidad,Masculino,12,NA,Secundaria
Puntos Vive Digital,Primaria,General,AL LADO DEL PUESTO DE SALUD EL REMANSO,Registro Civil,Masculino,5,NA,Primaria
Puntos Vive Digital,Secundaria,General,AL LADO DEL PUESTO DE SALUD EL REMANSO,Tarjeta de Identidad,Masculino,13,NA,Secundaria
Puntos Vive Digital,Primaria,General,AL LADO DEL PUESTO DE SALUD EL REMANSO,Tarjeta de Identidad,Masculino,10,NA,Primaria
Puntos Vive Digital,Primaria,General,AL LADO DEL PUESTO DE SALUD EL REMANSO,Tarjeta de Identidad,Masculino,11,NA,Primaria
Puntos Vive Digital,Primaria,General,AL LADO DEL PUESTO DE SALUD EL REMANSO,Tarjeta de Identidad,Masculino,12,NA,Primaria
Puntos Vive Digital,tecnologico,General,AL LADO DEL PUESTO DE SALUD EL REMANSO,Cédula Ciudadanía,Masculino,19,NA,tecnologico
Puntos Vive Digital,Secundaria,General,AL LADO DEL PUESTO DE SALUD EL REMANSO,Tarjeta de Identidad,Masculino,17,NA,Secundaria
Puntos Vive Digital,Primaria,General,AL LADO DEL PUESTO DE SALUD EL REMANSO,Tarjeta de Identidad,Masculino,9,NA,Primaria
Puntos Vive Digital,Secundaria,General,AL LADO DEL PUESTO DE SALUD EL REMANSO,Tarjeta de Identidad,Masculino,13,NA,Secundaria
Puntos Vive Digital,Profesional,General,AL LADO DEL PUESTO DE SALUD EL REMANSO,Cédula Ciudadanía,Masculino,35,NA,Profesional
Puntos Vive Digital,Primaria,General,AL LADO DEL PUESTO DE SALUD EL REMANSO,Tarjeta de Identidad,Masculino,9,NA,Primaria
Puntos Vive Digital,Secundaria,General,AL LADO DEL PUESTO DE SALUD EL REMANSO,Cédula Ciudadanía,Masculino,18,NA,Secundaria
Puntos Vive Digital,Secundaria,General,AL LADO DEL PUESTO DE SALUD EL REMANSO,Tarjeta de Identidad,Masculino,15,NA,Secundaria
Puntos Vive Digital,Secundaria,General,AL LADO DEL PUESTO DE SALUD EL REMANSO,Tarjeta de Identidad,Masculino,14,NA,Secundaria
Puntos Vive Digital,Secundaria,General,AL LADO DEL PUESTO DE SALUD EL REMANSO,Tarjeta de Identidad,Masculino,17,NA,Secundaria
Puntos Vive Digital,Secundaria,General,AL LADO DEL PUESTO DE SALUD EL REMANSO,Tarjeta de Identidad,Masculino,15,NA,Secundaria
Puntos Vive Digital,Secundaria,General,AL LADO DEL PUESTO DE SALUD EL REMANSO,Cédula Ciudadanía,Masculino,18,NA,Secundaria
Puntos Vive Digital,Secundaria,General,AL LADO DEL PUESTO DE SALUD EL REMANSO,Tarjeta de Identidad,Masculino,13,NA,Secundaria
Puntos Vive Digital,Secundaria,General,AL LADO DEL PUESTO DE SALUD EL REMANSO,Tarjeta de Identidad,Masculino,12,NA,Secundaria
Puntos Vive Digital,Profesional,General,AL LADO DEL PUESTO DE SALUD EL REMANSO,Cédula Ciudadanía,Masculino,35,NA,Profesional
Puntos Vive Digital,Primaria,General,AL LADO DEL PUESTO DE SALUD EL REMANSO,Tarjeta de Identidad,Masculino,9,NA,Primaria
Puntos Vive Digital,Secundaria,General,AL LADO DEL PUESTO DE SALUD EL REMANSO,Tarjeta de Identidad,Masculino,12,NA,Secundaria
Puntos Vive Digital,Primaria,General,AL LADO DEL PUESTO DE SALUD EL REMANSO,Tarjeta de Identidad,Masculino,10,NA,Primaria
Puntos Vive Digital,Primaria,General,AL LADO DEL PUESTO DE SALUD EL REMANSO,Tarjeta de Identidad,Masculino,10,NA,Primaria
Puntos Vive Digital,Primaria,General,AL LADO DEL PUESTO DE SALUD EL REMANSO,Tarjeta de Identidad,Masculino,11,NA,Primaria
Puntos Vive Digital,Secundaria,General,AL LADO DEL PUESTO DE SALUD EL REMANSO,Cédula Ciudadanía,Masculino,50,NA,Secundaria
Puntos Vive Digital,Primaria,General,AL LADO DEL PUESTO DE SALUD EL REMANSO,Tarjeta de Identidad,Masculino,9,NA,Primaria
Puntos Vive Digital,Primaria,General,AL LADO DEL PUESTO DE SALUD EL REMANSO,Tarjeta de Identidad,Masculino,10,NA,Primaria
Puntos Vive Digital,Primaria,General,AL LADO DEL PUESTO DE SALUD EL REMANSO,Tarjeta de Identidad,Masculino,10,NA,Primaria
Puntos Vive Digital,Primaria,General,AL LADO DEL PUESTO DE SALUD EL REMANSO,Tarjeta de Identidad,Masculino,11,NA,Primaria
Puntos Vive Digital,Secundaria,General,AL LADO DEL PUESTO DE SALUD EL REMANSO,Tarjeta de Identidad,Masculino,12,NA,Secundaria
Puntos Vive Digital,Primaria,General,AL LADO DEL PUESTO DE SALUD EL REMANSO,Tarjeta de Identidad,Masculino,11,NA,Primaria
Puntos Vive Digital,Primaria,General,AL LADO DEL PUESTO DE SALUD EL REMANSO,Tarjeta de Identidad,Masculino,10,NA,Primaria
Puntos Vive Digital,Secundaria,General,AL LADO DEL PUESTO DE SALUD EL REMANSO,Cédula Ciudadanía,Masculino,50,NA,Secundaria
Puntos Vive Digital,Primaria,General,AL LADO DEL PUESTO DE SALUD EL REMANSO,Tarjeta de Identidad,Masculino,9,Afrocolombiano,Primaria
Puntos Vive Digital,secundaria,General,AL LADO DEL PUESTO DE SALUD EL REMANSO,Tarjeta de Identidad,Femenino,11,mestizo,secundaria
Puntos Vive Digital,primaria,General,AL LADO DEL PUESTO DE SALUD EL REMANSO,Tarjeta de Identidad,Femenino,10,Afrocolombiano,primaria
Puntos Vive Digital,Primaria,General,AL LADO DEL PUESTO DE SALUD EL REMANSO,Tarjeta de Identidad,Masculino,7,mestizo,Primaria
Puntos Vive Digital,Primaria,General,AL LADO DEL PUESTO DE SALUD EL REMANSO,Tarjeta de Identidad,Masculino,9,mestizo,Primaria
Puntos Vive Digital,Secundaria,General,AL LADO DEL PUESTO DE SALUD EL REMANSO,Cédula Ciudadanía,Masculino,40,mestizo,Secundaria
Puntos Vive Digital,Primaria,General,AL LADO DEL PUESTO DE SALUD EL REMANSO,Tarjeta de Identidad,Masculino,9,Afrocolombiano,Primaria
Puntos Vive Digital,Secundaria,General,AL LADO DEL PUESTO DE SALUD EL REMANSO,Cédula Ciudadanía,Masculino,50,mestizo,Secundaria
Puntos Vive Digital,tecnico,General,AL LADO DEL PUESTO DE SALUD EL REMANSO,Cédula Ciudadanía,Femenino,24,mestizo,tecnico
Puntos Vive Digital,primaria,General,AL LADO DEL PUESTO DE SALUD EL REMANSO,Tarjeta de Identidad,Femenino,11,mestizo,primaria
Puntos Vive Digital,primaria,General,AL LADO DEL PUESTO DE SALUD EL REMANSO,Tarjeta de Identidad,Femenino,10,mestizo,primaria
